date,AWND,PRCP,SNOW,SNWD,TMAX,TMIN
1985-01-01,,0.011811023622047244,,,55.94,48.02
1985-01-02,,0.14960629921259844,,,59.0,39.02
1985-01-03,,0.5393700787401575,,,41.0,33.08
1985-01-04,,0.05905511811023623,,,35.96,32.0
1985-01-05,,0.3188976377952756,,,39.92,30.92
1985-01-06,,0.0,,,44.96,30.92
1985-01-07,,0.0,,,44.96,39.92
1985-01-08,,0.0,,,42.08,24.98
1985-01-09,,0.0,,,28.94,17.06
1985-01-10,,0.0,,,28.04,17.96
1985-01-11,,0.20866141732283466,,,28.04,19.939999999999998
1985-01-12,,0.0,,,33.98,17.06
1985-01-13,,0.0,,,37.94,24.98
1985-01-14,,0.0,,,44.06,30.92
1985-01-15,,0.0,,,35.96,21.02
1985-01-16,,0.0,,,28.04,15.979999999999997
1985-01-17,,0.07086614173228346,,,35.06,24.08
1985-01-18,,0.0,,,37.04,28.04
1985-01-19,,0.0,,,39.02,28.94
1985-01-20,,0.07086614173228346,,,28.94,3.919999999999998
1985-01-21,,0.0,,,12.920000000000002,-2.019999999999996
1985-01-22,,0.0,,,28.94,12.020000000000003
1985-01-23,,0.0,,,32.0,21.92
1985-01-24,,0.0,,,37.94,26.96
1985-01-25,,0.11811023622047245,,,44.06,30.02
1985-01-26,,0.2992125984251969,,,30.02,21.02
1985-01-27,,0.0,,,28.94,17.06
1985-01-28,,0.0,,,42.980000000000004,24.08
1985-01-29,,0.0,,,39.92,24.08
1985-01-30,,0.0,,,37.94,24.08
1985-01-31,,0.1889763779527559,,,37.04,26.96
1985-02-01,,0.5984251968503937,,,37.04,33.98
1985-02-02,,0.3503937007874016,,,35.96,32.0
1985-02-03,,0.0,,,32.0,21.02
1985-02-04,,0.0,,,33.98,17.96
1985-02-05,,0.20078740157480315,,,35.96,23.0
1985-02-06,,0.07874015748031496,,,35.06,28.04
1985-02-07,,0.0,,,32.0,19.939999999999998
1985-02-08,,0.0,,,24.08,15.979999999999997
1985-02-09,,0.0,,,33.08,21.02
1985-02-10,,0.0,,,44.96,21.92
1985-02-11,,0.0,,,42.08,26.060000000000002
1985-02-12,,0.4409448818897638,,,48.92,35.06
1985-02-13,,0.0,,,39.02,33.08
1985-02-14,,0.0,,,37.94,28.94
1985-02-15,,0.0,,,39.92,26.96
1985-02-16,,0.0,,,35.96,23.0
1985-02-17,,0.0,,,42.980000000000004,33.08
1985-02-18,,0.0,,,51.08,30.92
1985-02-19,,0.0,,,53.06,35.06
1985-02-20,,0.0,,,41.0,30.92
1985-02-21,,0.0,,,46.94,30.02
1985-02-22,,0.0,,,53.96,42.08
1985-02-23,,0.0,,,55.04,46.94
1985-02-24,,0.0,,,59.0,46.94
1985-02-25,,0.0,,,66.92,44.06
1985-02-26,,0.05905511811023623,,,48.92,42.980000000000004
1985-02-27,,0.0,,,59.0,33.98
1985-02-28,,0.0,,,44.96,26.060000000000002
1985-03-01,,0.16141732283464566,,,48.02,35.06
1985-03-02,,0.2992125984251969,,,62.059999999999995,44.06
1985-03-03,,0.0,,,48.92,33.08
1985-03-04,,0.03149606299212599,,,51.98,37.04
1985-03-05,,0.2283464566929134,,,66.02,37.94
1985-03-06,,0.0,,,41.0,30.92
1985-03-07,,0.0,,,42.980000000000004,28.94
1985-03-08,,0.07086614173228346,,,53.96,42.980000000000004
1985-03-09,,0.0,,,55.94,42.08
1985-03-10,,0.0,,,55.94,37.04
1985-03-11,,0.0,,,53.96,41.0
1985-03-12,,0.531496062992126,,,57.02,46.04
1985-03-13,,0.0,,,60.08,42.08
1985-03-14,,0.0,,,59.0,46.04
1985-03-15,,0.0,,,51.98,35.96
1985-03-16,,0.0,,,46.04,30.02
1985-03-17,,0.0,,,57.92,37.04
1985-03-18,,0.0,,,42.08,28.94
1985-03-19,,0.0,,,46.04,23.0
1985-03-20,,0.0,,,62.059999999999995,42.08
1985-03-21,,0.0,,,48.02,33.98
1985-03-22,,0.011811023622047244,,,44.06,37.04
1985-03-23,,0.6614173228346457,,,44.96,42.08
1985-03-24,,0.4409448818897638,,,44.96,35.06
1985-03-25,,0.01968503937007874,,,51.08,35.06
1985-03-26,,0.0,,,55.94,30.92
1985-03-27,,0.0,,,62.059999999999995,42.980000000000004
1985-03-28,,0.0,,,71.96,53.06
1985-03-29,,0.0,,,75.92,57.92
1985-03-30,,0.05118110236220473,,,66.02,46.94
1985-03-31,,0.07874015748031496,,,48.02,42.980000000000004
1985-04-01,,0.0,,,60.08,42.08
1985-04-02,,0.0,,,46.94,37.04
1985-04-03,,0.0,,,50.0,35.96
1985-04-04,,0.0,,,60.08,44.06
1985-04-05,,0.0,,,57.92,51.08
1985-04-06,,0.0,,,68.0,53.06
1985-04-07,,0.20866141732283466,,,57.92,46.04
1985-04-08,,0.011811023622047244,,,51.98,37.94
1985-04-09,,0.1889763779527559,,,39.02,32.0
1985-04-10,,0.0,,,44.96,26.96
1985-04-11,,0.011811023622047244,,,55.94,42.08
1985-04-12,,0.0,,,62.959999999999994,46.04
1985-04-13,,0.0,,,53.96,48.92
1985-04-14,,0.0,,,57.02,48.92
1985-04-15,,0.27165354330708663,,,55.04,50.0
1985-04-16,,0.0,,,66.02,53.96
1985-04-17,,0.0,,,62.059999999999995,46.04
1985-04-18,,0.0,,,57.92,46.04
1985-04-19,,0.0,,,89.96000000000001,57.92
1985-04-20,,0.0,,,69.08,51.08
1985-04-21,,0.0,,,66.02,50.0
1985-04-22,,0.0,,,75.02,55.04
1985-04-23,,0.0,,,57.92,48.02
1985-04-24,,0.16141732283464566,,,53.96,51.08
1985-04-25,,0.11811023622047245,,,62.959999999999994,51.08
1985-04-26,,0.0,,,82.94,53.06
1985-04-27,,0.0,,,75.02,53.06
1985-04-28,,0.0,,,62.959999999999994,51.08
1985-04-29,,0.0,,,60.980000000000004,48.02
1985-04-30,,0.0,,,71.06,50.0
1985-05-01,,0.0,,,69.08,59.0
1985-05-02,,0.16929133858267717,,,60.08,48.02
1985-05-03,,0.8897637795275591,,,51.98,46.04
1985-05-04,,0.0,,,60.08,42.08
1985-05-05,,0.0,,,62.059999999999995,51.98
1985-05-06,,0.0,,,82.04,57.92
1985-05-07,,0.0,,,73.04,55.94
1985-05-08,,0.0,,,69.98,51.08
1985-05-09,,0.0,,,62.059999999999995,46.94
1985-05-10,,0.0,,,69.98,57.02
1985-05-11,,0.0,,,73.94,60.980000000000004
1985-05-12,,0.0,,,66.02,60.08
1985-05-13,,0.0,,,71.96,60.980000000000004
1985-05-14,,0.0,,,78.98,55.04
1985-05-15,,0.0,,,59.0,51.08
1985-05-16,,0.0,,,68.0,55.94
1985-05-17,,0.7401574803149606,,,60.08,57.92
1985-05-18,,0.11023622047244094,,,68.0,55.04
1985-05-19,,0.0,,,68.0,50.0
1985-05-20,,0.0,,,71.96,59.0
1985-05-21,,0.751968503937008,,,69.98,62.059999999999995
1985-05-22,,0.0,,,71.96,60.980000000000004
1985-05-23,,0.8503937007874017,,,62.959999999999994,55.04
1985-05-24,,0.0,,,64.04,57.02
1985-05-25,,0.05118110236220473,,,69.08,55.94
1985-05-26,,0.0,,,80.96,59.0
1985-05-27,,0.0,,,78.08,66.02
1985-05-28,,1.3818897637795278,,,80.06,60.980000000000004
1985-05-29,,0.07086614173228346,,,60.980000000000004,55.94
1985-05-30,,0.0,,,66.92,51.98
1985-05-31,,0.0,,,66.92,60.980000000000004
1985-06-01,,0.0,,,84.91999999999999,64.04
1985-06-02,,0.0,,,80.06,60.08
1985-06-03,,0.0,,,80.06,66.02
1985-06-04,,0.0,,,69.98,62.959999999999994
1985-06-05,,0.6614173228346457,,,69.98,60.08
1985-06-06,,0.0,,,71.96,57.02
1985-06-07,,0.0,,,66.02,59.0
1985-06-08,,0.5590551181102362,,,62.959999999999994,59.0
1985-06-09,,0.0,,,75.02,60.08
1985-06-10,,0.0,,,89.96000000000001,71.06
1985-06-11,,0.0,,,78.98,66.92
1985-06-12,,0.01968503937007874,,,82.94,62.059999999999995
1985-06-13,,0.11023622047244094,,,68.0,55.94
1985-06-14,,0.0,,,71.96,55.94
1985-06-15,,0.0,,,73.94,60.08
1985-06-16,,0.16141732283464566,,,73.94,62.059999999999995
1985-06-17,,0.011811023622047244,,,78.98,62.059999999999995
1985-06-18,,0.05905511811023623,,,80.96,69.08
1985-06-19,,0.0,,,78.98,66.02
1985-06-20,,0.0,,,78.98,62.059999999999995
1985-06-21,,0.0,,,73.94,57.92
1985-06-22,,0.0,,,75.02,64.94
1985-06-23,,0.011811023622047244,,,73.94,68.0
1985-06-24,,0.0,,,75.02,66.92
1985-06-25,,0.0,,,75.92,60.980000000000004
1985-06-26,,0.0,,,66.92,57.92
1985-06-27,,0.0,,,68.0,57.92
1985-06-28,,0.7598425196850395,,,69.98,55.94
1985-06-29,,0.03937007874015748,,,75.02,60.08
1985-06-30,,0.0,,,73.04,64.04
1985-07-01,,0.0,,,69.08,62.959999999999994
1985-07-02,,0.0,,,73.04,62.059999999999995
1985-07-03,,0.0,,,82.94,66.92
1985-07-04,,0.0,,,82.94,69.98
1985-07-05,,0.0,,,75.92,71.96
1985-07-06,,0.0,,,75.02,71.06
1985-07-07,,0.0,,,84.02,69.98
1985-07-08,,1.141732283464567,,,78.08,62.059999999999995
1985-07-09,,0.0,,,80.96,66.92
1985-07-10,,0.01968503937007874,,,84.02,71.96
1985-07-11,,0.0,,,82.94,71.96
1985-07-12,,0.0,,,82.04,69.98
1985-07-13,,0.0,,,84.02,71.96
1985-07-14,,0.0,,,82.94,73.94
1985-07-15,,0.0905511811023622,,,78.08,73.94
1985-07-16,,0.05118110236220473,,,80.06,71.96
1985-07-17,,0.0,,,78.08,69.08
1985-07-18,,0.0,,,80.96,66.02
1985-07-19,,0.0,,,84.02,66.02
1985-07-20,,0.0,,,89.96000000000001,71.96
1985-07-21,,0.0,,,86.0,73.94
1985-07-22,,0.0,,,89.06,73.94
1985-07-23,,0.0,,,78.08,66.92
1985-07-24,,0.0,,,78.98,64.04
1985-07-25,,0.01968503937007874,,,84.02,73.94
1985-07-26,,0.14960629921259844,,,78.08,73.94
1985-07-27,,1.389763779527559,,,80.06,66.02
1985-07-28,,0.0,,,80.96,66.02
1985-07-29,,0.03937007874015748,,,77.0,66.92
1985-07-30,,0.0,,,82.04,66.92
1985-07-31,,0.46850393700787407,,,78.98,71.06
1985-08-01,,0.0,,,75.02,64.94
1985-08-02,,0.0,,,73.04,64.04
1985-08-03,,0.0,,,75.92,62.059999999999995
1985-08-04,,0.0,,,78.98,64.04
1985-08-05,,0.0,,,80.06,68.0
1985-08-06,,0.0,,,80.06,69.08
1985-08-07,,0.03149606299212599,,,78.98,69.98
1985-08-08,,1.2401574803149606,,,75.92,68.0
1985-08-09,,0.0,,,82.04,69.98
1985-08-10,,0.0,,,82.04,73.94
1985-08-11,,0.0,,,82.94,69.98
1985-08-12,,0.0,,,82.94,68.0
1985-08-13,,0.0,,,82.94,68.0
1985-08-14,,0.0,,,89.06,75.92
1985-08-15,,0.0,,,89.96000000000001,77.0
1985-08-16,,0.0,,,89.06,71.96
1985-08-17,,0.0,,,77.0,69.08
1985-08-18,,0.14960629921259844,,,78.08,71.96
1985-08-19,,0.8897637795275591,,,80.96,71.06
1985-08-20,,0.0905511811023622,,,80.06,69.98
1985-08-21,,0.5787401574803149,,,73.94,64.94
1985-08-22,,0.0,,,78.08,60.980000000000004
1985-08-23,,0.0,,,82.04,60.08
1985-08-24,,0.0,,,78.98,66.92
1985-08-25,,0.07874015748031496,,,77.0,69.98
1985-08-26,,0.3188976377952756,,,80.96,71.06
1985-08-27,,0.0,,,82.04,71.96
1985-08-28,,0.0,,,82.94,66.02
1985-08-29,,0.0,,,84.91999999999999,66.92
1985-08-30,,0.03937007874015748,,,80.96,71.96
1985-08-31,,0.011811023622047244,,,71.96,62.959999999999994
1985-09-01,,0.0,,,69.98,62.059999999999995
1985-09-02,,0.0,,,82.04,68.0
1985-09-03,,0.0,,,80.96,71.96
1985-09-04,,0.0,,,91.94,73.94
1985-09-05,,0.0,,,91.94,75.02
1985-09-06,,0.0,,,91.94,75.92
1985-09-07,,0.0,,,82.94,73.94
1985-09-08,,0.14173228346456693,,,89.96000000000001,73.04
1985-09-09,,0.0,,,84.02,73.94
1985-09-10,,0.14960629921259844,,,82.04,71.06
1985-09-11,,0.0,,,73.94,62.059999999999995
1985-09-12,,0.0,,,71.96,53.96
1985-09-13,,0.0,,,62.959999999999994,51.08
1985-09-14,,0.0,,,71.06,48.02
1985-09-15,,0.0,,,71.06,51.08
1985-09-16,,0.0,,,75.02,53.96
1985-09-17,,0.0,,,73.04,57.92
1985-09-18,,0.0,,,73.94,55.94
1985-09-19,,0.0,,,78.98,60.08
1985-09-20,,0.0,,,77.0,64.04
1985-09-21,,0.0,,,77.0,62.959999999999994
1985-09-22,,0.0,,,75.92,66.92
1985-09-23,,0.0984251968503937,,,71.96,69.08
1985-09-24,,0.05905511811023623,,,80.06,66.92
1985-09-25,,0.0,,,73.04,57.02
1985-09-26,,0.4488188976377953,,,73.04,66.92
1985-09-27,,1.1692913385826773,,,73.04,62.059999999999995
1985-09-28,,0.0,,,73.94,55.94
1985-09-29,,0.0,,,73.94,55.94
1985-09-30,,0.0,,,73.04,60.980000000000004
1985-10-01,,0.0,,,75.02,66.92
1985-10-02,,0.03937007874015748,,,75.92,66.02
1985-10-03,,0.8503937007874017,,,68.0,60.980000000000004
1985-10-04,,0.01968503937007874,,,68.0,60.980000000000004
1985-10-05,,0.0,,,73.04,55.04
1985-10-06,,0.0,,,64.04,50.0
1985-10-07,,0.0,,,69.08,46.94
1985-10-08,,0.0,,,69.08,51.98
1985-10-09,,0.0,,,71.96,62.059999999999995
1985-10-10,,0.0,,,77.0,60.08
1985-10-11,,0.0,,,68.0,51.98
1985-10-12,,0.0,,,59.0,46.94
1985-10-13,,0.0,,,73.04,57.02
1985-10-14,,0.0,,,73.94,64.04
1985-10-15,,0.14173228346456693,,,75.92,66.92
1985-10-16,,0.0,,,71.96,57.02
1985-10-17,,0.0,,,62.059999999999995,50.0
1985-10-18,,0.0,,,66.02,55.94
1985-10-19,,0.0,,,75.92,62.059999999999995
1985-10-20,,0.011811023622047244,,,69.08,55.94
1985-10-21,,0.0,,,59.0,55.94
1985-10-22,,0.0,,,64.04,59.0
1985-10-23,,0.0,,,64.04,60.08
1985-10-24,,0.0,,,71.06,62.059999999999995
1985-10-25,,0.01968503937007874,,,75.92,51.08
1985-10-26,,0.0,,,71.96,46.04
1985-10-27,,0.0,,,68.0,53.96
1985-10-28,,0.0,,,62.059999999999995,42.08
1985-10-29,,0.0,,,55.04,37.04
1985-10-30,,0.0,,,59.0,39.02
1985-10-31,,0.0,,,57.92,55.94
1985-11-01,,0.0,,,57.92,55.94
1985-11-02,,0.0,,,57.92,53.96
1985-11-03,,0.0,,,57.92,55.04
1985-11-04,,0.2204724409448819,,,60.980000000000004,57.02
1985-11-05,,0.011811023622047244,,,62.059999999999995,51.98
1985-11-06,,0.0,,,55.94,50.0
1985-11-07,,0.0,,,60.08,48.02
1985-11-08,,0.0,,,57.02,44.96
1985-11-09,,0.0,,,60.980000000000004,46.94
1985-11-10,,0.0,,,66.02,57.92
1985-11-11,,0.0,,,73.94,53.96
1985-11-12,,0.0,,,62.959999999999994,55.04
1985-11-13,,0.0,,,66.02,57.92
1985-11-14,,0.0,,,68.0,57.92
1985-11-15,,0.0,,,68.0,44.96
1985-11-16,,0.4015748031496063,,,59.0,44.06
1985-11-17,,0.07874015748031496,,,62.959999999999994,53.06
1985-11-18,,0.0,,,57.92,46.04
1985-11-19,,0.0,,,64.04,57.02
1985-11-20,,0.0,,,69.08,59.0
1985-11-21,,0.0,,,60.980000000000004,44.06
1985-11-22,,0.40944881889763785,,,55.94,44.06
1985-11-23,,0.0,,,53.06,39.02
1985-11-24,,0.0,,,55.04,42.08
1985-11-25,,0.011811023622047244,,,42.08,35.96
1985-11-26,,0.0,,,57.92,37.94
1985-11-27,,0.03937007874015748,,,55.94,44.96
1985-11-28,,0.4409448818897638,,,53.96,44.96
1985-11-29,,0.05118110236220473,,,51.98,41.0
1985-11-30,,0.5,,,53.06,50.0
1985-12-01,,0.05905511811023623,,,57.02,51.08
1985-12-02,,0.0,,,59.0,28.94
1985-12-03,,0.0,,,39.02,28.04
1985-12-04,,0.0,,,35.96,24.08
1985-12-05,,0.0,,,39.92,26.96
1985-12-06,,0.2283464566929134,,,37.04,33.98
1985-12-07,,0.0,,,42.980000000000004,30.92
1985-12-08,,0.0,,,50.0,35.06
1985-12-09,,0.0,,,51.08,33.98
1985-12-10,,0.0,,,50.0,37.04
1985-12-11,,0.0,,,55.04,46.04
1985-12-12,,0.0,,,62.059999999999995,41.0
1985-12-13,,0.2204724409448819,,,50.0,41.0
1985-12-14,,0.03149606299212599,,,44.06,23.0
1985-12-15,,0.0,,,37.94,19.939999999999998
1985-12-16,,0.0,,,44.96,26.96
1985-12-17,,0.0,,,46.04,33.08
1985-12-18,,0.0,,,46.04,17.06
1985-12-19,,0.0,,,28.94,14.0
1985-12-20,,0.0,,,30.02,21.02
1985-12-21,,0.0,,,30.02,19.939999999999998
1985-12-22,,0.0,,,35.06,15.079999999999998
1985-12-23,,0.0,,,51.08,35.06
1985-12-24,,0.0,,,51.08,44.06
1985-12-25,,0.0,,,46.94,19.939999999999998
1985-12-26,,0.0,,,23.0,14.0
1985-12-27,,0.0,,,41.0,23.0
1985-12-28,,0.0,,,41.0,32.0
1985-12-29,,0.0,,,42.980000000000004,30.02
1985-12-30,,0.0,,,35.96,24.98
1985-12-31,,0.16929133858267717,,,44.96,35.96
1986-01-01,,0.05118110236220473,,,42.980000000000004,32.0
1986-01-02,,0.0,,,46.94,32.0
1986-01-03,,0.4488188976377953,,,53.06,41.0
1986-01-04,,0.0,,,42.980000000000004,35.06
1986-01-05,,0.1811023622047244,,,48.92,30.92
1986-01-06,,0.0,,,42.08,28.94
1986-01-07,,0.0,,,28.94,21.92
1986-01-08,,0.0,,,33.08,17.06
1986-01-09,,0.0,,,39.02,21.02
1986-01-10,,0.0,,,51.98,32.0
1986-01-11,,0.0,,,42.980000000000004,28.04
1986-01-12,,0.0,,,44.96,33.98
1986-01-13,,0.0,,,46.94,24.98
1986-01-14,,0.0,,,24.98,15.979999999999997
1986-01-15,,0.0,,,24.08,10.940000000000001
1986-01-16,,0.0,,,42.08,19.939999999999998
1986-01-17,,0.0,,,46.94,32.0
1986-01-18,,0.0,,,60.980000000000004,44.96
1986-01-19,,0.33858267716535434,,,53.96,46.04
1986-01-20,,0.01968503937007874,,,51.08,37.94
1986-01-21,,0.0,,,55.04,37.94
1986-01-22,,0.0,,,51.08,39.02
1986-01-23,,0.0,,,44.06,30.92
1986-01-24,,0.0,,,33.98,24.98
1986-01-25,,0.01968503937007874,,,50.0,33.98
1986-01-26,,1.0196850393700787,,,51.98,37.94
1986-01-27,,0.1811023622047244,,,39.92,21.92
1986-01-28,,0.0,,,21.92,12.020000000000003
1986-01-29,,0.20078740157480315,,,32.0,14.0
1986-01-30,,0.0,,,30.92,21.02
1986-01-31,,0.0,,,37.04,19.04
1986-02-01,,0.0,,,42.980000000000004,24.08
1986-02-02,,0.011811023622047244,,,60.08,37.04
1986-02-03,,0.0,,,39.02,32.0
1986-02-04,,0.7598425196850395,,,42.08,35.96
1986-02-05,,0.03937007874015748,,,48.02,37.94
1986-02-06,,0.0,,,44.06,33.98
1986-02-07,,0.3582677165354331,,,35.06,26.96
1986-02-08,,0.0,,,33.98,26.060000000000002
1986-02-09,,0.0,,,37.94,30.02
1986-02-10,,0.01968503937007874,,,39.02,33.98
1986-02-11,,0.03149606299212599,,,33.98,26.060000000000002
1986-02-12,,0.0,,,28.04,19.939999999999998
1986-02-13,,0.0,,,28.04,15.979999999999997
1986-02-14,,0.5984251968503937,,,32.0,17.06
1986-02-15,,0.0,,,33.98,24.08
1986-02-16,,0.0,,,35.96,23.0
1986-02-17,,0.0,,,50.0,35.96
1986-02-18,,0.20866141732283466,,,42.980000000000004,35.96
1986-02-19,,0.011811023622047244,,,41.0,35.96
1986-02-20,,0.11811023622047245,,,42.980000000000004,37.94
1986-02-21,,0.33070866141732286,,,48.92,37.94
1986-02-22,,0.1889763779527559,,,37.94,30.02
1986-02-23,,0.14960629921259844,,,39.02,30.02
1986-02-24,,0.0,,,37.04,28.04
1986-02-25,,0.0,,,37.94,26.060000000000002
1986-02-26,,0.0,,,32.0,19.939999999999998
1986-02-27,,0.0,,,33.08,28.04
1986-02-28,,0.0,,,35.96,23.0
1986-03-01,,0.0,,,39.92,23.0
1986-03-02,,0.0,,,42.980000000000004,26.060000000000002
1986-03-03,,0.0,,,42.980000000000004,28.94
1986-03-04,,0.011811023622047244,,,42.980000000000004,33.98
1986-03-05,,0.0,,,51.08,30.92
1986-03-06,,0.0,,,46.94,33.98
1986-03-07,,0.0,,,37.94,15.979999999999997
1986-03-08,,0.0,,,33.08,14.0
1986-03-09,,0.0,,,46.94,26.060000000000002
1986-03-10,,0.0,,,57.92,42.08
1986-03-11,,0.0,,,66.02,42.980000000000004
1986-03-12,,0.0,,,42.980000000000004,35.06
1986-03-13,,1.3503937007874016,,,46.94,39.92
1986-03-14,,0.07874015748031496,,,53.96,41.0
1986-03-15,,0.011811023622047244,,,68.0,48.02
1986-03-16,,0.0,,,62.959999999999994,44.06
1986-03-17,,0.0,,,48.02,37.94
1986-03-18,,0.0,,,53.06,37.04
1986-03-19,,0.011811023622047244,,,53.96,46.04
1986-03-20,,0.0,,,59.0,28.94
1986-03-21,,0.0,,,30.92,17.96
1986-03-22,,0.0,,,39.92,24.98
1986-03-23,,0.0,,,48.02,32.0
1986-03-24,,0.0,,,57.02,39.02
1986-03-25,,0.0,,,53.96,41.0
1986-03-26,,0.0,,,62.059999999999995,48.92
1986-03-27,,0.0,,,68.0,44.06
1986-03-28,,0.0,,,55.94,37.04
1986-03-29,,0.0,,,55.04,44.06
1986-03-30,,0.0,,,60.08,48.92
1986-03-31,,0.0,,,71.06,50.0
1986-04-01,,0.0,,,57.92,48.92
1986-04-02,,0.0,,,71.06,48.92
1986-04-03,,0.0,,,55.04,46.94
1986-04-04,,0.01968503937007874,,,55.04,46.94
1986-04-05,,0.14173228346456693,,,50.0,44.06
1986-04-06,,0.2992125984251969,,,48.02,44.06
1986-04-07,,0.0,,,62.959999999999994,44.96
1986-04-08,,0.0,,,75.02,46.04
1986-04-09,,0.0,,,57.92,44.06
1986-04-10,,0.0,,,46.94,37.94
1986-04-11,,0.0,,,46.94,37.94
1986-04-12,,0.0,,,57.02,42.980000000000004
1986-04-13,,0.01968503937007874,,,50.0,42.980000000000004
1986-04-14,,0.0,,,55.04,42.08
1986-04-15,,0.05118110236220473,,,53.06,44.96
1986-04-16,,1.110236220472441,,,53.06,50.0
1986-04-17,,0.5590551181102362,,,50.0,44.96
1986-04-18,,0.03937007874015748,,,55.04,46.94
1986-04-19,,0.0,,,60.08,42.980000000000004
1986-04-20,,0.0,,,57.02,42.980000000000004
1986-04-21,,0.03937007874015748,,,57.02,51.08
1986-04-22,,0.12992125984251968,,,57.02,39.02
1986-04-23,,0.1889763779527559,,,41.0,33.08
1986-04-24,,0.0,,,66.02,41.0
1986-04-25,,0.0,,,66.02,51.08
1986-04-26,,0.03937007874015748,,,62.059999999999995,51.08
1986-04-27,,0.0905511811023622,,,64.94,51.08
1986-04-28,,0.0,,,66.92,48.92
1986-04-29,,0.05905511811023623,,,60.08,51.98
1986-04-30,,0.0,,,68.0,53.06
1986-05-01,,0.0,,,68.0,55.04
1986-05-02,,0.0,,,64.04,44.96
1986-05-03,,0.0,,,59.0,39.92
1986-05-04,,0.0,,,62.959999999999994,41.0
1986-05-05,,0.0,,,71.96,51.98
1986-05-06,,0.0,,,87.08000000000001,60.980000000000004
1986-05-07,,0.03149606299212599,,,82.94,55.94
1986-05-08,,0.0,,,71.06,50.0
1986-05-09,,0.0,,,53.06,46.94
1986-05-10,,0.0,,,62.059999999999995,41.0
1986-05-11,,0.0,,,57.92,46.94
1986-05-12,,0.0,,,60.08,46.94
1986-05-13,,0.0,,,60.980000000000004,51.08
1986-05-14,,0.0,,,57.92,50.0
1986-05-15,,0.0,,,60.980000000000004,53.96
1986-05-16,,0.0,,,64.94,57.02
1986-05-17,,0.0,,,87.98,57.92
1986-05-18,,0.0,,,75.92,62.059999999999995
1986-05-19,,0.0,,,69.08,60.980000000000004
1986-05-20,,0.1811023622047244,,,62.959999999999994,59.0
1986-05-21,,0.05118110236220473,,,66.92,59.0
1986-05-22,,0.01968503937007874,,,71.96,59.0
1986-05-23,,0.0,,,73.04,57.92
1986-05-24,,0.0,,,75.92,59.0
1986-05-25,,0.0,,,69.98,57.02
1986-05-26,,0.0,,,64.94,57.02
1986-05-27,,0.0,,,68.0,55.94
1986-05-28,,0.0,,,84.91999999999999,60.980000000000004
1986-05-29,,0.0,,,78.98,62.059999999999995
1986-05-30,,0.0,,,87.08000000000001,66.92
1986-05-31,,0.0,,,87.98,68.0
1986-06-01,,0.0,,,84.02,69.08
1986-06-02,,0.0,,,82.94,55.94
1986-06-03,,0.0,,,62.959999999999994,48.92
1986-06-04,,0.0,,,68.0,57.02
1986-06-05,,0.0,,,71.96,62.059999999999995
1986-06-06,,0.0,,,73.04,64.04
1986-06-07,,0.05118110236220473,,,73.94,66.02
1986-06-08,,0.0,,,78.98,68.0
1986-06-09,,0.0,,,80.06,64.94
1986-06-10,,0.0,,,73.94,60.08
1986-06-11,,0.0,,,75.92,66.02
1986-06-12,,0.33858267716535434,,,73.04,60.08
1986-06-13,,0.0,,,69.98,57.92
1986-06-14,,0.0,,,75.92,62.059999999999995
1986-06-15,,0.0,,,77.0,66.02
1986-06-16,,0.0,,,77.0,68.0
1986-06-17,,0.0,,,78.08,62.059999999999995
1986-06-18,,0.0,,,69.98,55.04
1986-06-19,,0.25984251968503935,,,75.92,57.92
1986-06-20,,0.05118110236220473,,,78.98,64.94
1986-06-21,,0.0,,,69.98,57.92
1986-06-22,,0.0,,,75.92,55.94
1986-06-23,,0.0,,,89.96000000000001,64.94
1986-06-24,,,,,82.04,66.02
1986-06-25,,,,,75.92,59.0
1986-06-26,,,,,71.96,57.92
1986-06-27,,,,,73.94,68.0
1986-06-28,,,,,82.94,69.08
1986-06-29,,,,,89.06,71.96
1986-06-30,,,,,78.08,66.02
1986-07-01,,,,,73.04,62.059999999999995
1986-07-02,,,,,78.08,66.02
1986-07-03,,,,,80.96,62.059999999999995
1986-07-04,,,,,73.04,57.92
1986-07-05,,,,,84.02,68.0
1986-07-06,,,,,93.91999999999999,71.96
1986-07-07,,0.0,,,98.06,73.94
1986-07-08,,0.0,,,91.94,75.02
1986-07-09,,0.0,,,84.91999999999999,69.98
1986-07-10,,0.0,,,84.91999999999999,66.92
1986-07-11,,,,,75.92,66.92
1986-07-12,,0.0,,,84.91999999999999,69.98
1986-07-13,,,,,84.91999999999999,69.98
1986-07-14,,0.0,,,87.98,73.04
1986-07-15,,0.0,,,82.04,64.94
1986-07-16,,,,,78.98,69.98
1986-07-17,,,,,80.06,71.96
1986-07-18,,,,,87.08000000000001,73.04
1986-07-19,,1.2086614173228347,,,78.08,71.96
1986-07-20,,0.0,,,80.06,71.96
1986-07-21,,0.0,,,91.94,71.96
1986-07-22,,0.0,,,82.04,69.08
1986-07-23,,0.0,,,82.94,71.96
1986-07-24,,0.0,,,84.91999999999999,75.02
1986-07-25,,0.0,,,82.94,73.94
1986-07-26,,0.0,,,84.02,77.0
1986-07-27,,0.0,,,82.94,71.06
1986-07-28,,0.0,,,87.08000000000001,73.04
1986-07-29,,0.0905511811023622,,,87.08000000000001,73.04
1986-07-30,,0.011811023622047244,,,87.08000000000001,69.98
1986-07-31,,0.0,,,80.96,68.0
1986-08-01,,0.0,,,80.06,71.06
1986-08-02,,1.921259842519685,,,86.0,68.0
1986-08-03,,0.8700787401574804,,,82.04,66.92
1986-08-04,,0.0,,,82.94,69.08
1986-08-05,,0.0,,,84.02,73.04
1986-08-06,,0.0,,,82.94,75.02
1986-08-07,,0.2204724409448819,,,80.96,73.04
1986-08-08,,0.011811023622047244,,,87.08000000000001,77.0
1986-08-09,,0.0,,,89.06,73.04
1986-08-10,,0.0,,,84.91999999999999,71.96
1986-08-11,,0.0,,,84.91999999999999,75.02
1986-08-12,,0.0,,,75.02,69.08
1986-08-13,,0.01968503937007874,,,75.02,66.02
1986-08-14,,0.0,,,75.92,64.04
1986-08-15,,0.0,,,80.96,69.98
1986-08-16,,0.0,,,80.96,73.94
1986-08-17,,0.011811023622047244,,,84.91999999999999,75.92
1986-08-18,,1.299212598425197,,,77.0,68.0
1986-08-19,,0.0,,,80.06,68.0
1986-08-20,,0.24015748031496062,,,73.94,69.08
1986-08-21,,0.8818897637795275,,,69.08,64.94
1986-08-22,,0.011811023622047244,,,77.0,62.959999999999994
1986-08-23,,0.03937007874015748,,,78.08,68.0
1986-08-24,,0.0,,,78.08,62.959999999999994
1986-08-25,,0.0,,,77.0,57.02
1986-08-26,,0.0,,,78.08,66.02
1986-08-27,,0.05118110236220473,,,87.08000000000001,71.96
1986-08-28,,0.5393700787401575,,,71.96,53.96
1986-08-29,,0.0,,,66.92,50.0
1986-08-30,,0.0,,,71.96,55.04
1986-08-31,,0.0,,,75.02,57.02
1986-09-01,,0.0,,,73.94,60.08
1986-09-02,,0.1811023622047244,,,68.0,62.959999999999994
1986-09-03,,0.0,,,73.94,66.02
1986-09-04,,0.0,,,75.92,66.92
1986-09-05,,0.3188976377952756,,,78.98,68.0
1986-09-06,,0.1889763779527559,,,80.06,66.02
1986-09-07,,0.0,,,73.94,60.980000000000004
1986-09-08,,0.12992125984251968,,,69.08,59.0
1986-09-09,,0.0,,,75.02,55.94
1986-09-10,,0.0,,,73.04,62.059999999999995
1986-09-11,,0.0,,,78.08,69.98
1986-09-12,,0.011811023622047244,,,82.04,69.08
1986-09-13,,0.0,,,78.98,60.08
1986-09-14,,0.0,,,73.94,60.980000000000004
1986-09-15,,0.0,,,71.96,62.959999999999994
1986-09-16,,0.0,,,69.98,51.08
1986-09-17,,0.0,,,62.959999999999994,46.94
1986-09-18,,0.0,,,69.08,53.06
1986-09-19,,0.14173228346456693,,,69.98,64.04
1986-09-20,,0.0,,,75.02,57.92
1986-09-21,,0.0,,,75.02,64.04
1986-09-22,,0.0,,,69.98,57.92
1986-09-23,,0.46062992125984253,,,73.94,66.02
1986-09-24,,0.12992125984251968,,,75.02,69.98
1986-09-25,,0.0,,,75.02,68.0
1986-09-26,,0.12992125984251968,,,84.02,68.0
1986-09-27,,0.1889763779527559,,,71.96,60.08
1986-09-28,,0.0,,,68.0,62.059999999999995
1986-09-29,,0.0,,,73.04,66.02
1986-09-30,,0.0,,,80.96,69.08
1986-10-01,,0.421259842519685,,,87.98,69.98
1986-10-02,,0.0,,,84.02,68.0
1986-10-03,,0.01968503937007874,,,71.96,64.04
1986-10-04,,0.03149606299212599,,,80.96,71.96
1986-10-05,,0.0,,,77.0,62.059999999999995
1986-10-06,,0.0,,,62.959999999999994,50.0
1986-10-07,,0.0,,,62.059999999999995,44.06
1986-10-08,,0.0,,,69.08,55.04
1986-10-09,,0.0,,,73.04,57.02
1986-10-10,,0.0,,,57.02,48.92
1986-10-11,,0.0,,,59.0,53.06
1986-10-12,,0.0,,,62.959999999999994,55.94
1986-10-13,,0.33070866141732286,,,66.02,57.92
1986-10-14,,1.6811023622047245,,,71.96,51.98
1986-10-15,,0.0,,,60.08,44.96
1986-10-16,,0.0,,,60.08,44.96
1986-10-17,,0.20866141732283466,,,62.059999999999995,44.96
1986-10-18,,0.0,,,57.02,46.04
1986-10-19,,0.0,,,62.059999999999995,42.08
1986-10-20,,0.0,,,62.959999999999994,44.06
1986-10-21,,0.0,,,66.02,44.96
1986-10-22,,0.0,,,66.92,51.98
1986-10-23,,0.0,,,75.02,57.92
1986-10-24,,0.0,,,62.059999999999995,55.04
1986-10-25,,0.0,,,57.92,46.94
1986-10-26,,0.8110236220472442,,,62.959999999999994,57.02
1986-10-27,,0.03149606299212599,,,62.959999999999994,55.94
1986-10-28,,0.01968503937007874,,,69.98,53.96
1986-10-29,,0.0,,,64.04,53.06
1986-10-30,,0.0,,,69.08,46.94
1986-10-31,,0.0,,,55.94,42.08
1986-11-01,,0.01968503937007874,,,66.02,53.96
1986-11-02,,0.16929133858267717,,,62.959999999999994,46.04
1986-11-03,,0.0,,,57.02,42.08
1986-11-04,,0.0,,,57.92,48.92
1986-11-05,,1.3307086614173227,,,59.0,42.980000000000004
1986-11-06,,0.01968503937007874,,,59.0,46.04
1986-11-07,,0.03149606299212599,,,57.92,46.04
1986-11-08,,0.24015748031496062,,,62.959999999999994,57.92
1986-11-09,,0.01968503937007874,,,68.0,55.04
1986-11-10,,0.0,,,55.04,44.06
1986-11-11,,0.4015748031496063,,,51.98,44.06
1986-11-12,,0.0,,,51.08,39.02
1986-11-13,,0.0,,,48.02,26.96
1986-11-14,,0.0,,,35.96,24.98
1986-11-15,,0.05905511811023623,,,44.06,33.08
1986-11-16,,0.011811023622047244,,,55.04,39.92
1986-11-17,,0.0,,,57.92,48.02
1986-11-18,,0.6299212598425197,,,57.02,44.96
1986-11-19,,0.01968503937007874,,,53.96,32.0
1986-11-20,,0.27165354330708663,,,57.92,30.02
1986-11-21,,0.11023622047244094,,,53.06,35.96
1986-11-22,,0.0,,,51.98,33.08
1986-11-23,,0.0,,,57.92,37.94
1986-11-24,,0.27165354330708663,,,53.96,42.08
1986-11-25,,0.0,,,51.08,35.06
1986-11-26,,0.5905511811023623,,,62.959999999999994,42.980000000000004
1986-11-27,,0.0,,,57.02,44.06
1986-11-28,,0.0,,,51.98,37.94
1986-11-29,,0.0,,,60.08,41.0
1986-11-30,,0.0,,,51.98,35.96
1986-12-01,,0.0,,,44.06,30.92
1986-12-02,,0.6811023622047244,,,57.92,44.06
1986-12-03,,0.5708661417322834,,,60.08,46.94
1986-12-04,,0.0,,,46.94,37.94
1986-12-05,,0.0,,,42.08,30.02
1986-12-06,,0.0,,,42.980000000000004,26.96
1986-12-07,,0.0,,,48.92,32.0
1986-12-08,,0.0,,,50.0,44.06
1986-12-09,,1.3307086614173227,,,57.92,46.04
1986-12-10,,0.0,,,57.92,44.06
1986-12-11,,0.5984251968503937,,,44.06,35.06
1986-12-12,,0.0,,,39.92,33.98
1986-12-13,,0.0,,,35.06,24.08
1986-12-14,,0.0,,,37.94,21.92
1986-12-15,,0.0,,,48.92,32.0
1986-12-16,,0.0,,,48.02,32.0
1986-12-17,,0.0,,,48.02,39.92
1986-12-18,,0.9685039370078741,,,51.98,37.94
1986-12-19,,0.0,,,50.0,35.96
1986-12-20,,0.0,,,44.06,32.0
1986-12-21,,0.0,,,42.980000000000004,32.0
1986-12-22,,0.0,,,42.980000000000004,26.96
1986-12-23,,0.0,,,48.92,33.98
1986-12-24,,0.5118110236220472,,,55.04,35.96
1986-12-25,,0.1811023622047244,,,55.94,44.06
1986-12-26,,0.0,,,44.06,32.0
1986-12-27,,0.0,,,44.96,30.92
1986-12-28,,0.0,,,39.92,35.06
1986-12-29,,0.0,,,42.980000000000004,30.02
1986-12-30,,0.16929133858267717,,,46.94,35.96
1986-12-31,,0.0,,,46.04,33.98
1987-01-01,,1.031496062992126,,,46.04,33.98
1987-01-02,,0.8818897637795275,,,44.06,35.06
1987-01-03,,0.0,,,42.08,33.98
1987-01-04,,0.0,,,42.08,28.04
1987-01-05,,0.0,,,39.92,24.98
1987-01-06,,0.0,,,44.96,26.96
1987-01-07,,0.0,,,50.0,39.02
1987-01-08,,0.0,,,44.06,30.02
1987-01-09,,0.0,,,41.0,30.02
1987-01-10,,0.8385826771653544,,,46.04,37.94
1987-01-11,,0.0,,,42.08,33.98
1987-01-12,,0.0,,,41.0,33.08
1987-01-13,,0.0,,,48.02,35.96
1987-01-14,,0.0,,,51.98,32.0
1987-01-15,,0.0,,,57.02,46.94
1987-01-16,,0.0,,,51.98,35.06
1987-01-17,,0.0,,,35.06,26.060000000000002
1987-01-18,,1.2716535433070866,,,46.94,33.08
1987-01-19,,1.4094488188976377,,,42.08,35.06
1987-01-20,,0.0,,,37.04,33.08
1987-01-21,,0.0,,,42.08,32.0
1987-01-22,,0.8700787401574804,,,41.0,28.94
1987-01-23,,0.0,,,37.04,17.96
1987-01-24,,0.0,,,26.060000000000002,14.0
1987-01-25,,0.25984251968503935,,,28.04,12.920000000000002
1987-01-26,,1.7913385826771655,,,30.02,19.939999999999998
1987-01-27,,0.0,,,28.04,12.920000000000002
1987-01-28,,0.0,,,30.92,12.020000000000003
1987-01-29,,0.0,,,39.02,21.02
1987-01-30,,0.05118110236220473,,,44.06,32.0
1987-01-31,,0.0,,,37.94,30.02
1987-02-01,,0.0,,,39.02,24.98
1987-02-02,,0.03149606299212599,,,51.08,37.04
1987-02-03,,0.0,,,53.96,33.98
1987-02-04,,0.0,,,46.04,33.98
1987-02-05,,0.0,,,41.0,28.04
1987-02-06,,0.0,,,46.94,28.94
1987-02-07,,0.0,,,55.94,33.98
1987-02-08,,0.03937007874015748,,,46.04,32.0
1987-02-09,,0.46062992125984253,,,39.02,21.92
1987-02-10,,0.0,,,37.94,21.02
1987-02-11,,0.0,,,42.980000000000004,28.94
1987-02-12,,0.12992125984251968,,,39.92,30.02
1987-02-13,,0.0,,,37.04,28.94
1987-02-14,,0.0,,,30.02,19.939999999999998
1987-02-15,,0.0,,,28.94,15.079999999999998
1987-02-16,,0.0,,,30.02,10.04
1987-02-17,,0.0,,,35.06,24.98
1987-02-18,,0.0,,,41.0,28.94
1987-02-19,,0.0,,,42.980000000000004,24.08
1987-02-20,,0.0,,,44.96,24.98
1987-02-21,,0.0,,,42.980000000000004,28.04
1987-02-22,,0.0984251968503937,,,42.980000000000004,28.94
1987-02-23,,0.6692913385826772,,,39.92,32.0
1987-02-24,,0.0,,,44.96,32.0
1987-02-25,,0.0,,,44.06,28.04
1987-02-26,,0.0,,,44.96,28.04
1987-02-27,,0.0,,,37.94,30.02
1987-02-28,,0.11811023622047245,,,46.94,33.98
1987-03-01,,0.5393700787401575,,,53.96,44.96
1987-03-02,,0.0,,,50.0,39.92
1987-03-03,,0.0,,,51.98,33.98
1987-03-04,,0.0,,,39.92,30.92
1987-03-05,,0.0,,,39.02,26.96
1987-03-06,,0.0,,,51.98,32.0
1987-03-07,,0.0,,,73.04,41.0
1987-03-08,,0.0,,,71.06,50.0
1987-03-09,,0.11023622047244094,,,55.94,32.0
1987-03-10,,0.0,,,33.08,21.92
1987-03-11,,0.0,,,33.98,21.92
1987-03-12,,0.6181102362204725,,,37.04,33.08
1987-03-13,,0.2913385826771654,,,37.94,33.08
1987-03-14,,0.0,,,46.94,30.02
1987-03-15,,0.0,,,39.92,33.98
1987-03-16,,0.0,,,41.0,32.0
1987-03-17,,0.0,,,51.08,30.02
1987-03-18,,0.0,,,50.0,33.98
1987-03-19,,0.0,,,51.08,35.96
1987-03-20,,0.07874015748031496,,,55.04,33.98
1987-03-21,,0.011811023622047244,,,48.02,33.08
1987-03-22,,0.03937007874015748,,,46.94,37.94
1987-03-23,,0.0,,,55.94,39.92
1987-03-24,,0.0,,,59.0,37.04
1987-03-25,,0.0,,,59.0,44.96
1987-03-26,,0.0,,,62.959999999999994,48.02
1987-03-27,,0.05118110236220473,,,64.04,50.0
1987-03-28,,0.9881889763779529,,,60.08,48.02
1987-03-29,,0.0,,,55.94,48.92
1987-03-30,,0.7204724409448819,,,55.04,48.92
1987-03-31,,0.6496062992125985,,,57.92,35.06
1987-04-01,,0.0,,,46.04,30.02
1987-04-02,,0.0,,,51.08,42.08
1987-04-03,,0.12992125984251968,,,53.06,39.92
1987-04-04,,1.4803149606299213,,,53.06,42.980000000000004
1987-04-05,,0.5590551181102362,,,50.0,33.08
1987-04-06,,0.0905511811023622,,,46.94,33.08
1987-04-07,,0.0,,,55.94,39.02
1987-04-08,,0.0,,,64.04,46.04
1987-04-09,,0.0,,,57.02,42.980000000000004
1987-04-10,,0.0,,,69.98,44.06
1987-04-11,,0.0,,,64.94,51.98
1987-04-12,,0.1811023622047244,,,62.059999999999995,50.0
1987-04-13,,0.0,,,55.94,46.04
1987-04-14,,0.0,,,53.96,39.92
1987-04-15,,0.0,,,51.98,46.04
1987-04-16,,0.11811023622047245,,,46.94,44.06
1987-04-17,,1.358267716535433,,,55.04,44.96
1987-04-18,,0.0,,,57.02,50.0
1987-04-19,,0.011811023622047244,,,55.94,48.92
1987-04-20,,0.4015748031496063,,,55.04,50.0
1987-04-21,,0.01968503937007874,,,57.02,50.0
1987-04-22,,0.0,,,62.059999999999995,44.96
1987-04-23,,0.0,,,48.92,44.06
1987-04-24,,1.7795275590551183,,,55.04,48.02
1987-04-25,,0.27165354330708663,,,48.02,44.06
1987-04-26,,0.0,,,51.98,44.06
1987-04-27,,0.0,,,51.98,42.08
1987-04-28,,0.2795275590551181,,,51.98,44.06
1987-04-29,,0.0,,,66.02,42.08
1987-04-30,,0.0,,,64.94,51.08
1987-05-01,,0.0,,,,
1987-05-02,,0.01968503937007874,,,,
1987-05-03,,0.3700787401574803,,,,
1987-05-04,,1.0393700787401574,,,,
1987-05-05,,0.0,,,55.94,44.06
1987-05-06,,0.0,,,71.96,46.94
1987-05-07,,0.0,,,73.04,55.94
1987-05-08,,0.07874015748031496,,,62.959999999999994,51.08
1987-05-09,,0.0,,,75.92,48.92
1987-05-10,,0.0,,,86.0,57.92
1987-05-11,,0.0,,,75.92,62.059999999999995
1987-05-12,,0.4015748031496063,,,71.96,60.980000000000004
1987-05-13,,0.0,,,62.959999999999994,50.0
1987-05-14,,0.0,,,60.08,50.0
1987-05-15,,0.03937007874015748,,,69.08,53.96
1987-05-16,,0.0,,,57.92,50.0
1987-05-17,,0.0,,,68.0,53.96
1987-05-18,,0.0,,,89.96000000000001,55.94
1987-05-19,,0.3897637795275591,,,57.92,51.98
1987-05-20,,1.3188976377952757,,,53.96,51.98
1987-05-21,,0.0,,,62.959999999999994,53.96
1987-05-22,,0.0,,,69.98,57.92
1987-05-23,,0.0,,,73.94,60.08
1987-05-24,,0.0,,,64.04,55.94
1987-05-25,,0.0,,,55.94,51.98
1987-05-26,,0.0,,,57.92,53.96
1987-05-27,,0.1811023622047244,,,57.92,55.04
1987-05-28,,0.0,,,73.04,55.94
1987-05-29,,0.0,,,89.96000000000001,69.08
1987-05-30,,0.0,,,93.02,73.04
1987-05-31,,0.0,,,87.08000000000001,73.04
1987-06-01,,0.0,,,86.0,69.98
1987-06-02,,0.03937007874015748,,,80.06,64.94
1987-06-03,,0.0,,,66.92,62.059999999999995
1987-06-04,,0.1889763779527559,,,66.02,60.980000000000004
1987-06-05,,0.011811023622047244,,,75.92,62.059999999999995
1987-06-06,,0.0,,,78.08,60.980000000000004
1987-06-07,,0.0,,,71.06,60.08
1987-06-08,,0.0,,,89.06,66.02
1987-06-09,,0.0,,,80.06,64.94
1987-06-10,,0.0,,,78.08,55.94
1987-06-11,,0.0,,,71.96,55.04
1987-06-12,,0.01968503937007874,,,73.04,62.959999999999994
1987-06-13,,0.0,,,82.04,66.02
1987-06-14,,0.0,,,77.0,64.04
1987-06-15,,0.0,,,84.02,68.0
1987-06-16,,0.011811023622047244,,,78.98,66.92
1987-06-17,,0.0,,,69.98,62.959999999999994
1987-06-18,,0.0,,,77.0,60.08
1987-06-19,,0.0,,,73.94,64.04
1987-06-20,,0.0,,,78.08,68.0
1987-06-21,,0.1811023622047244,,,78.08,66.92
1987-06-22,,0.0,,,75.92,68.0
1987-06-23,,0.14960629921259844,,,86.0,60.980000000000004
1987-06-24,,0.0,,,68.0,60.08
1987-06-25,,0.0,,,75.02,60.08
1987-06-26,,0.011811023622047244,,,77.0,64.94
1987-06-27,,0.0984251968503937,,,75.92,66.92
1987-06-28,,0.0,,,78.08,60.980000000000004
1987-06-29,,0.0,,,77.0,69.08
1987-06-30,,0.0,,,84.91999999999999,66.92
1987-07-01,,0.38188976377952755,,,78.98,69.98
1987-07-02,,1.4094488188976377,,,75.02,69.08
1987-07-03,,0.0,,,84.91999999999999,69.08
1987-07-04,,0.0,,,86.0,69.98
1987-07-05,,0.03149606299212599,,,75.92,68.0
1987-07-06,,0.0,,,73.04,64.94
1987-07-07,,0.20078740157480315,,,73.94,66.92
1987-07-08,,0.011811023622047244,,,80.96,69.98
1987-07-09,,,,,84.02,73.04
1987-07-10,,0.0,,,91.03999999999999,73.94
1987-07-11,,0.0,,,89.06,73.04
1987-07-12,,0.0,,,84.02,75.02
1987-07-13,,0.0,,,82.94,73.94
1987-07-14,,0.8700787401574804,,,80.96,64.94
1987-07-15,,0.0,,,80.96,60.08
1987-07-16,,0.0,,,78.08,62.959999999999994
1987-07-17,,0.0,,,78.08,60.08
1987-07-18,,0.0,,,87.98,66.02
1987-07-19,,0.0,,,89.06,71.06
1987-07-20,,0.0,,,89.06,73.04
1987-07-21,,0.03937007874015748,,,91.03999999999999,75.92
1987-07-22,,0.0,,,82.94,73.94
1987-07-23,,0.0,,,86.0,73.94
1987-07-24,,0.0,,,84.02,73.04
1987-07-25,,0.0,,,87.08000000000001,73.94
1987-07-26,,0.16929133858267717,,,91.94,71.06
1987-07-27,,0.0,,,80.06,69.98
1987-07-28,,0.0,,,80.06,69.98
1987-07-29,,0.0,,,75.92,66.02
1987-07-30,,0.0,,,80.06,64.94
1987-07-31,,0.0,,,84.91999999999999,71.96
1987-08-01,,0.0,,,80.06,69.98
1987-08-02,,0.0,,,80.96,73.04
1987-08-03,,0.0,,,93.91999999999999,73.94
1987-08-04,,0.0,,,87.08000000000001,75.92
1987-08-05,,0.421259842519685,,,82.94,73.04
1987-08-06,,2.271653543307087,,,73.94,69.98
1987-08-07,,0.0,,,80.06,69.08
1987-08-08,,0.0,,,82.04,71.06
1987-08-09,,0.0,,,82.04,73.94
1987-08-10,,0.0,,,87.98,69.08
1987-08-11,,0.0,,,77.0,62.959999999999994
1987-08-12,,0.0,,,75.02,68.0
1987-08-13,,0.0,,,73.94,68.0
1987-08-14,,0.0,,,77.0,66.92
1987-08-15,,0.0,,,82.04,71.96
1987-08-16,,0.0,,,84.02,73.04
1987-08-17,,0.0,,,86.0,75.02
1987-08-18,,0.0,,,93.02,77.0
1987-08-19,,0.0,,,82.04,73.94
1987-08-20,,0.0,,,87.08000000000001,69.98
1987-08-21,,0.0,,,78.98,66.02
1987-08-22,,0.03937007874015748,,,77.0,73.04
1987-08-23,,0.0,,,78.08,62.959999999999994
1987-08-24,,0.0,,,75.92,55.94
1987-08-25,,0.0,,,73.94,60.08
1987-08-26,,0.0,,,75.02,60.980000000000004
1987-08-27,,0.16929133858267717,,,86.0,66.02
1987-08-28,,0.011811023622047244,,,75.92,64.94
1987-08-29,,0.0,,,80.06,62.059999999999995
1987-08-30,,0.0,,,73.94,59.0
1987-08-31,,0.0,,,73.94,62.059999999999995
1987-09-01,,0.531496062992126,,,75.02,62.059999999999995
1987-09-02,,0.0,,,75.92,60.980000000000004
1987-09-03,,0.0,,,71.06,60.980000000000004
1987-09-04,,0.0,,,73.04,55.94
1987-09-05,,0.0,,,71.06,64.94
1987-09-06,,0.0,,,75.92,68.0
1987-09-07,,0.0,,,80.06,71.06
1987-09-08,,0.11811023622047245,,,77.0,71.06
1987-09-09,,0.0,,,84.91999999999999,69.98
1987-09-10,,0.0,,,78.98,68.0
1987-09-11,,0.0,,,78.08,66.92
1987-09-12,,0.0,,,73.04,69.98
1987-09-13,,0.27165354330708663,,,73.94,71.06
1987-09-14,,0.0,,,86.0,68.0
1987-09-15,,0.03149606299212599,,,77.0,66.02
1987-09-16,,0.0,,,78.08,68.0
1987-09-17,,0.0,,,78.98,71.06
1987-09-18,,1.519685039370079,,,77.0,64.94
1987-09-19,,0.0,,,66.02,59.0
1987-09-20,,0.03149606299212599,,,62.959999999999994,57.92
1987-09-21,,0.0,,,71.06,57.02
1987-09-22,,0.7086614173228347,,,73.04,57.92
1987-09-23,,0.0,,,71.06,53.96
1987-09-24,,0.0,,,75.02,59.0
1987-09-25,,0.0,,,69.08,53.96
1987-09-26,,0.0,,,71.96,53.06
1987-09-27,,0.0,,,71.96,57.02
1987-09-28,,0.0,,,75.92,66.02
1987-09-29,,0.0,,,77.0,64.94
1987-09-30,,0.05905511811023623,,,69.98,60.08
1987-10-01,,0.0,,,64.04,53.06
1987-10-02,,0.0,,,69.08,53.96
1987-10-03,,1.1181102362204725,,,73.04,42.08
1987-10-04,,0.011811023622047244,,,55.94,39.92
1987-10-05,,0.0,,,68.0,44.06
1987-10-06,,0.0,,,68.0,55.94
1987-10-07,,0.3700787401574803,,,68.0,50.0
1987-10-08,,0.0,,,57.92,44.06
1987-10-09,,0.0,,,57.02,39.92
1987-10-10,,0.0,,,69.08,55.04
1987-10-11,,0.0,,,69.98,46.04
1987-10-12,,0.011811023622047244,,,51.98,42.08
1987-10-13,,0.0,,,53.96,39.02
1987-10-14,,0.0,,,55.94,42.08
1987-10-15,,0.0,,,64.04,39.02
1987-10-16,,0.0,,,64.04,44.06
1987-10-17,,0.0,,,64.04,55.04
1987-10-18,,0.0,,,71.06,51.98
1987-10-19,,0.0,,,62.059999999999995,48.02
1987-10-20,,0.0,,,66.92,55.94
1987-10-21,,0.0984251968503937,,,62.059999999999995,39.92
1987-10-22,,0.0,,,59.0,37.04
1987-10-23,,0.0,,,59.0,48.02
1987-10-24,,0.0,,,62.959999999999994,55.94
1987-10-25,,0.0,,,64.04,44.06
1987-10-26,,0.0,,,55.94,37.04
1987-10-27,,1.2007874015748032,,,62.959999999999994,50.0
1987-10-28,,0.0,,,62.059999999999995,44.06
1987-10-29,,0.0,,,55.94,37.94
1987-10-30,,0.0,,,59.0,41.0
1987-10-31,,0.0,,,66.02,50.0
1987-11-01,,0.0,,,62.059999999999995,44.06
1987-11-02,,0.0,,,59.0,53.06
1987-11-03,,0.0,,,62.959999999999994,55.04
1987-11-04,,0.0,,,71.06,57.02
1987-11-05,,0.0,,,69.08,44.06
1987-11-06,,0.0,,,48.02,37.04
1987-11-07,,0.0,,,60.08,37.94
1987-11-08,,0.0,,,60.980000000000004,48.92
1987-11-09,,0.0,,,68.0,57.02
1987-11-10,,1.1811023622047245,,,57.92,39.92
1987-11-11,,0.1889763779527559,,,42.08,30.92
1987-11-12,,0.0,,,44.06,28.94
1987-11-13,,0.0,,,57.92,37.94
1987-11-14,,0.0,,,66.92,44.06
1987-11-15,,0.0,,,55.04,44.96
1987-11-16,,0.0,,,55.04,48.02
1987-11-17,,0.0,,,64.04,53.96
1987-11-18,,0.33070866141732286,,,68.0,48.92
1987-11-19,,0.0,,,53.06,42.08
1987-11-20,,0.0,,,51.08,33.08
1987-11-21,,0.0,,,33.08,19.939999999999998
1987-11-22,,0.0,,,37.94,19.04
1987-11-23,,0.0,,,51.08,30.02
1987-11-24,,0.0,,,57.92,50.0
1987-11-25,,0.0,,,57.02,46.04
1987-11-26,,0.0,,,60.980000000000004,46.04
1987-11-27,,0.0,,,46.94,42.08
1987-11-28,,0.0,,,50.0,46.04
1987-11-29,,0.4488188976377953,,,57.02,48.02
1987-11-30,,0.25984251968503935,,,57.02,44.06
1987-12-01,,0.0,,,51.08,37.94
1987-12-02,,0.0,,,44.06,33.98
1987-12-03,,0.011811023622047244,,,46.94,32.0
1987-12-04,,0.05118110236220473,,,44.96,39.02
1987-12-05,,0.0,,,42.08,32.0
1987-12-06,,0.0,,,44.06,30.92
1987-12-07,,0.0,,,50.0,28.04
1987-12-08,,0.0,,,46.04,33.08
1987-12-09,,0.0,,,53.96,41.0
1987-12-10,,0.25984251968503935,,,60.980000000000004,46.04
1987-12-11,,0.3188976377952756,,,53.96,42.08
1987-12-12,,0.0,,,55.94,42.980000000000004
1987-12-13,,0.0,,,48.02,33.98
1987-12-14,,0.0,,,50.0,33.98
1987-12-15,,0.46062992125984253,,,55.04,37.94
1987-12-16,,0.0,,,46.04,33.98
1987-12-17,,0.0,,,41.0,30.02
1987-12-18,,0.0,,,41.0,28.04
1987-12-19,,0.0,,,48.92,30.92
1987-12-20,,0.14173228346456693,,,53.96,39.02
1987-12-21,,0.0,,,51.98,37.04
1987-12-22,,0.0,,,48.92,33.08
1987-12-23,,0.01968503937007874,,,48.92,35.96
1987-12-24,,0.0,,,50.0,35.06
1987-12-25,,0.0905511811023622,,,57.02,48.02
1987-12-26,,0.40944881889763785,,,53.96,33.98
1987-12-27,,0.0,,,42.980000000000004,30.02
1987-12-28,,0.05118110236220473,,,37.94,33.08
1987-12-29,,0.1811023622047244,,,37.94,17.96
1987-12-30,,0.0,,,23.0,14.0
1987-12-31,,0.0,,,44.06,17.96
1988-01-01,,0.03937007874015748,,,51.08,37.94
1988-01-02,,0.0,,,37.94,21.92
1988-01-03,,0.27165354330708663,,,37.04,21.02
1988-01-04,,0.2283464566929134,,,39.92,26.060000000000002
1988-01-05,,0.0,,,26.060000000000002,12.020000000000003
1988-01-06,,0.0,,,21.02,8.96
1988-01-07,,0.0,,,21.92,10.04
1988-01-08,,0.6299212598425197,,,35.96,17.96
1988-01-09,,0.0,,,32.0,21.02
1988-01-10,,0.0,,,32.0,19.04
1988-01-11,,0.0,,,35.06,14.0
1988-01-12,,0.0,,,39.92,19.939999999999998
1988-01-13,,0.03937007874015748,,,37.94,24.08
1988-01-14,,0.0,,,24.08,10.940000000000001
1988-01-15,,0.0,,,26.060000000000002,10.940000000000001
1988-01-16,,0.0,,,39.92,14.0
1988-01-17,,0.0,,,42.980000000000004,32.0
1988-01-18,,0.2795275590551181,,,44.96,33.98
1988-01-19,,0.0,,,44.96,32.0
1988-01-20,,1.0118110236220472,,,50.0,35.96
1988-01-21,,0.0,,,50.0,37.04
1988-01-22,,0.0,,,39.02,28.04
1988-01-23,,0.0,,,37.94,26.96
1988-01-24,,0.0,,,44.96,35.06
1988-01-25,,0.5511811023622047,,,42.980000000000004,35.06
1988-01-26,,0.01968503937007874,,,35.96,17.06
1988-01-27,,0.0,,,30.92,15.979999999999997
1988-01-28,,0.0,,,28.94,17.96
1988-01-29,,0.0,,,33.98,17.96
1988-01-30,,0.0,,,42.980000000000004,33.98
1988-01-31,,0.0,,,51.08,39.92
1988-02-01,,0.0,,,53.06,44.06
1988-02-02,,0.5196850393700787,,,50.0,37.04
1988-02-03,,0.11023622047244094,,,37.04,33.98
1988-02-04,,0.33070866141732286,,,44.06,24.08
1988-02-05,,0.0,,,35.06,21.02
1988-02-06,,0.0,,,24.08,15.979999999999997
1988-02-07,,0.0,,,28.94,10.940000000000001
1988-02-08,,0.0,,,44.96,28.94
1988-02-09,,0.0,,,39.92,28.04
1988-02-10,,0.0,,,46.94,28.94
1988-02-11,,0.14173228346456693,,,39.92,28.94
1988-02-12,,1.2598425196850394,,,46.04,24.08
1988-02-13,,0.0,,,24.98,19.04
1988-02-14,,0.0,,,37.04,21.02
1988-02-15,,0.3582677165354331,,,46.04,33.98
1988-02-16,,0.5196850393700787,,,46.94,33.08
1988-02-17,,0.0,,,44.96,30.02
1988-02-18,,0.0,,,50.0,33.98
1988-02-19,,0.20078740157480315,,,44.06,35.96
1988-02-20,,0.12992125984251968,,,48.92,42.980000000000004
1988-02-21,,0.0,,,44.06,23.0
1988-02-22,,0.0,,,44.06,21.92
1988-02-23,,0.11023622047244094,,,51.08,37.94
1988-02-24,,0.01968503937007874,,,44.06,28.04
1988-02-25,,0.0,,,35.96,26.060000000000002
1988-02-26,,0.0,,,35.96,23.0
1988-02-27,,0.03937007874015748,,,44.06,33.08
1988-02-28,,0.0,,,37.94,28.94
1988-02-29,,0.0,,,42.980000000000004,30.92
1988-03-01,,0.0,,,48.02,30.92
1988-03-02,,0.0,,,46.04,30.92
1988-03-03,,0.011811023622047244,,,57.02,41.0
1988-03-04,,0.3188976377952756,,,48.92,35.96
1988-03-05,,0.0,,,48.92,26.060000000000002
1988-03-06,,0.0,,,44.96,33.08
1988-03-07,,0.0,,,60.08,35.96
1988-03-08,,0.0,,,46.94,35.96
1988-03-09,,0.0905511811023622,,,51.08,39.02
1988-03-10,,0.03937007874015748,,,51.08,35.06
1988-03-11,,0.0,,,53.06,30.02
1988-03-12,,0.0,,,48.02,41.0
1988-03-13,,0.11023622047244094,,,53.06,42.08
1988-03-14,,0.0,,,46.04,32.0
1988-03-15,,0.0,,,42.08,28.04
1988-03-16,,0.0,,,48.92,26.060000000000002
1988-03-17,,0.0,,,50.0,32.0
1988-03-18,,0.0,,,42.08,30.02
1988-03-19,,0.0,,,50.0,35.96
1988-03-20,,0.0,,,46.94,30.92
1988-03-21,,0.0,,,42.08,24.98
1988-03-22,,0.0,,,46.94,21.02
1988-03-23,,0.0,,,46.04,33.08
1988-03-24,,0.0,,,55.04,46.04
1988-03-25,,0.0,,,57.02,48.02
1988-03-26,,1.4212598425196852,,,53.06,46.94
1988-03-27,,0.011811023622047244,,,55.04,39.92
1988-03-28,,0.0,,,60.980000000000004,37.04
1988-03-29,,0.0,,,53.96,44.96
1988-03-30,,0.0,,,55.04,44.06
1988-03-31,,0.0,,,53.96,44.06
1988-04-01,,0.03937007874015748,,,46.94,44.96
1988-04-02,,0.0,,,53.06,44.96
1988-04-03,,0.0,,,53.96,46.04
1988-04-04,,0.2992125984251969,,,55.94,51.08
1988-04-05,,0.03149606299212599,,,71.96,50.0
1988-04-06,,0.0,,,57.02,42.980000000000004
1988-04-07,,0.7598425196850395,,,42.980000000000004,42.08
1988-04-08,,0.14960629921259844,,,51.08,42.08
1988-04-09,,0.0,,,64.94,42.08
1988-04-10,,0.0,,,62.059999999999995,39.92
1988-04-11,,0.0,,,55.94,42.08
1988-04-12,,0.0,,,44.06,39.92
1988-04-13,,0.0,,,42.08,39.02
1988-04-14,,0.0,,,44.96,39.92
1988-04-15,,0.12992125984251968,,,57.02,41.0
1988-04-16,,0.0,,,46.94,37.04
1988-04-17,,0.0,,,62.959999999999994,37.04
1988-04-18,,0.07086614173228346,,,60.980000000000004,46.94
1988-04-19,,0.07874015748031496,,,46.94,37.04
1988-04-20,,0.0,,,55.94,35.96
1988-04-21,,0.0,,,60.08,42.08
1988-04-22,,0.0,,,60.08,39.02
1988-04-23,,0.2204724409448819,,,53.96,42.08
1988-04-24,,0.0,,,60.08,46.04
1988-04-25,,0.0,,,66.02,44.06
1988-04-26,,0.0,,,55.94,48.02
1988-04-27,,0.2913385826771654,,,60.08,51.08
1988-04-28,,0.2795275590551181,,,60.980000000000004,46.94
1988-04-29,,0.0,,,55.94,42.980000000000004
1988-04-30,,0.01968503937007874,,,60.980000000000004,44.96
1988-05-01,,0.0,,,62.059999999999995,46.94
1988-05-02,,0.01968503937007874,,,53.06,46.04
1988-05-03,,0.0,,,55.04,44.96
1988-05-04,,0.07874015748031496,,,53.96,48.92
1988-05-05,,0.20078740157480315,,,57.02,50.0
1988-05-06,,1.2716535433070866,,,55.94,51.08
1988-05-07,,0.01968503937007874,,,68.0,51.98
1988-05-08,,0.0,,,57.02,48.92
1988-05-09,,0.05905511811023623,,,55.94,48.02
1988-05-10,,0.0,,,60.08,51.98
1988-05-11,,0.2913385826771654,,,69.98,55.04
1988-05-12,,0.0,,,62.959999999999994,53.06
1988-05-13,,0.0,,,66.02,55.94
1988-05-14,,0.0,,,60.980000000000004,53.06
1988-05-15,,0.0,,,57.92,51.08
1988-05-16,,0.0,,,64.04,53.96
1988-05-17,,0.01968503937007874,,,66.92,55.04
1988-05-18,,0.5393700787401575,,,57.92,53.96
1988-05-19,,0.1811023622047244,,,57.02,53.96
1988-05-20,,0.03937007874015748,,,60.08,55.04
1988-05-21,,0.0,,,68.0,57.02
1988-05-22,,0.0,,,71.96,57.02
1988-05-23,,0.0,,,69.98,60.980000000000004
1988-05-24,,0.2913385826771654,,,78.98,64.94
1988-05-25,,0.27165354330708663,,,64.94,48.92
1988-05-26,,0.0,,,68.0,46.04
1988-05-27,,0.0,,,71.06,53.96
1988-05-28,,0.0,,,69.98,59.0
1988-05-29,,0.0,,,82.94,59.0
1988-05-30,,0.0,,,78.08,62.059999999999995
1988-05-31,,0.0,,,93.02,66.92
1988-06-01,,0.20078740157480315,,,89.06,57.92
1988-06-02,,0.011811023622047244,,,59.0,53.06
1988-06-03,,0.0,,,57.02,51.98
1988-06-04,,0.0,,,60.980000000000004,46.94
1988-06-05,,0.0,,,78.98,53.06
1988-06-06,,0.0,,,80.96,64.94
1988-06-07,,0.0,,,84.02,66.02
1988-06-08,,0.0,,,68.0,59.0
1988-06-09,,1.0708661417322836,,,60.980000000000004,53.96
1988-06-10,,0.0,,,64.04,48.02
1988-06-11,,0.0,,,69.98,51.08
1988-06-12,,0.0,,,87.98,59.0
1988-06-13,,0.0,,,87.98,64.94
1988-06-14,,0.0,,,87.98,69.98
1988-06-15,,0.0,,,84.91999999999999,68.0
1988-06-16,,0.0,,,75.02,66.02
1988-06-17,,0.1811023622047244,,,73.04,64.94
1988-06-18,,0.0,,,73.94,64.94
1988-06-19,,0.0,,,71.06,60.980000000000004
1988-06-20,,0.0,,,77.0,62.059999999999995
1988-06-21,,0.0,,,89.06,71.06
1988-06-22,,0.0,,,89.06,69.08
1988-06-23,,0.0905511811023622,,,87.98,66.92
1988-06-24,,0.0,,,69.08,62.059999999999995
1988-06-25,,0.0,,,71.06,60.980000000000004
1988-06-26,,0.0,,,80.06,64.04
1988-06-27,,0.0,,,71.06,57.92
1988-06-28,,0.0,,,78.98,57.92
1988-06-29,,0.0,,,78.98,64.94
1988-06-30,,0.0,,,77.0,57.02
1988-07-01,,0.0,,,75.02,53.06
1988-07-02,,0.0,,,80.96,55.94
1988-07-03,,0.0,,,78.08,62.959999999999994
1988-07-04,,0.0,,,75.02,66.02
1988-07-05,,0.0,,,75.92,66.02
1988-07-06,,0.0,,,78.08,66.92
1988-07-07,,0.0984251968503937,,,73.94,66.92
1988-07-08,,0.01968503937007874,,,77.0,66.92
1988-07-09,,0.38188976377952755,,,73.04,68.0
1988-07-10,,0.0,,,86.0,68.0
1988-07-11,,0.0,,,84.02,73.04
1988-07-12,,0.27165354330708663,,,75.02,69.08
1988-07-13,,0.0,,,78.98,69.98
1988-07-14,,0.0,,,80.96,66.02
1988-07-15,,0.0,,,89.96000000000001,73.04
1988-07-16,,0.0,,,78.98,71.06
1988-07-17,,0.0,,,78.98,71.06
1988-07-18,,0.0,,,82.94,71.06
1988-07-19,,0.0,,,84.91999999999999,69.08
1988-07-20,,0.0,,,84.02,71.06
1988-07-21,,0.0,,,77.0,66.02
1988-07-22,,0.7204724409448819,,,73.04,64.94
1988-07-23,,0.2519685039370079,,,69.98,64.04
1988-07-24,,0.03937007874015748,,,78.98,64.04
1988-07-25,,0.0,,,84.02,69.08
1988-07-26,,0.5511811023622047,,,75.92,66.02
1988-07-27,,0.05905511811023623,,,80.06,66.02
1988-07-28,,0.0,,,78.98,66.02
1988-07-29,,0.0,,,84.02,69.08
1988-07-30,,0.0,,,93.02,75.02
1988-07-31,,0.5590551181102362,,,87.08000000000001,71.96
1988-08-01,,0.0,,,84.91999999999999,71.06
1988-08-02,,0.0,,,82.04,71.96
1988-08-03,,0.0,,,86.0,73.94
1988-08-04,,0.0,,,84.91999999999999,75.02
1988-08-05,,0.0,,,82.94,73.94
1988-08-06,,0.0,,,86.0,73.94
1988-08-07,,0.0,,,82.94,73.04
1988-08-08,,0.0,,,84.02,71.06
1988-08-09,,0.0,,,84.02,71.06
1988-08-10,,0.01968503937007874,,,84.02,73.04
1988-08-11,,0.0,,,82.04,69.98
1988-08-12,,0.0,,,80.96,69.08
1988-08-13,,0.0,,,78.98,69.08
1988-08-14,,0.0,,,77.0,68.0
1988-08-15,,0.0,,,80.96,66.92
1988-08-16,,0.0,,,91.94,69.98
1988-08-17,,1.0984251968503937,,,82.94,66.02
1988-08-18,,0.0,,,87.08000000000001,69.08
1988-08-19,,0.11811023622047245,,,69.98,62.959999999999994
1988-08-20,,0.8385826771653544,,,64.04,64.04
1988-08-21,,0.0,,,78.08,60.08
1988-08-22,,0.0,,,71.06,57.92
1988-08-23,,0.11023622047244094,,,73.94,62.959999999999994
1988-08-24,,0.9409448818897638,,,80.96,64.94
1988-08-25,,0.01968503937007874,,,80.06,64.94
1988-08-26,,0.0,,,78.98,66.02
1988-08-27,,0.0,,,77.0,68.0
1988-08-28,,0.0,,,80.06,68.0
1988-08-29,,0.5708661417322834,,,73.04,68.0
1988-08-30,,0.011811023622047244,,,68.0,60.08
1988-08-31,,0.0,,,71.96,57.92
1988-09-01,,0.0,,,75.92,59.0
1988-09-02,,0.0,,,75.02,62.059999999999995
1988-09-03,,0.0,,,77.0,60.980000000000004
1988-09-04,,1.141732283464567,,,71.96,66.02
1988-09-05,,0.05905511811023623,,,75.92,60.08
1988-09-06,,0.0,,,71.96,53.06
1988-09-07,,0.0,,,69.08,51.98
1988-09-08,,0.0,,,71.06,57.02
1988-09-09,,0.07874015748031496,,,77.0,64.94
1988-09-10,,0.05118110236220473,,,80.06,66.02
1988-09-11,,0.0,,,77.0,57.92
1988-09-12,,0.0,,,69.98,55.04
1988-09-13,,0.0984251968503937,,,82.04,64.94
1988-09-14,,0.0,,,73.04,57.92
1988-09-15,,0.0,,,71.96,53.96
1988-09-16,,0.0,,,64.94,51.98
1988-09-17,,0.011811023622047244,,,66.92,55.94
1988-09-18,,0.0,,,73.94,62.959999999999994
1988-09-19,,0.0,,,78.08,66.02
1988-09-20,,0.0,,,75.02,68.0
1988-09-21,,0.0,,,80.96,62.059999999999995
1988-09-22,,0.0,,,75.92,59.0
1988-09-23,,0.011811023622047244,,,78.08,64.04
1988-09-24,,0.14960629921259844,,,71.06,55.94
1988-09-25,,0.6181102362204725,,,60.980000000000004,53.96
1988-09-26,,0.0,,,73.04,53.96
1988-09-27,,0.0,,,73.04,55.04
1988-09-28,,0.0,,,77.0,60.08
1988-09-29,,0.0,,,62.059999999999995,57.92
1988-09-30,,0.0,,,66.02,53.96
1989-08-01,,0.0,,,73.04,66.92
1989-08-02,,0.0,,,78.08,66.02
1989-08-03,,0.011811023622047244,,,89.06,71.06
1989-08-04,,0.0,,,89.06,73.94
1989-08-05,,0.0,,,91.94,78.08
1989-08-06,,0.0,,,86.0,78.08
1989-08-07,,0.11023622047244094,,,80.06,66.92
1989-08-08,,0.0,,,75.92,57.92
1989-08-09,,0.0,,,73.04,60.08
1989-08-10,,0.2283464566929134,,,71.96,66.92
1989-08-11,,2.3110236220472444,,,73.04,69.08
1989-08-12,,0.9015748031496063,,,75.02,71.96
1989-08-13,,0.01968503937007874,,,78.98,73.04
1989-08-14,,0.011811023622047244,,,80.06,73.04
1989-08-15,,0.0,,,78.98,73.04
1989-08-16,,0.0,,,80.96,71.06
1989-08-17,,0.0,,,80.06,71.96
1989-08-18,,0.11023622047244094,,,75.02,69.08
1989-08-19,,0.03937007874015748,,,77.0,71.96
1989-08-20,,0.0,,,82.94,71.96
1989-08-21,,0.12992125984251968,,,80.96,75.92
1989-08-22,,0.0,,,86.0,71.96
1989-08-23,,0.0,,,87.98,75.02
1989-08-24,,0.0,,,77.0,68.0
1989-08-25,,0.0,,,71.06,62.959999999999994
1989-08-26,,0.0,,,80.06,62.959999999999994
1989-08-27,,0.0,,,75.02,69.08
1989-08-28,,0.0,,,78.98,71.96
1989-08-29,,0.2913385826771654,,,78.08,71.96
1989-08-30,,0.011811023622047244,,,87.08000000000001,73.04
1989-08-31,,0.0,,,82.04,66.92
1989-09-01,,0.0,,,77.0,71.96
1989-09-02,,0.0,,,86.0,66.02
1989-09-03,,0.0,,,73.04,60.980000000000004
1989-09-04,,0.0,,,71.96,62.059999999999995
1989-09-05,,0.0,,,71.06,66.92
1989-09-06,,0.0,,,71.06,62.959999999999994
1989-09-07,,0.0,,,71.96,59.0
1989-09-08,,0.0,,,73.04,60.08
1989-09-09,,0.0,,,78.08,64.04
1989-09-10,,0.0,,,86.0,71.06
1989-09-11,,0.33858267716535434,,,87.08000000000001,73.04
1989-09-12,,0.011811023622047244,,,77.0,69.98
1989-09-13,,0.0,,,78.08,69.08
1989-09-14,,0.5708661417322834,,,75.92,71.96
1989-09-15,,0.0,,,82.94,68.0
1989-09-16,,0.8307086614173229,,,77.0,66.92
1989-09-17,,0.0,,,78.08,69.08
1989-09-18,,0.0,,,71.06,62.959999999999994
1989-09-19,,3.5590551181102366,,,73.94,64.04
1989-09-20,,0.0,,,78.08,73.04
1989-09-21,,0.0,,,80.06,73.04
1989-09-22,,0.0,,,78.08,73.04
1989-09-23,,0.03937007874015748,,,77.0,48.02
1989-09-24,,0.0,,,62.959999999999994,46.04
1989-09-25,,0.05118110236220473,,,69.08,51.98
1989-09-26,,1.2716535433070866,,,73.04,59.0
1989-09-27,,0.0,,,62.059999999999995,50.0
1989-09-28,,0.0,,,64.04,48.92
1989-09-29,,0.0,,,71.96,60.980000000000004
1989-09-30,,0.0,,,66.92,60.08
1989-10-01,,0.05905511811023623,,,69.08,64.04
1989-10-02,,0.9803149606299213,,,69.98,66.02
1989-10-03,,0.0,,,75.92,53.06
1989-10-04,,0.0,,,59.0,46.04
1989-10-05,,0.0,,,66.02,46.04
1989-10-06,,0.0,,,69.08,57.92
1989-10-07,,0.01968503937007874,,,64.94,48.02
1989-10-08,,0.0,,,60.08,44.06
1989-10-09,,0.0,,,55.04,42.08
1989-10-10,,0.11811023622047245,,,60.08,44.06
1989-10-11,,0.0,,,66.92,51.98
1989-10-12,,0.0,,,66.02,50.0
1989-10-13,,0.0,,,77.0,55.94
1989-10-14,,0.0,,,68.0,60.08
1989-10-15,,0.0,,,73.94,60.980000000000004
1989-10-16,,0.0,,,71.06,59.0
1989-10-17,,0.011811023622047244,,,69.08,66.02
1989-10-18,,0.03937007874015748,,,66.02,50.0
1989-10-19,,1.6692913385826773,,,66.02,53.06
1989-10-20,,1.7204724409448822,,,66.92,44.06
1989-10-21,,0.0,,,53.96,44.06
1989-10-22,,0.0,,,60.08,46.04
1989-10-23,,0.0,,,60.08,46.94
1989-10-24,,0.0,,,62.059999999999995,46.94
1989-10-25,,0.0,,,68.0,46.94
1989-10-26,,0.0,,,73.04,50.0
1989-10-27,,0.0,,,73.04,51.08
1989-10-28,,0.0,,,71.06,53.96
1989-10-29,,0.0,,,69.98,55.94
1989-10-30,,0.011811023622047244,,,66.92,53.96
1989-10-31,,0.5984251968503937,,,64.94,62.059999999999995
1989-11-01,,0.0,,,62.959999999999994,50.0
1989-11-02,,0.011811023622047244,,,57.92,46.04
1989-11-03,,0.0984251968503937,,,57.02,39.92
1989-11-04,,0.0,,,48.92,33.98
1989-11-05,,0.0,,,57.92,46.94
1989-11-06,,0.0,,,60.980000000000004,53.96
1989-11-07,,0.0,,,59.0,48.92
1989-11-08,,0.8897637795275591,,,62.059999999999995,55.04
1989-11-09,,0.8503937007874017,,,64.04,48.02
1989-11-10,,0.0,,,57.02,44.96
1989-11-11,,0.0,,,60.08,41.0
1989-11-12,,0.0,,,60.980000000000004,44.96
1989-11-13,,0.0,,,60.980000000000004,41.0
1989-11-14,,0.0,,,64.04,60.08
1989-11-15,,0.27165354330708663,,,62.959999999999994,60.08
1989-11-16,,0.2519685039370079,,,64.94,42.08
1989-11-17,,0.0,,,44.06,35.96
1989-11-18,,0.0,,,50.0,33.98
1989-11-19,,0.0,,,44.96,28.94
1989-11-20,,0.0,,,59.0,44.96
1989-11-21,,0.0,,,44.96,28.04
1989-11-22,,,,,35.06,24.98
1989-11-23,,,,,30.02,24.08
1989-11-24,,0.0,,,39.02,23.0
1989-11-25,,0.0,,,46.04,33.08
1989-11-26,,0.0,,,55.04,42.08
1989-11-27,,0.0,,,51.98,39.02
1989-11-28,,0.011811023622047244,,,60.980000000000004,46.94
1989-11-29,,0.0,,,46.94,28.04
1989-11-30,,0.0,,,41.0,26.060000000000002
1989-12-01,,0.0,,,41.0,30.02
1989-12-02,,0.0,,,51.08,24.98
1989-12-03,,0.0,,,44.96,21.02
1989-12-04,,0.0,,,30.02,17.96
1989-12-05,,0.0,,,35.06,28.94
1989-12-06,,0.0,,,48.92,32.0
1989-12-07,,0.0,,,46.94,26.060000000000002
1989-12-08,,,,,26.060000000000002,23.0
1989-12-09,,0.0,,,30.02,21.02
1989-12-10,,0.0,,,41.0,23.0
1989-12-11,,0.0,,,41.0,26.96
1989-12-12,,0.20078740157480315,,,35.06,28.04
1989-12-13,,,,,32.0,24.08
1989-12-14,,0.0,,,32.0,17.06
1989-12-15,,0.0,,,48.02,21.02
1989-12-16,,0.0,,,33.08,19.04
1989-12-17,,0.0,,,24.98,15.079999999999998
1989-12-18,,0.0,,,28.04,15.079999999999998
1989-12-19,,0.0,,,26.060000000000002,15.979999999999997
1989-12-20,,0.0,,,30.92,19.04
1989-12-21,,0.0,,,28.04,14.0
1989-12-22,,0.0,,,19.04,6.979999999999997
1989-12-23,,0.0,,,23.0,6.080000000000002
1989-12-24,,0.0,,,19.939999999999998,10.04
1989-12-25,,0.0,,,30.02,12.020000000000003
1989-12-26,,0.0,,,35.06,15.979999999999997
1989-12-27,,,,,24.98,10.940000000000001
1989-12-28,,,,,33.98,21.02
1989-12-29,,0.0,,,35.06,21.92
1989-12-30,,0.011811023622047244,,,42.08,30.02
1989-12-31,,0.5905511811023623,,,48.02,30.02
1990-01-01,,0.5196850393700787,,,46.04,33.08
1990-01-02,,0.0,,,42.08,26.96
1990-01-03,,0.0,,,46.94,30.02
1990-01-04,,0.011811023622047244,,,46.94,33.08
1990-01-05,,0.0,,,48.92,35.96
1990-01-06,,0.11811023622047245,,,44.06,33.08
1990-01-07,,0.0,,,39.92,28.04
1990-01-08,,0.4881889763779528,,,37.94,35.06
1990-01-09,,0.0,,,42.980000000000004,32.0
1990-01-10,,0.0,,,51.08,39.02
1990-01-11,,0.0,,,42.08,33.08
1990-01-12,,0.0,,,42.980000000000004,32.0
1990-01-13,,0.0,,,37.04,28.04
1990-01-14,,0.0,,,41.0,24.08
1990-01-15,,0.0,,,44.06,39.02
1990-01-16,,0.0,,,55.04,37.04
1990-01-17,,0.0,,,51.08,42.980000000000004
1990-01-18,,0.0,,,59.0,46.94
1990-01-19,,0.0,,,53.06,35.96
1990-01-20,,0.11811023622047245,,,39.92,35.96
1990-01-21,,0.11023622047244094,,,50.0,37.04
1990-01-22,,0.0,,,46.04,32.0
1990-01-23,,0.0,,,46.94,35.06
1990-01-24,,0.0,,,51.98,42.980000000000004
1990-01-25,,0.7401574803149606,,,53.96,42.980000000000004
1990-01-26,,0.3188976377952756,,,51.98,35.06
1990-01-27,,0.0,,,42.980000000000004,30.02
1990-01-28,,0.0,,,50.0,41.0
1990-01-29,,0.11023622047244094,,,51.98,39.92
1990-01-30,,0.20866141732283466,,,51.98,42.08
1990-01-31,,0.0,,,48.92,35.96
1990-02-01,,0.0,,,48.92,37.94
1990-02-02,,0.0,,,51.98,42.980000000000004
1990-02-03,,0.12992125984251968,,,44.06,39.02
1990-02-04,,0.3188976377952756,,,44.06,37.04
1990-02-05,,0.0,,,44.06,24.98
1990-02-06,,0.0,,,59.0,37.04
1990-02-07,,0.0,,,59.0,42.08
1990-02-08,,0.0,,,53.06,37.94
1990-02-09,,0.0,,,53.06,44.06
1990-02-10,,0.3503937007874016,,,53.06,37.94
1990-02-11,,0.0,,,48.02,32.0
1990-02-12,,0.0984251968503937,,,42.980000000000004,33.98
1990-02-13,,0.0,,,48.02,33.08
1990-02-14,,0.0,,,71.06,42.08
1990-02-15,,0.0,,,51.08,42.08
1990-02-16,,0.01968503937007874,,,60.08,48.92
1990-02-17,,0.0,,,57.92,30.02
1990-02-18,,0.0,,,42.08,23.0
1990-02-19,,0.0,,,57.02,42.08
1990-02-20,,0.0,,,42.980000000000004,30.02
1990-02-21,,0.0,,,42.08,28.04
1990-02-22,,0.05905511811023623,,,53.06,42.08
1990-02-23,,0.05118110236220473,,,53.96,48.92
1990-02-24,,0.11023622047244094,,,51.08,35.06
1990-02-25,,0.0,,,37.04,17.06
1990-02-26,,0.0,,,30.02,10.04
1990-02-27,,0.0,,,37.94,21.02
1990-02-28,,0.0,,,44.96,30.92
1990-03-01,,0.0,,,41.0,24.08
1990-03-02,,0.01968503937007874,,,46.04,37.94
1990-03-03,,0.11811023622047245,,,48.92,39.92
1990-03-04,,0.0,,,39.92,26.96
1990-03-05,,0.0,,,42.980000000000004,28.94
1990-03-06,,0.0,,,42.08,26.96
1990-03-07,,0.0,,,30.02,17.96
1990-03-08,,0.0,,,42.980000000000004,24.08
1990-03-09,,0.0,,,50.0,35.06
1990-03-10,,0.0,,,48.02,39.02
1990-03-11,,0.0,,,59.0,42.08
1990-03-12,,0.0,,,80.06,53.06
1990-03-13,,0.0,,,86.0,44.96
1990-03-14,,0.0,,,64.04,48.02
1990-03-15,,0.0,,,64.04,44.06
1990-03-16,,0.0,,,60.08,53.06
1990-03-17,,0.38188976377952755,,,57.92,51.08
1990-03-18,,0.641732283464567,,,57.92,46.94
1990-03-19,,0.0,,,53.06,44.06
1990-03-20,,0.11811023622047245,,,53.96,35.06
1990-03-21,,0.03149606299212599,,,53.96,33.98
1990-03-22,,0.0,,,51.08,39.02
1990-03-23,,0.0,,,69.08,44.06
1990-03-24,,0.11023622047244094,,,44.06,30.92
1990-03-25,,0.20866141732283466,,,42.08,30.92
1990-03-26,,0.0,,,53.06,37.04
1990-03-27,,0.0,,,39.92,28.94
1990-03-28,,0.0,,,44.06,33.08
1990-03-29,,0.05118110236220473,,,44.96,39.92
1990-03-30,,0.610236220472441,,,42.980000000000004,41.0
1990-03-31,,0.2795275590551181,,,42.980000000000004,39.02
1990-04-01,,0.0,,,44.06,42.08
1990-04-02,,0.07874015748031496,,,50.0,44.06
1990-04-03,,0.6181102362204725,,,46.94,44.06
1990-04-04,,0.01968503937007874,,,46.94,39.92
1990-04-05,,0.0,,,59.0,46.04
1990-04-06,,0.2992125984251969,,,48.92,35.96
1990-04-07,,0.5118110236220472,,,42.08,33.08
1990-04-08,,0.0,,,50.0,33.08
1990-04-09,,0.0,,,51.98,37.94
1990-04-10,,0.0,,,55.94,46.94
1990-04-11,,0.2283464566929134,,,60.08,41.0
1990-04-12,,0.0,,,50.0,39.02
1990-04-13,,0.0,,,46.04,33.98
1990-04-14,,0.0,,,51.08,42.980000000000004
1990-04-15,,0.8897637795275591,,,53.96,48.92
1990-04-16,,0.0,,,64.04,50.0
1990-04-17,,0.14960629921259844,,,59.0,44.06
1990-04-18,,0.0,,,53.96,37.04
1990-04-19,,0.0,,,51.98,42.08
1990-04-20,,0.0,,,55.94,48.02
1990-04-21,,0.31102362204724415,,,59.0,53.06
1990-04-22,,0.0,,,57.92,50.0
1990-04-23,,0.0,,,73.94,51.08
1990-04-24,,0.0,,,60.08,50.0
1990-04-25,,0.0,,,69.08,50.0
1990-04-26,,0.0,,,66.02,53.96
1990-04-27,,0.0,,,75.92,53.96
1990-04-28,,0.0,,,71.06,60.980000000000004
1990-04-29,,0.1811023622047244,,,66.02,51.08
1990-04-30,,0.12992125984251968,,,60.980000000000004,51.98
1990-05-01,,0.0,,,78.08,51.98
1990-05-02,,0.0,,,69.98,57.92
1990-05-03,,0.0,,,57.92,53.96
1990-05-04,,0.11811023622047245,,,55.94,50.0
1990-05-05,,1.0511811023622049,,,75.92,51.98
1990-05-06,,0.01968503937007874,,,59.0,51.08
1990-05-07,,0.0,,,69.08,48.92
1990-05-08,,0.0,,,75.02,59.0
1990-05-09,,0.0,,,69.08,59.0
1990-05-10,,0.8307086614173229,,,62.059999999999995,55.94
1990-05-11,,0.0,,,66.02,51.08
1990-05-12,,0.0,,,57.02,48.92
1990-05-13,,0.011811023622047244,,,64.04,55.94
1990-05-14,,0.0,,,64.04,55.94
1990-05-15,,0.0,,,64.04,53.96
1990-05-16,,0.03149606299212599,,,64.04,57.92
1990-05-17,,0.27165354330708663,,,75.02,62.959999999999994
1990-05-18,,0.0,,,71.96,57.02
1990-05-19,,0.0,,,75.02,55.94
1990-05-20,,0.0,,,66.02,57.02
1990-05-21,,0.16141732283464566,,,57.02,48.92
1990-05-22,,0.0,,,55.94,46.94
1990-05-23,,0.0,,,60.980000000000004,48.92
1990-05-24,,0.0,,,62.059999999999995,53.96
1990-05-25,,0.0,,,68.0,53.06
1990-05-26,,0.7007874015748032,,,60.980000000000004,55.04
1990-05-27,,0.0,,,62.959999999999994,53.96
1990-05-28,,0.0,,,64.94,53.96
1990-05-29,,2.3897637795275593,,,60.08,53.06
1990-05-30,,0.01968503937007874,,,71.96,53.06
1990-05-31,,0.0,,,73.04,50.0
1990-06-01,,0.0,,,73.04,55.94
1990-06-02,,0.0,,,71.96,62.059999999999995
1990-06-03,,0.0,,,68.0,64.04
1990-06-04,,0.0,,,80.06,57.02
1990-06-05,,0.0,,,64.04,51.98
1990-06-06,,0.0,,,64.04,59.0
1990-06-07,,0.0,,,82.94,64.04
1990-06-08,,0.07086614173228346,,,71.06,62.959999999999994
1990-06-09,,0.0,,,87.98,64.94
1990-06-10,,0.0,,,84.02,68.0
1990-06-11,,0.12992125984251968,,,73.04,57.92
1990-06-12,,0.0,,,73.04,55.04
1990-06-13,,0.05905511811023623,,,71.06,57.02
1990-06-14,,0.01968503937007874,,,68.0,62.059999999999995
1990-06-15,,0.0,,,66.92,60.08
1990-06-16,,0.0,,,69.98,60.08
1990-06-17,,0.0,,,73.04,62.059999999999995
1990-06-18,,0.8897637795275591,,,69.08,62.059999999999995
1990-06-19,,0.27165354330708663,,,73.94,66.02
1990-06-20,,0.0,,,80.96,64.04
1990-06-21,,0.1889763779527559,,,84.02,68.0
1990-06-22,,0.0,,,84.02,69.98
1990-06-23,,0.01968503937007874,,,84.02,69.98
1990-06-24,,0.0,,,78.98,68.0
1990-06-25,,0.0,,,77.0,64.04
1990-06-26,,0.0,,,77.0,66.02
1990-06-27,,0.0,,,77.0,69.98
1990-06-28,,0.0,,,82.04,69.98
1990-06-29,,0.0,,,80.96,71.96
1990-06-30,,0.0,,,91.03999999999999,73.94
1990-07-01,,0.42913385826771655,,,82.04,64.94
1990-07-02,,0.05118110236220473,,,71.06,64.04
1990-07-03,,0.0,,,73.94,62.059999999999995
1990-07-04,,0.0,,,84.91999999999999,71.06
1990-07-05,,0.5393700787401575,,,96.98,69.98
1990-07-06,,0.0,,,75.02,69.98
1990-07-07,,0.0,,,73.04,66.02
1990-07-08,,0.0,,,75.92,69.08
1990-07-09,,0.40944881889763785,,,78.98,71.96
1990-07-10,,0.0,,,89.06,73.94
1990-07-11,,0.05118110236220473,,,75.92,69.08
1990-07-12,,0.7795275590551182,,,80.06,66.02
1990-07-13,,0.12992125984251968,,,68.0,62.959999999999994
1990-07-14,,0.46062992125984253,,,75.92,68.0
1990-07-15,,0.0,,,78.98,73.04
1990-07-16,,0.0,,,84.91999999999999,73.04
1990-07-17,,0.0,,,84.02,73.04
1990-07-18,,0.0,,,82.04,73.04
1990-07-19,,0.011811023622047244,,,82.94,73.94
1990-07-20,,0.0,,,80.96,75.02
1990-07-21,,0.0,,,84.91999999999999,73.94
1990-07-22,,0.0,,,82.04,73.94
1990-07-23,,0.0,,,82.94,75.02
1990-07-24,,0.5590551181102362,,,78.08,66.92
1990-07-25,,0.0,,,82.04,69.98
1990-07-26,,0.0,,,77.0,69.98
1990-07-27,,0.4488188976377953,,,78.08,71.06
1990-07-28,,0.12992125984251968,,,75.02,73.04
1990-07-29,,0.0,,,75.92,73.04
1990-07-30,,0.0,,,78.08,71.06
1990-07-31,,0.05905511811023623,,,80.96,69.08
1990-08-01,,0.0,,,84.91999999999999,66.92
1990-08-02,,0.0,,,80.96,62.959999999999994
1990-08-03,,0.0,,,84.91999999999999,68.0
1990-08-04,,0.0,,,86.0,71.06
1990-08-05,,0.0,,,80.06,75.02
1990-08-06,,0.6692913385826772,,,78.98,73.04
1990-08-07,,0.16929133858267717,,,84.02,73.04
1990-08-08,,0.0,,,80.96,71.06
1990-08-09,,0.0,,,80.96,71.96
1990-08-10,,0.01968503937007874,,,80.06,75.02
1990-08-11,,0.5590551181102362,,,82.94,71.06
1990-08-12,,0.0,,,84.91999999999999,71.96
1990-08-13,,0.14173228346456693,,,82.04,71.96
1990-08-14,,0.011811023622047244,,,82.04,71.06
1990-08-15,,0.0,,,82.94,69.08
1990-08-16,,0.0,,,84.02,73.04
1990-08-17,,0.0,,,84.02,71.96
1990-08-18,,0.0,,,84.02,73.04
1990-08-19,,0.421259842519685,,,80.06,68.0
1990-08-20,,0.5196850393700787,,,69.08,66.02
1990-08-21,,0.3897637795275591,,,69.08,62.959999999999994
1990-08-22,,0.03937007874015748,,,71.06,68.0
1990-08-23,,0.0,,,69.98,68.0
1990-08-24,,0.0,,,77.0,68.0
1990-08-25,,0.03149606299212599,,,82.04,68.0
1990-08-26,,0.0,,,84.02,69.98
1990-08-27,,0.40944881889763785,,,91.03999999999999,73.04
1990-08-28,,0.0,,,89.06,71.06
1990-08-29,,0.3188976377952756,,,84.91999999999999,68.0
1990-08-30,,0.0,,,77.0,66.02
1990-08-31,,0.0,,,78.98,64.94
1990-09-01,,0.0,,,82.04,69.08
1990-09-02,,0.0,,,80.96,69.98
1990-09-03,,0.0,,,77.0,69.08
1990-09-04,,0.0,,,71.06,64.94
1990-09-05,,0.0,,,75.92,60.980000000000004
1990-09-06,,0.0,,,78.08,71.96
1990-09-07,,0.05118110236220473,,,87.98,73.94
1990-09-08,,0.0,,,73.94,64.04
1990-09-09,,0.0,,,71.06,64.04
1990-09-10,,0.0,,,80.96,69.08
1990-09-11,,0.0,,,82.94,64.04
1990-09-12,,0.0,,,78.98,69.98
1990-09-13,,0.0,,,77.0,69.98
1990-09-14,,0.0,,,78.08,71.96
1990-09-15,,0.011811023622047244,,,80.06,64.04
1990-09-16,,0.2204724409448819,,,71.06,57.02
1990-09-17,,0.0,,,64.04,51.08
1990-09-18,,0.0,,,66.92,46.04
1990-09-19,,0.14173228346456693,,,69.08,53.06
1990-09-20,,0.0,,,73.94,59.0
1990-09-21,,0.0,,,69.08,53.06
1990-09-22,,0.9685039370078741,,,69.08,60.980000000000004
1990-09-23,,0.0,,,69.08,53.06
1990-09-24,,0.0,,,64.94,48.92
1990-09-25,,0.0,,,66.92,51.98
1990-09-26,,0.05118110236220473,,,71.96,64.94
1990-09-27,,0.0,,,69.98,57.02
1990-09-28,,0.0,,,73.04,57.02
1990-09-29,,0.0,,,71.06,62.059999999999995
1990-09-30,,0.0,,,71.06,64.94
1990-10-01,,0.0,,,69.08,55.94
1990-10-02,,0.0,,,71.06,55.04
1990-10-03,,0.0,,,68.0,53.06
1990-10-04,,0.12992125984251968,,,71.96,60.980000000000004
1990-10-05,,0.0,,,75.02,55.04
1990-10-06,,0.0,,,75.02,64.94
1990-10-07,,0.0,,,71.06,66.92
1990-10-08,,0.0,,,73.94,69.08
1990-10-09,,0.0,,,73.94,69.08
1990-10-10,,0.11023622047244094,,,75.92,68.0
1990-10-11,,0.0,,,75.92,69.08
1990-10-12,,0.01968503937007874,,,73.04,68.0
1990-10-13,,0.011811023622047244,,,77.0,69.08
1990-10-14,,0.0,,,84.02,69.08
1990-10-15,,0.0,,,80.06,60.08
1990-10-16,,0.0,,,69.08,53.96
1990-10-17,,0.0,,,69.98,55.04
1990-10-18,,0.7007874015748032,,,73.04,51.98
1990-10-19,,0.0,,,59.0,46.94
1990-10-20,,0.0,,,60.980000000000004,44.06
1990-10-21,,0.0,,,68.0,48.92
1990-10-22,,0.0,,,69.98,62.959999999999994
1990-10-23,,1.0118110236220472,,,66.92,64.04
1990-10-24,,0.0,,,69.08,55.04
1990-10-25,,0.0,,,60.08,48.02
1990-10-26,,0.0,,,53.96,41.0
1990-10-27,,0.0,,,57.02,35.06
1990-10-28,,0.0,,,60.08,44.06
1990-10-29,,0.0,,,51.08,39.92
1990-10-30,,0.0,,,60.980000000000004,37.94
1990-10-31,,0.0,,,57.92,46.94
1990-11-01,,0.0,,,62.059999999999995,53.06
1990-11-02,,0.0,,,71.06,53.06
1990-11-03,,0.0,,,78.08,53.96
1990-11-04,,0.0,,,69.08,55.04
1990-11-05,,0.0,,,66.02,53.06
1990-11-06,,0.0,,,62.959999999999994,46.04
1990-11-07,,0.0,,,53.96,39.02
1990-11-08,,0.0,,,48.92,37.94
1990-11-09,,0.0,,,57.02,33.98
1990-11-10,,1.6811023622047245,,,62.059999999999995,44.96
1990-11-11,,0.0,,,51.98,42.980000000000004
1990-11-12,,0.0,,,51.08,37.04
1990-11-13,,0.0,,,46.94,35.06
1990-11-14,,0.0,,,53.06,33.98
1990-11-15,,0.0,,,64.04,39.92
1990-11-16,,0.0,,,62.059999999999995,46.04
1990-11-17,,0.0,,,57.92,39.92
1990-11-18,,0.0,,,44.96,33.98
1990-11-19,,0.0,,,48.92,30.02
1990-11-20,,0.0,,,53.06,35.96
1990-11-21,,0.0,,,51.08,35.96
1990-11-22,,0.0,,,53.96,37.04
1990-11-23,,0.07874015748031496,,,55.04,50.0
1990-11-24,,0.0,,,55.04,46.04
1990-11-25,,0.0,,,66.02,50.0
1990-11-26,,0.0,,,55.04,46.04
1990-11-27,,0.0,,,57.02,46.94
1990-11-28,,0.0,,,60.980000000000004,53.96
1990-11-29,,0.1889763779527559,,,62.059999999999995,37.04
1990-11-30,,0.0,,,44.96,33.98
1990-12-01,,0.0,,,51.08,37.04
1990-12-02,,0.0,,,57.92,42.980000000000004
1990-12-03,,1.5590551181102363,,,55.04,39.02
1990-12-04,,0.4881889763779528,,,59.0,35.06
1990-12-05,,0.0,,,37.94,32.0
1990-12-06,,0.0,,,50.0,32.0
1990-12-07,,0.0,,,51.98,35.96
1990-12-08,,0.16929133858267717,,,46.94,39.02
1990-12-09,,0.0,,,50.0,33.98
1990-12-10,,0.0,,,57.92,41.0
1990-12-11,,0.0,,,41.0,30.92
1990-12-12,,0.0,,,51.08,35.06
1990-12-13,,0.0,,,62.059999999999995,44.06
1990-12-14,,0.0,,,44.06,33.08
1990-12-15,,0.641732283464567,,,51.98,37.94
1990-12-16,,0.03149606299212599,,,51.98,44.06
1990-12-17,,0.0,,,50.0,35.06
1990-12-18,,0.25984251968503935,,,57.92,44.96
1990-12-19,,0.0,,,55.04,39.92
1990-12-20,,0.0,,,48.02,33.98
1990-12-21,,0.1889763779527559,,,55.94,48.02
1990-12-22,,0.0,,,57.02,51.98
1990-12-23,,0.03149606299212599,,,55.94,51.98
1990-12-24,,0.0984251968503937,,,57.02,28.04
1990-12-25,,0.0,,,32.0,21.02
1990-12-26,,0.0,,,37.94,28.04
1990-12-27,,0.2795275590551181,,,35.06,24.98
1990-12-28,,0.9803149606299213,,,44.06,33.98
1990-12-29,,0.0,,,48.02,39.02
1990-12-30,,0.1811023622047244,,,60.08,46.94
1990-12-31,,0.16929133858267717,,,60.08,30.92
1991-01-01,,0.0,,,44.96,28.94
1991-01-02,,0.0,,,46.94,35.96
1991-01-03,,0.0,,,42.980000000000004,35.06
1991-01-04,,0.0,,,39.02,28.04
1991-01-05,,0.03937007874015748,,,41.0,26.060000000000002
1991-01-06,,0.07086614173228346,,,42.980000000000004,37.04
1991-01-07,,0.46850393700787407,,,39.92,28.94
1991-01-08,,0.16141732283464566,,,39.92,26.060000000000002
1991-01-09,,1.5000000000000002,,,44.06,35.06
1991-01-10,,0.0,,,46.04,32.0
1991-01-11,,1.7007874015748035,,,48.02,33.98
1991-01-12,,0.8307086614173229,,,53.06,37.94
1991-01-13,,0.0,,,39.92,28.04
1991-01-14,,0.0,,,41.0,24.98
1991-01-15,,0.0,,,53.96,35.96
1991-01-16,,0.6496062992125985,,,53.06,42.980000000000004
1991-01-17,,0.0,,,48.92,35.96
1991-01-18,,0.0,,,42.08,33.98
1991-01-19,,0.0,,,48.92,33.98
1991-01-20,,0.0,,,57.02,41.0
1991-01-21,,0.2992125984251969,,,46.04,19.04
1991-01-22,,0.0,,,21.92,12.020000000000003
1991-01-23,,0.0,,,39.92,17.06
1991-01-24,,0.0,,,42.08,30.92
1991-01-25,,0.0,,,30.92,19.939999999999998
1991-01-26,,0.0,,,37.94,21.92
1991-01-27,,0.0,,,44.96,28.94
1991-01-28,,0.0,,,48.02,33.98
1991-01-29,,0.0,,,46.04,30.92
1991-01-30,,0.03937007874015748,,,48.92,42.08
1991-01-31,,0.05118110236220473,,,53.96,26.96
1991-02-01,,0.0,,,39.92,21.92
1991-02-02,,0.0,,,46.94,35.96
1991-02-03,,0.0,,,62.059999999999995,37.04
1991-02-04,,0.0,,,69.98,39.02
1991-02-05,,0.0,,,60.980000000000004,42.08
1991-02-06,,0.03937007874015748,,,53.06,44.06
1991-02-07,,0.24015748031496062,,,50.0,44.06
1991-02-08,,0.0,,,48.02,35.96
1991-02-09,,0.0,,,53.96,35.06
1991-02-10,,0.0,,,50.0,35.06
1991-02-11,,0.0,,,39.92,28.04
1991-02-12,,0.0,,,33.08,21.02
1991-02-13,,0.07086614173228346,,,44.06,32.0
1991-02-14,,0.16929133858267717,,,55.94,39.02
1991-02-15,,0.03937007874015748,,,41.0,21.02
1991-02-16,,0.0,,,28.94,17.96
1991-02-17,,,,,37.94,24.98
1991-02-18,,0.07874015748031496,,,44.96,33.98
1991-02-19,,0.38188976377952755,,,51.08,44.06
1991-02-20,,0.03937007874015748,,,60.980000000000004,42.08
1991-02-21,,0.0,,,46.94,35.06
1991-02-22,,0.0,,,66.02,42.08
1991-02-23,,0.0,,,42.08,30.02
1991-02-24,,0.0,,,46.04,32.0
1991-02-25,,0.03937007874015748,,,44.06,37.94
1991-02-26,,0.25984251968503935,,,39.02,33.08
1991-02-27,,0.0,,,39.02,28.04
1991-02-28,,0.0,,,48.02,33.98
1991-03-01,,0.0,,,55.04,44.06
1991-03-02,,0.5196850393700787,,,57.92,48.92
1991-03-03,,0.9212598425196851,,,60.08,48.92
1991-03-04,,0.05118110236220473,,,55.04,41.0
1991-03-05,,0.0,,,57.02,35.96
1991-03-06,,0.4015748031496063,,,51.98,44.06
1991-03-07,,0.011811023622047244,,,55.04,37.04
1991-03-08,,0.0,,,44.96,30.02
1991-03-09,,0.0,,,46.04,26.96
1991-03-10,,0.0,,,48.02,32.0
1991-03-11,,0.0,,,42.08,28.94
1991-03-12,,0.0,,,46.04,24.08
1991-03-13,,0.0,,,39.92,30.02
1991-03-14,,0.531496062992126,,,39.92,35.06
1991-03-15,,0.11811023622047245,,,42.08,33.98
1991-03-16,,0.0,,,55.04,33.08
1991-03-17,,0.0,,,51.08,33.98
1991-03-18,,1.0118110236220472,,,51.98,44.96
1991-03-19,,0.0,,,55.94,42.980000000000004
1991-03-20,,0.0,,,55.94,41.0
1991-03-21,,0.0,,,53.96,42.980000000000004
1991-03-22,,0.01968503937007874,,,51.08,42.980000000000004
1991-03-23,,0.5196850393700787,,,50.0,42.08
1991-03-24,,0.0,,,60.08,44.06
1991-03-25,,0.0,,,51.08,41.0
1991-03-26,,0.01968503937007874,,,50.0,39.02
1991-03-27,,0.20866141732283466,,,55.94,44.06
1991-03-28,,0.0,,,75.92,51.98
1991-03-29,,0.48031496062992124,,,59.0,46.04
1991-03-30,,0.0905511811023622,,,46.94,35.06
1991-03-31,,0.0,,,44.96,32.0
1991-04-01,,0.0,,,51.98,39.02
1991-04-02,,0.0,,,51.98,37.04
1991-04-03,,0.0,,,48.92,35.96
1991-04-04,,0.0,,,51.08,41.0
1991-04-05,,0.03149606299212599,,,55.94,48.02
1991-04-06,,0.0,,,73.04,51.98
1991-04-07,,0.0,,,78.08,55.04
1991-04-08,,0.0,,,71.06,59.0
1991-04-09,,0.0,,,69.08,57.02
1991-04-10,,0.0,,,73.94,48.92
1991-04-11,,0.0,,,62.059999999999995,42.08
1991-04-12,,0.0,,,53.06,39.02
1991-04-13,,0.6181102362204725,,,50.0,44.06
1991-04-14,,0.0905511811023622,,,46.94,44.06
1991-04-15,,0.46062992125984253,,,55.94,46.04
1991-04-16,,0.0,,,60.08,48.02
1991-04-17,,0.03149606299212599,,,66.02,48.02
1991-04-18,,0.0,,,48.92,44.06
1991-04-19,,0.0,,,46.04,42.08
1991-04-20,,0.6181102362204725,,,48.02,44.96
1991-04-21,,2.110236220472441,,,48.02,44.06
1991-04-22,,0.01968503937007874,,,55.94,42.980000000000004
1991-04-23,,0.0,,,57.92,46.04
1991-04-24,,1.4291338582677164,,,55.94,46.94
1991-04-25,,0.0,,,69.98,46.94
1991-04-26,,0.0,,,66.02,51.98
1991-04-27,,0.0,,,64.94,55.04
1991-04-28,,0.0,,,60.08,51.08
1991-04-29,,0.0,,,55.04,51.08
1991-04-30,,0.0,,,80.96,51.08
1991-05-01,,,,,68.0,50.0
1991-05-02,,0.0,,,69.08,55.04
1991-05-03,,0.011811023622047244,,,66.02,51.08
1991-05-04,,0.0,,,69.08,46.04
1991-05-05,,0.0,,,62.959999999999994,51.08
1991-05-06,,0.2992125984251969,,,64.04,57.92
1991-05-07,,0.0,,,69.08,57.02
1991-05-08,,0.0,,,75.92,53.96
1991-05-09,,0.0,,,62.059999999999995,55.94
1991-05-10,,0.03149606299212599,,,71.96,55.04
1991-05-11,,0.0,,,69.08,51.08
1991-05-12,,0.0,,,87.08000000000001,59.0
1991-05-13,,0.0,,,82.94,68.0
1991-05-14,,0.0,,,80.96,68.0
1991-05-15,,0.0,,,73.04,62.059999999999995
1991-05-16,,0.0,,,73.94,59.0
1991-05-17,,0.0,,,73.04,62.959999999999994
1991-05-18,,0.0,,,71.96,53.06
1991-05-19,,0.0,,,55.04,50.0
1991-05-20,,0.0,,,60.08,46.04
1991-05-21,,0.0,,,66.02,53.06
1991-05-22,,0.0,,,78.98,62.959999999999994
1991-05-23,,0.0,,,75.92,57.92
1991-05-24,,0.0,,,71.96,57.02
1991-05-25,,0.0,,,80.96,64.04
1991-05-26,,0.0,,,73.94,62.059999999999995
1991-05-27,,0.0,,,78.08,66.92
1991-05-28,,0.0,,,91.94,69.98
1991-05-29,,0.0,,,77.0,68.0
1991-05-30,,0.0,,,82.04,69.98
1991-05-31,,0.0,,,91.03999999999999,73.04
1991-06-01,,0.0,,,89.06,73.04
1991-06-02,,0.0,,,75.92,66.92
1991-06-03,,0.0,,,73.94,68.0
1991-06-04,,0.1889763779527559,,,69.98,60.08
1991-06-05,,0.03149606299212599,,,66.02,55.04
1991-06-06,,0.0,,,66.02,57.02
1991-06-07,,0.0,,,75.02,57.02
1991-06-08,,0.0,,,84.91999999999999,60.08
1991-06-09,,0.0,,,78.08,64.94
1991-06-10,,0.0,,,84.91999999999999,68.0
1991-06-11,,0.0,,,84.02,71.96
1991-06-12,,0.011811023622047244,,,82.94,66.02
1991-06-13,,0.0,,,78.08,57.02
1991-06-14,,0.0,,,71.96,57.02
1991-06-15,,0.0,,,75.92,66.92
1991-06-16,,0.0,,,84.02,73.04
1991-06-17,,0.11023622047244094,,,84.02,66.92
1991-06-18,,0.0984251968503937,,,66.92,62.959999999999994
1991-06-19,,0.03937007874015748,,,66.92,64.04
1991-06-20,,0.0,,,82.94,64.94
1991-06-21,,0.0,,,89.06,71.06
1991-06-22,,0.0,,,78.98,68.0
1991-06-23,,0.2519685039370079,,,68.0,60.08
1991-06-24,,0.0,,,73.94,59.0
1991-06-25,,0.0,,,78.08,64.04
1991-06-26,,0.0,,,75.02,64.94
1991-06-27,,0.0,,,75.92,68.0
1991-06-28,,0.0,,,82.04,69.08
1991-06-29,,0.0,,,96.98,75.02
1991-06-30,,0.07874015748031496,,,96.98,69.08
1991-07-01,,0.0,,,75.02,68.0
1991-07-02,,0.05118110236220473,,,78.08,69.98
1991-07-03,,0.0984251968503937,,,77.0,69.08
1991-07-04,,0.0,,,73.04,68.0
1991-07-05,,0.0,,,71.06,69.08
1991-07-06,,0.0,,,77.0,69.08
1991-07-07,,0.2283464566929134,,,78.08,71.96
1991-07-08,,0.0,,,93.02,73.04
1991-07-09,,0.0,,,84.91999999999999,71.96
1991-07-10,,0.0,,,82.04,69.98
1991-07-11,,0.0,,,78.98,69.08
1991-07-12,,0.0,,,78.98,69.08
1991-07-13,,0.6614173228346457,,,78.08,71.96
1991-07-14,,0.0,,,80.96,69.98
1991-07-15,,0.0,,,78.98,68.0
1991-07-16,,0.0,,,86.0,71.06
1991-07-17,,0.0,,,82.94,71.06
1991-07-18,,0.0,,,84.91999999999999,75.02
1991-07-19,,0.0,,,82.04,77.0
1991-07-20,,0.0,,,93.91999999999999,75.02
1991-07-21,,0.0,,,98.96000000000001,77.0
1991-07-22,,0.0,,,84.91999999999999,75.92
1991-07-23,,0.05905511811023623,,,95.0,73.94
1991-07-24,,0.0,,,86.0,73.94
1991-07-25,,0.5905511811023623,,,82.94,69.98
1991-07-26,,0.14960629921259844,,,82.94,73.04
1991-07-27,,0.7007874015748032,,,73.94,68.0
1991-07-28,,0.0,,,78.98,66.92
1991-07-29,,0.05118110236220473,,,75.92,69.08
1991-07-30,,0.0,,,75.92,66.92
1991-07-31,,0.0,,,78.98,71.96
1991-08-01,,0.0,,,84.02,71.06
1991-08-02,,0.0,,,87.98,75.02
1991-08-03,,0.0,,,84.91999999999999,75.92
1991-08-04,,0.0,,,87.08000000000001,77.0
1991-08-05,,0.0,,,86.0,69.98
1991-08-06,,0.0,,,80.06,66.92
1991-08-07,,0.0,,,80.06,68.0
1991-08-08,,0.0,,,84.02,69.98
1991-08-09,,0.4488188976377953,,,77.0,73.94
1991-08-10,,0.0,,,84.91999999999999,73.04
1991-08-11,,0.0,,,82.94,69.08
1991-08-12,,0.0,,,84.91999999999999,69.08
1991-08-13,,0.0,,,84.02,69.98
1991-08-14,,0.0,,,80.96,71.96
1991-08-15,,0.5,,,75.92,69.98
1991-08-16,,0.0,,,84.02,69.08
1991-08-17,,0.0,,,80.06,71.96
1991-08-18,,0.2283464566929134,,,80.06,71.96
1991-08-19,,2.858267716535433,,,84.91999999999999,69.08
1991-08-20,,0.8188976377952757,,,77.0,69.98
1991-08-21,,0.0,,,82.04,69.08
1991-08-22,,0.0,,,80.96,66.92
1991-08-23,,0.0,,,80.96,69.98
1991-08-24,,0.0,,,78.98,69.98
1991-08-25,,0.0,,,73.04,68.0
1991-08-26,,0.0,,,77.0,66.92
1991-08-27,,0.0,,,80.06,68.0
1991-08-28,,0.0,,,82.04,73.04
1991-08-29,,0.0,,,91.94,75.02
1991-08-30,,0.0,,,86.0,75.02
1991-08-31,,0.0,,,93.02,71.96
1991-09-01,,0.0,,,71.96,60.980000000000004
1991-09-02,,0.0,,,69.98,59.0
1991-09-03,,0.0,,,73.94,60.980000000000004
1991-09-04,,0.0,,,75.92,69.98
1991-09-05,,0.011811023622047244,,,80.96,69.98
1991-09-06,,0.0,,,75.92,66.92
1991-09-07,,0.0,,,78.08,64.94
1991-09-08,,0.0,,,84.02,66.92
1991-09-09,,0.0,,,82.04,71.06
1991-09-10,,0.0,,,77.0,69.98
1991-09-11,,0.0,,,84.02,66.92
1991-09-12,,0.0,,,69.98,60.08
1991-09-13,,0.0,,,75.92,62.059999999999995
1991-09-14,,0.48031496062992124,,,71.96,64.94
1991-09-15,,0.0,,,78.08,64.94
1991-09-16,,0.0,,,80.06,73.04
1991-09-17,,0.0,,,80.96,75.02
1991-09-18,,0.0,,,80.06,73.94
1991-09-19,,0.1889763779527559,,,78.08,55.04
1991-09-20,,0.20866141732283466,,,66.02,51.98
1991-09-21,,0.0,,,66.02,50.0
1991-09-22,,0.0,,,66.92,51.98
1991-09-23,,0.01968503937007874,,,71.06,59.0
1991-09-24,,0.48031496062992124,,,71.06,62.959999999999994
1991-09-25,,0.8700787401574804,,,75.02,66.92
1991-09-26,,0.5984251968503937,,,73.04,57.02
1991-09-27,,0.0,,,66.02,53.06
1991-09-28,,0.0,,,64.94,48.92
1991-09-29,,0.0,,,69.98,57.92
1991-09-30,,0.0,,,64.04,57.02
1991-10-01,,0.0,,,73.04,60.980000000000004
1991-10-02,,0.0,,,73.04,68.0
1991-10-03,,0.16929133858267717,,,78.08,66.02
1991-10-04,,0.0,,,78.98,64.94
1991-10-05,,0.1811023622047244,,,73.94,68.0
1991-10-06,,0.01968503937007874,,,71.06,50.0
1991-10-07,,0.0,,,60.08,42.980000000000004
1991-10-08,,0.0,,,62.059999999999995,42.980000000000004
1991-10-09,,0.0,,,66.02,53.96
1991-10-10,,0.0,,,69.98,64.04
1991-10-11,,0.6889763779527559,,,66.92,51.98
1991-10-12,,0.0,,,62.959999999999994,48.02
1991-10-13,,0.0,,,64.04,46.04
1991-10-14,,0.0,,,60.08,42.980000000000004
1991-10-15,,0.12992125984251968,,,68.0,60.08
1991-10-16,,0.0,,,66.02,53.96
1991-10-17,,1.5118110236220472,,,60.08,50.0
1991-10-18,,0.0,,,71.96,48.92
1991-10-19,,0.0,,,69.08,50.0
1991-10-20,,0.0,,,55.94,41.0
1991-10-21,,0.0,,,59.0,41.0
1991-10-22,,0.0,,,62.959999999999994,50.0
1991-10-23,,0.0,,,68.0,53.06
1991-10-24,,0.0,,,71.06,55.04
1991-10-25,,0.0,,,66.92,55.94
1991-10-26,,0.0,,,62.059999999999995,55.04
1991-10-27,,0.0,,,66.02,55.04
1991-10-28,,0.0,,,60.980000000000004,48.92
1991-10-29,,0.0,,,53.06,42.980000000000004
1991-10-30,,0.0,,,62.059999999999995,41.0
1991-10-31,,0.0,,,57.02,51.08
1991-11-01,,0.0,,,59.0,53.06
1991-11-02,,0.0,,,64.04,55.94
1991-11-03,,0.0,,,57.02,46.04
1991-11-04,,0.0,,,48.02,37.04
1991-11-05,,0.0,,,48.92,32.0
1991-11-06,,0.0,,,51.98,33.08
1991-11-07,,0.0,,,55.94,37.94
1991-11-08,,0.0,,,46.94,41.0
1991-11-09,,0.0,,,46.94,37.94
1991-11-10,,0.5787401574803149,,,53.06,42.980000000000004
1991-11-11,,0.46850393700787407,,,51.98,41.0
1991-11-12,,0.0,,,50.0,35.96
1991-11-13,,0.11811023622047245,,,51.08,39.02
1991-11-14,,0.0,,,60.08,39.92
1991-11-15,,0.0,,,57.02,44.96
1991-11-16,,0.0,,,62.059999999999995,42.08
1991-11-17,,0.0,,,46.94,35.96
1991-11-18,,0.0,,,51.98,33.08
1991-11-19,,0.0,,,62.059999999999995,46.04
1991-11-20,,0.0,,,60.980000000000004,55.94
1991-11-21,,0.011811023622047244,,,64.04,57.92
1991-11-22,,0.16929133858267717,,,62.059999999999995,57.02
1991-11-23,,0.0,,,62.059999999999995,53.06
1991-11-24,,0.03149606299212599,,,62.059999999999995,37.94
1991-11-25,,0.0,,,42.980000000000004,33.08
1991-11-26,,0.0,,,42.08,28.94
1991-11-27,,0.0,,,46.04,28.94
1991-11-28,,0.0,,,53.06,37.94
1991-11-29,,0.0,,,64.04,51.08
1991-11-30,,0.0,,,60.980000000000004,55.04
1991-12-01,,0.6181102362204725,,,60.08,55.94
1991-12-02,,0.7086614173228347,,,57.02,44.96
1991-12-03,,0.8307086614173229,,,60.980000000000004,48.02
1991-12-04,,0.0,,,48.02,28.04
1991-12-05,,0.0,,,33.98,24.98
1991-12-06,,0.0,,,50.0,33.98
1991-12-07,,0.0,,,55.04,33.08
1991-12-08,,0.0,,,60.980000000000004,42.08
1991-12-09,,0.4409448818897638,,,64.04,46.04
1991-12-10,,0.40944881889763785,,,50.0,39.92
1991-12-11,,0.0,,,51.98,39.02
1991-12-12,,0.0,,,53.96,39.92
1991-12-13,,0.0,,,62.059999999999995,53.06
1991-12-14,,0.05905511811023623,,,59.0,39.92
1991-12-15,,0.0,,,41.0,33.08
1991-12-16,,0.0,,,35.96,24.98
1991-12-17,,0.0,,,48.02,26.060000000000002
1991-12-18,,0.0,,,42.980000000000004,21.92
1991-12-19,,0.0,,,30.02,17.96
1991-12-20,,0.0,,,39.92,19.939999999999998
1991-12-21,,0.011811023622047244,,,48.02,33.08
1991-12-22,,0.0,,,48.92,30.92
1991-12-23,,0.03937007874015748,,,46.04,37.04
1991-12-24,,0.0,,,42.08,30.02
1991-12-25,,0.0,,,46.04,28.94
1991-12-26,,0.0,,,42.08,26.060000000000002
1991-12-27,,0.0,,,46.94,33.08
1991-12-28,,0.0,,,46.04,28.94
1991-12-29,,1.1614173228346458,,,55.94,42.980000000000004
1991-12-30,,0.011811023622047244,,,46.04,32.0
1991-12-31,,0.0,,,35.96,26.96
1992-01-01,,0.0,,,44.96,28.04
1992-01-02,,0.0,,,48.92,35.96
1992-01-03,,0.0,,,51.08,44.96
1992-01-04,,0.5787401574803149,,,50.0,44.96
1992-01-05,,0.0,,,50.0,37.94
1992-01-06,,0.0,,,46.94,33.98
1992-01-07,,0.0,,,48.02,32.0
1992-01-08,,0.0,,,46.94,33.08
1992-01-09,,0.05905511811023623,,,46.94,35.06
1992-01-10,,0.0,,,51.98,37.04
1992-01-11,,0.0,,,42.08,33.98
1992-01-12,,0.0,,,46.04,30.92
1992-01-13,,0.01968503937007874,,,51.98,44.06
1992-01-14,,0.05905511811023623,,,60.08,33.98
1992-01-15,,0.0,,,33.98,26.060000000000002
1992-01-16,,0.0,,,35.96,17.06
1992-01-17,,0.0,,,39.02,15.979999999999997
1992-01-18,,0.0,,,35.06,21.92
1992-01-19,,0.0,,,24.98,12.920000000000002
1992-01-20,,0.0,,,37.04,17.06
1992-01-21,,0.0,,,42.08,26.060000000000002
1992-01-22,,0.0,,,41.0,28.04
1992-01-23,,0.46850393700787407,,,53.96,41.0
1992-01-24,,0.011811023622047244,,,48.02,26.060000000000002
1992-01-25,,,,,30.02,23.0
1992-01-26,,,,,33.08,23.0
1992-01-27,,0.0,,,39.02,23.0
1992-01-28,,0.0,,,41.0,30.92
1992-01-29,,0.0,,,44.06,28.04
1992-01-30,,0.0,,,42.980000000000004,30.02
1992-01-31,,0.0,,,46.94,37.04
1992-02-01,,0.0,,,39.02,24.08
1992-02-02,,0.0,,,39.02,21.02
1992-02-03,,0.0,,,44.96,28.94
1992-02-04,,0.01968503937007874,,,41.0,26.96
1992-02-05,,0.0,,,39.02,28.94
1992-02-06,,0.0,,,35.96,23.0
1992-02-07,,0.0,,,39.92,33.98
1992-02-08,,0.07086614173228346,,,35.06,30.92
1992-02-09,,0.0,,,30.92,21.92
1992-02-10,,0.0,,,32.0,17.96
1992-02-11,,0.0,,,44.96,28.94
1992-02-12,,0.0,,,39.02,19.04
1992-02-13,,,,,37.04,24.08
1992-02-14,,0.0,,,50.0,33.08
1992-02-15,,0.9488188976377954,,,51.08,33.08
1992-02-16,,0.011811023622047244,,,55.04,39.92
1992-02-17,,0.0,,,44.06,33.08
1992-02-18,,0.3503937007874016,,,46.04,39.02
1992-02-19,,0.03149606299212599,,,48.92,41.0
1992-02-20,,0.0,,,48.92,37.04
1992-02-21,,0.0,,,53.96,35.06
1992-02-22,,0.0,,,50.0,37.94
1992-02-23,,0.0,,,60.980000000000004,42.980000000000004
1992-02-24,,0.14173228346456693,,,42.980000000000004,39.02
1992-02-25,,0.14960629921259844,,,41.0,37.94
1992-02-26,,0.6811023622047244,,,42.08,37.04
1992-02-27,,0.0,,,46.94,33.08
1992-02-28,,0.0,,,50.0,39.92
1992-02-29,,0.0,,,53.06,26.96
1992-03-01,,0.0,,,51.98,23.0
1992-03-02,,0.0,,,46.04,39.02
1992-03-03,,0.0,,,42.08,37.04
1992-03-04,,0.0,,,44.96,35.96
1992-03-05,,0.0,,,51.98,37.04
1992-03-06,,0.0905511811023622,,,44.06,42.08
1992-03-07,,0.3897637795275591,,,51.98,44.06
1992-03-08,,0.0,,,64.04,44.96
1992-03-09,,0.0,,,57.92,46.04
1992-03-10,,0.3503937007874016,,,55.04,44.96
1992-03-11,,0.33070866141732286,,,53.06,28.04
1992-03-12,,0.0,,,41.0,26.96
1992-03-13,,0.0,,,37.94,26.060000000000002
1992-03-14,,0.0,,,39.02,26.060000000000002
1992-03-15,,0.0,,,37.94,26.060000000000002
1992-03-16,,0.0,,,35.06,19.939999999999998
1992-03-17,,0.0,,,53.96,28.94
1992-03-18,,0.27165354330708663,,,46.94,35.06
1992-03-19,,0.610236220472441,,,39.92,33.08
1992-03-20,,0.0,,,41.0,30.92
1992-03-21,,0.0,,,42.08,30.02
1992-03-22,,0.25984251968503935,,,42.08,26.96
1992-03-23,,0.0,,,42.08,30.92
1992-03-24,,0.0,,,46.04,26.060000000000002
1992-03-25,,0.0,,,44.96,33.98
1992-03-26,,0.5118110236220472,,,48.92,44.06
1992-03-27,,0.0,,,57.02,42.08
1992-03-28,,0.0,,,46.04,37.94
1992-03-29,,0.0,,,55.04,35.06
1992-03-30,,0.011811023622047244,,,50.0,44.06
1992-03-31,,0.14960629921259844,,,57.92,42.980000000000004
1992-04-01,,0.14173228346456693,0.0,0.0,50.0,37.94
1992-04-02,,0.0,0.0,0.0,46.04,33.08
1992-04-03,,0.0,0.0,0.0,46.04,30.02
1992-04-04,,0.0,0.0,0.0,50.0,33.08
1992-04-05,,0.0,0.0,0.0,55.04,35.06
1992-04-06,,0.0,0.0,0.0,60.980000000000004,37.94
1992-04-07,,0.0,0.0,0.0,53.96,42.980000000000004
1992-04-08,,0.0,0.0,0.0,68.0,46.04
1992-04-09,,0.03149606299212599,0.0,0.0,57.92,44.06
1992-04-10,,0.14960629921259844,0.0,0.0,64.94,46.94
1992-04-11,,0.011811023622047244,0.0,0.0,55.94,44.06
1992-04-12,,0.0,0.0,0.0,53.06,44.06
1992-04-13,,0.0,0.0,0.0,44.06,33.08
1992-04-14,,0.0,0.0,0.0,48.02,39.02
1992-04-15,,0.0,0.0,0.0,46.94,39.02
1992-04-16,,0.2519685039370079,0.0,0.0,50.0,44.06
1992-04-17,,0.03149606299212599,0.0,0.0,64.94,44.96
1992-04-18,,0.0,0.0,0.0,44.96,42.08
1992-04-19,,0.4015748031496063,0.0,0.0,44.96,42.980000000000004
1992-04-20,,0.011811023622047244,0.0,0.0,53.06,44.06
1992-04-21,,0.0,0.0,0.0,60.980000000000004,48.02
1992-04-22,,0.16929133858267717,0.0,0.0,62.059999999999995,51.08
1992-04-23,,0.0,0.0,0.0,75.92,53.96
1992-04-24,,0.0905511811023622,0.0,0.0,66.92,57.02
1992-04-25,,0.0,0.0,0.0,60.08,44.06
1992-04-26,,0.0,0.0,0.0,48.92,42.980000000000004
1992-04-27,,0.14960629921259844,0.0,0.0,53.96,44.96
1992-04-28,,0.0,0.0,0.0,51.98,44.96
1992-04-29,,0.0,0.0,0.0,50.0,42.08
1992-04-30,,0.0,0.0,0.0,51.98,44.06
1992-05-01,,0.0,,,62.059999999999995,51.08
1992-05-02,,0.03149606299212599,,,68.0,53.96
1992-05-03,,0.0,,,75.02,59.0
1992-05-04,,0.0,,,60.08,51.08
1992-05-05,,0.0,,,51.98,44.96
1992-05-06,,0.0,,,48.02,44.06
1992-05-07,,0.11811023622047245,,,48.02,44.96
1992-05-08,,0.6811023622047244,,,53.06,46.04
1992-05-09,,0.16141732283464566,,,57.02,48.02
1992-05-10,,1.078740157480315,,,60.980000000000004,51.98
1992-05-11,,0.0,,,60.08,51.08
1992-05-12,,0.0,,,55.94,48.92
1992-05-13,,0.0,,,64.04,50.0
1992-05-14,,0.0,,,71.96,55.04
1992-05-15,,0.01968503937007874,,,55.94,51.08
1992-05-16,,0.05118110236220473,,,55.94,51.08
1992-05-17,,0.0,,,53.06,46.94
1992-05-18,,0.0,,,75.92,48.02
1992-05-19,,0.0,,,62.059999999999995,50.0
1992-05-20,,0.0,,,62.059999999999995,48.02
1992-05-21,,0.0,,,77.0,42.980000000000004
1992-05-22,,0.0,,,82.04,59.0
1992-05-23,,0.0,,,80.06,64.94
1992-05-24,,0.011811023622047244,,,84.91999999999999,55.04
1992-05-25,,0.011811023622047244,,,55.04,48.02
1992-05-26,,0.07874015748031496,,,53.06,48.02
1992-05-27,,0.0,,,59.0,48.02
1992-05-28,,0.0,,,64.94,48.92
1992-05-29,,0.0,,,64.94,53.06
1992-05-30,,0.01968503937007874,0.0,0.0,60.980000000000004,55.04
1992-05-31,,0.5511811023622047,,,60.980000000000004,57.92
1992-06-01,,0.11811023622047245,,,73.04,57.02
1992-06-02,,0.0,,,66.92,55.04
1992-06-03,,0.0,,,71.06,59.0
1992-06-04,,0.03149606299212599,,,66.92,59.0
1992-06-05,,1.4803149606299213,,,64.04,60.980000000000004
1992-06-06,,0.0,,,69.98,60.08
1992-06-07,,0.0,,,73.04,64.04
1992-06-08,,,,,75.92,66.92
1992-06-09,,,,,73.94,64.94
1992-06-10,,,,,71.06,60.980000000000004
1992-06-11,,,,,68.0,59.0
1992-06-12,,0.0,,,71.06,60.980000000000004
1992-06-13,,0.0,,,73.94,62.059999999999995
1992-06-14,,0.0,,,71.96,66.02
1992-06-15,,0.0,,,80.96,64.04
1992-06-16,,0.0,,,69.08,62.059999999999995
1992-06-17,,0.0,,,69.98,62.059999999999995
1992-06-18,,0.0,,,71.06,64.04
1992-06-19,,0.01968503937007874,,,71.06,66.92
1992-06-20,,0.03149606299212599,,,80.06,62.059999999999995
1992-06-21,,0.05118110236220473,,,71.06,53.96
1992-06-22,,0.0,,,64.04,51.08
1992-06-23,,0.0,,,66.92,51.98
1992-06-24,,0.01968503937007874,,,69.08,64.04
1992-06-25,,0.0,,,77.0,64.04
1992-06-26,,0.0,,,73.04,64.04
1992-06-27,,0.0,,,75.02,64.94
1992-06-28,,0.0,,,80.06,62.959999999999994
1992-06-29,,0.0,,,73.94,64.94
1992-06-30,,0.0,,,73.94,66.92
1992-07-01,,0.6181102362204725,,,80.96,69.98
1992-07-02,,0.0,,,73.04,64.04
1992-07-03,,0.33858267716535434,,,71.06,64.04
1992-07-04,,0.8897637795275591,,,82.04,66.02
1992-07-05,,0.0,,,78.98,66.02
1992-07-06,,0.03937007874015748,,,73.94,66.92
1992-07-07,,0.0,,,75.02,64.94
1992-07-08,,0.011811023622047244,,,80.96,64.94
1992-07-09,,0.11811023622047245,,,91.03999999999999,69.98
1992-07-10,,0.01968503937007874,,,87.98,73.04
1992-07-11,,0.12992125984251968,,,89.96000000000001,75.02
1992-07-12,,0.0,,,82.04,73.94
1992-07-13,,0.0,,,91.94,75.02
1992-07-14,,0.0,,,93.91999999999999,73.94
1992-07-15,,0.9803149606299213,,,89.96000000000001,73.04
1992-07-16,,0.0,,,75.02,66.92
1992-07-17,,0.0,,,80.06,66.92
1992-07-18,,0.0905511811023622,,,86.0,73.04
1992-07-19,,0.0,,,80.06,71.96
1992-07-20,,0.0,,,78.08,71.06
1992-07-21,,0.011811023622047244,,,87.08000000000001,71.06
1992-07-22,,0.0,,,73.94,68.0
1992-07-23,,1.6692913385826773,,,77.0,68.0
1992-07-24,,0.0,,,69.08,66.02
1992-07-25,,0.0,,,73.04,66.02
1992-07-26,,0.31102362204724415,,,73.94,64.94
1992-07-27,,0.01968503937007874,,,84.02,71.06
1992-07-28,,0.0,,,80.96,66.92
1992-07-29,,0.0,,,78.98,66.02
1992-07-30,,0.0,,,80.06,71.06
1992-07-31,,0.641732283464567,,,78.08,71.06
1992-08-01,,0.0,,,80.06,64.94
1992-08-02,,0.0,,,80.06,64.94
1992-08-03,,0.0,,,78.08,69.98
1992-08-04,,0.011811023622047244,,,78.08,68.0
1992-08-05,,0.0,,,80.96,62.959999999999994
1992-08-06,,0.0,,,77.0,64.04
1992-08-07,,0.0,,,77.0,64.04
1992-08-08,,0.0,,,77.0,64.94
1992-08-09,,0.11023622047244094,,,80.06,73.04
1992-08-10,,0.0,,,82.94,71.06
1992-08-11,,0.14173228346456693,,,80.06,69.98
1992-08-12,,0.0,,,78.08,69.08
1992-08-13,,0.33070866141732286,,,73.94,66.02
1992-08-14,,0.20866141732283466,,,71.06,64.04
1992-08-15,,2.059055118110236,,,69.08,64.94
1992-08-16,,1.3503937007874016,,,73.04,66.02
1992-08-17,,0.7716535433070867,,,73.04,68.0
1992-08-18,,0.11023622047244094,,,78.08,68.0
1992-08-19,,0.0,,,82.04,69.08
1992-08-20,,0.0,,,75.02,64.04
1992-08-21,,0.0,,,77.0,62.059999999999995
1992-08-22,,0.0,,,82.94,62.959999999999994
1992-08-23,,0.0,,,80.06,64.04
1992-08-24,,0.0,,,77.0,66.02
1992-08-25,,0.0,,,82.04,69.98
1992-08-26,,0.0,,,87.08000000000001,73.94
1992-08-27,,0.0,,,84.91999999999999,73.04
1992-08-28,,0.01968503937007874,,,80.06,73.04
1992-08-29,,0.0,,,75.92,62.959999999999994
1992-08-30,,0.0,,,73.04,59.0
1992-08-31,,0.0,,,82.94,68.0
1992-09-01,,0.0,,,78.08,62.059999999999995
1992-09-02,,0.0,,,73.94,64.04
1992-09-03,,1.7716535433070868,,,75.92,71.06
1992-09-04,,0.0,,,80.96,69.98
1992-09-05,,0.0,,,73.04,69.08
1992-09-06,,0.05118110236220473,,,71.06,68.0
1992-09-07,,0.2283464566929134,,,73.94,68.0
1992-09-08,,0.0,,,78.08,69.98
1992-09-09,,0.0,,,78.98,73.04
1992-09-10,,0.0984251968503937,,,78.98,69.98
1992-09-11,,0.31102362204724415,,,73.94,62.059999999999995
1992-09-12,,0.0,,,69.08,55.04
1992-09-13,,0.0,,,69.98,60.08
1992-09-14,,0.0,,,71.96,57.92
1992-09-15,,0.0,,,73.94,62.059999999999995
1992-09-16,,0.0,,,75.02,60.08
1992-09-17,,0.0,,,77.0,66.92
1992-09-18,,0.0,,,75.92,71.06
1992-09-19,,0.05905511811023623,,,75.02,64.04
1992-09-20,,0.0,,,71.06,57.92
1992-09-21,,0.0,,,73.94,68.0
1992-09-22,,0.07874015748031496,,,75.92,71.06
1992-09-23,,0.20866141732283466,,,71.06,55.04
1992-09-24,,0.0,,,60.08,51.08
1992-09-25,,1.909448818897638,,,66.92,59.0
1992-09-26,,0.07874015748031496,,,68.0,64.04
1992-09-27,,0.05905511811023623,,,71.06,64.94
1992-09-28,,0.14960629921259844,,,69.98,62.059999999999995
1992-09-29,,0.0,,,66.02,48.92
1992-09-30,,0.0,,,57.02,44.06
1992-10-01,,0.0,,,60.980000000000004,42.08
1992-10-02,,0.0,,,68.0,48.02
1992-10-03,,0.0,,,73.04,55.94
1992-10-04,,0.0,,,66.02,57.92
1992-10-05,,0.0,,,59.0,46.94
1992-10-06,,0.0,,,59.0,42.980000000000004
1992-10-07,,0.0,,,62.959999999999994,46.94
1992-10-08,,0.0,,,66.92,51.98
1992-10-09,,0.14960629921259844,,,69.08,64.04
1992-10-10,,0.0,,,75.02,60.08
1992-10-11,,0.011811023622047244,,,66.92,57.02
1992-10-12,,0.0,,,66.02,50.0
1992-10-13,,0.0,,,69.08,53.96
1992-10-14,,0.0,,,66.92,50.0
1992-10-15,,0.0,,,71.96,59.0
1992-10-16,,0.0,,,69.08,64.94
1992-10-17,,0.0,,,69.08,46.94
1992-10-18,,0.0,,,57.02,42.980000000000004
1992-10-19,,0.12992125984251968,,,50.0,37.04
1992-10-20,,0.0,,,51.98,33.08
1992-10-21,,0.0,,,62.059999999999995,48.02
1992-10-22,,0.0,,,55.04,42.980000000000004
1992-10-23,,0.0,,,59.0,42.980000000000004
1992-10-24,,0.4409448818897638,,,60.980000000000004,51.98
1992-10-25,,0.0,,,55.04,39.92
1992-10-26,,0.0,,,59.0,37.04
1992-10-27,,0.0,,,60.980000000000004,46.94
1992-10-28,,0.0,,,57.92,44.06
1992-10-29,,0.0,,,62.059999999999995,48.02
1992-10-30,,0.0984251968503937,,,59.0,51.08
1992-10-31,,0.5905511811023623,,,51.08,44.96
1992-11-01,,0.0,,,50.0,44.96
1992-11-02,,0.14173228346456693,,,55.94,50.0
1992-11-03,,1.2716535433070866,,,69.08,50.0
1992-11-04,,0.20866141732283466,,,62.959999999999994,50.0
1992-11-05,,0.5,,,64.04,46.04
1992-11-06,,0.0,,,51.08,39.92
1992-11-07,,0.0,,,44.96,37.04
1992-11-08,,0.0,,,44.96,33.98
1992-11-09,,0.0,,,46.04,32.0
1992-11-10,,0.0,,,53.06,37.94
1992-11-11,,0.0,,,60.08,48.92
1992-11-12,,0.16141732283464566,,,62.059999999999995,53.06
1992-11-13,,0.20078740157480315,,,62.059999999999995,46.04
1992-11-14,,0.0,,,46.04,35.96
1992-11-15,,0.0,,,44.06,32.0
1992-11-16,,0.0,,,44.96,28.04
1992-11-17,,0.0,,,51.08,37.94
1992-11-18,,0.0,,,53.96,44.06
1992-11-19,,0.011811023622047244,,,44.06,41.0
1992-11-20,,0.0,,,48.92,35.96
1992-11-21,,0.0,,,59.0,48.92
1992-11-22,,0.05118110236220473,,,59.0,57.02
1992-11-23,,0.07086614173228346,,,71.06,53.06
1992-11-24,,0.0,,,55.94,48.02
1992-11-25,,0.07086614173228346,,,53.96,51.08
1992-11-26,,0.5511811023622047,,,60.08,53.06
1992-11-27,,0.01968503937007874,,,60.08,46.04
1992-11-28,,0.0,,,55.04,42.980000000000004
1992-11-29,,0.0,,,46.04,39.02
1992-11-30,,0.0,,,44.96,33.08
1992-12-01,,0.0,,,51.08,39.92
1992-12-02,,0.0,,,46.04,37.94
1992-12-03,,0.0,,,46.94,33.98
1992-12-04,,0.0,,,48.02,30.92
1992-12-05,,0.1811023622047244,,,46.04,32.0
1992-12-06,,0.0,,,39.02,28.04
1992-12-07,,0.0,,,42.08,35.06
1992-12-08,,0.0,,,42.08,28.94
1992-12-09,,0.0,,,35.96,24.08
1992-12-10,,0.8503937007874017,,,50.0,26.060000000000002
1992-12-11,,1.299212598425197,,,51.98,42.980000000000004
1992-12-12,,0.42913385826771655,,,46.94,33.08
1992-12-13,,0.011811023622047244,,,42.08,35.06
1992-12-14,,0.0,,,42.08,37.04
1992-12-15,,0.0,,,42.980000000000004,33.08
1992-12-16,,0.011811023622047244,,,48.92,39.02
1992-12-17,,0.38188976377952755,,,53.96,44.96
1992-12-18,,0.0,,,48.02,37.04
1992-12-19,,0.03937007874015748,,,51.08,35.96
1992-12-20,,0.33070866141732286,,,48.92,37.04
1992-12-21,,0.0,,,39.92,30.92
1992-12-22,,0.0,,,53.06,37.04
1992-12-23,,0.03937007874015748,,,48.02,37.94
1992-12-24,,0.0,,,42.980000000000004,23.0
1992-12-25,,0.0,,,42.08,21.02
1992-12-26,,0.0,,,41.0,24.98
1992-12-27,,0.0,,,39.02,21.02
1992-12-28,,0.03937007874015748,,,50.0,39.02
1992-12-29,,0.4881889763779528,,,48.92,41.0
1992-12-30,,0.14960629921259844,,,50.0,44.06
1992-12-31,,0.0,,,60.980000000000004,44.96
1993-01-01,,0.0,,,59.0,28.94
1993-01-02,,0.0,,,39.02,24.98
1993-01-03,,0.0,,,48.02,30.02
1993-01-04,,0.0,,,53.06,44.06
1993-01-05,,0.8307086614173229,,,64.94,42.980000000000004
1993-01-06,,0.0,,,48.92,37.04
1993-01-07,,0.0,,,44.06,39.02
1993-01-08,,0.5196850393700787,,,42.08,39.02
1993-01-09,,0.5118110236220472,,,39.02,33.98
1993-01-10,,0.03149606299212599,,,37.04,33.08
1993-01-11,,0.03937007874015748,,,42.980000000000004,37.04
1993-01-12,,0.20078740157480315,,,44.06,41.0
1993-01-13,,0.12992125984251968,,,48.02,41.0
1993-01-14,,0.011811023622047244,,,42.08,35.96
1993-01-15,,0.0,,,39.92,35.96
1993-01-16,,0.0,,,39.92,35.06
1993-01-17,,0.0,,,42.980000000000004,33.08
1993-01-18,,0.0,,,39.92,30.02
1993-01-19,,0.0,,,39.02,24.98
1993-01-20,,0.0,,,46.04,26.060000000000002
1993-01-21,,0.20078740157480315,,,46.94,30.02
1993-01-22,,0.24015748031496062,,,55.04,42.08
1993-01-23,,0.0,,,46.94,39.02
1993-01-24,,0.03937007874015748,,,51.08,42.08
1993-01-25,,0.0,,,44.06,30.92
1993-01-26,,0.0,,,39.02,28.04
1993-01-27,,0.0,,,46.04,33.08
1993-01-28,,0.0,,,44.06,30.02
1993-01-29,,0.0,,,46.94,24.98
1993-01-30,,0.0,,,44.06,24.08
1993-01-31,,0.0,,,51.08,33.08
1993-02-01,,0.01968503937007874,,,44.96,14.0
1993-02-02,,0.0,,,30.02,8.96
1993-02-03,,0.0,,,48.92,21.02
1993-02-04,,0.0,,,44.06,32.0
1993-02-05,,0.0,,,51.98,32.0
1993-02-06,,,,,42.08,17.06
1993-02-07,,0.0,,,37.04,12.020000000000003
1993-02-08,,0.0,,,44.06,32.0
1993-02-09,,0.0,,,37.94,24.98
1993-02-10,,0.0,,,46.94,30.92
1993-02-11,,0.0,,,42.08,33.08
1993-02-12,,1.3818897637795278,,,39.02,35.06
1993-02-13,,0.011811023622047244,,,42.08,33.98
1993-02-14,,0.0,,,41.0,32.0
1993-02-15,,0.0,,,42.980000000000004,28.04
1993-02-16,,0.2913385826771654,,,50.0,35.06
1993-02-17,,0.0,,,46.94,33.98
1993-02-18,,0.0,,,35.96,19.04
1993-02-19,,0.0,,,26.96,12.020000000000003
1993-02-20,,0.0,,,37.04,17.96
1993-02-21,,0.610236220472441,,,44.96,28.04
1993-02-22,,0.011811023622047244,,,55.04,37.04
1993-02-23,,0.0,,,37.94,28.94
1993-02-24,,0.0,,,28.94,21.02
1993-02-25,,0.0,,,32.0,17.06
1993-02-26,,0.07086614173228346,,,30.92,24.08
1993-02-27,,0.0,,,32.0,26.96
1993-02-28,,0.0,,,37.94,21.02
1993-03-01,,0.0,,,46.04,24.08
1993-03-02,,0.0,,,53.96,30.92
1993-03-03,,0.0,,,44.06,37.04
1993-03-04,,1.4606299212598426,,,44.96,37.94
1993-03-05,,0.4881889763779528,,,46.04,33.08
1993-03-06,,0.0,,,41.0,30.92
1993-03-07,,0.0,,,50.0,33.08
1993-03-08,,0.05118110236220473,,,51.98,41.0
1993-03-09,,0.0,,,48.92,37.04
1993-03-10,,0.03149606299212599,,,39.92,32.0
1993-03-11,,0.0,,,42.980000000000004,32.0
1993-03-12,,0.0,,,41.0,26.96
1993-03-13,,3.2992125984251968,,,44.96,33.08
1993-03-14,,0.0,,,33.98,21.02
1993-03-15,,0.0,,,30.92,15.979999999999997
1993-03-16,,0.0,,,42.980000000000004,30.02
1993-03-17,,0.6889763779527559,,,46.94,32.0
1993-03-18,,0.011811023622047244,,,32.0,17.96
1993-03-19,,0.0,,,30.02,17.96
1993-03-20,,0.0,,,39.02,30.02
1993-03-21,,0.01968503937007874,,,44.96,37.04
1993-03-22,,0.0,,,53.06,35.06
1993-03-23,,0.01968503937007874,,,42.08,35.06
1993-03-24,,0.5118110236220472,,,48.92,37.94
1993-03-25,,0.0,,,48.02,37.94
1993-03-26,,0.0,,,57.02,41.0
1993-03-27,,0.24015748031496062,,,46.94,41.0
1993-03-28,,0.909448818897638,,,50.0,44.06
1993-03-29,,0.4015748031496063,,,48.92,44.06
1993-03-30,,0.07086614173228346,,,50.0,44.06
1993-03-31,,0.0,,,55.04,42.08
1993-04-01,,0.5393700787401575,,,55.94,41.0
1993-04-02,,0.0,,,42.08,39.02
1993-04-03,,0.05905511811023623,,,46.94,39.02
1993-04-04,,0.0,,,48.92,37.94
1993-04-05,,0.0,,,46.04,37.04
1993-04-06,,0.0,,,42.980000000000004,39.92
1993-04-07,,0.0,,,51.08,37.94
1993-04-08,,0.0,,,51.08,35.06
1993-04-09,,0.0,,,53.06,42.08
1993-04-10,,0.05118110236220473,,,55.04,46.94
1993-04-11,,0.03149606299212599,,,60.980000000000004,44.06
1993-04-12,,0.0,,,60.980000000000004,42.08
1993-04-13,,0.0,,,62.959999999999994,41.0
1993-04-14,,0.01968503937007874,,,51.98,41.0
1993-04-15,,0.0,,,55.94,46.94
1993-04-16,,0.6614173228346457,,,55.94,51.08
1993-04-17,,0.0,,,62.059999999999995,46.94
1993-04-18,,0.0,,,60.980000000000004,41.0
1993-04-19,,0.0,,,57.02,48.92
1993-04-20,,0.0,,,55.94,50.0
1993-04-21,,0.0,,,57.02,51.08
1993-04-22,,0.31102362204724415,,,53.96,41.0
1993-04-23,,0.0,,,60.08,42.08
1993-04-24,,0.0,,,60.980000000000004,44.06
1993-04-25,,0.0,,,55.94,51.08
1993-04-26,,0.2913385826771654,,,57.02,46.04
1993-04-27,,0.0,,,51.08,42.980000000000004
1993-04-28,,0.0,,,55.04,41.0
1993-04-29,,0.0,,,60.980000000000004,42.08
1993-04-30,,0.0,,,62.059999999999995,44.96
1993-05-01,,0.0,,,62.059999999999995,48.02
1993-05-02,,0.0,,,62.959999999999994,51.08
1993-05-03,,0.0,,,55.94,50.0
1993-05-04,,0.0,,,57.92,50.0
1993-05-05,,0.07086614173228346,,,60.980000000000004,53.06
1993-05-06,,0.0,,,80.06,55.94
1993-05-07,,0.0,,,64.94,57.02
1993-05-08,,0.0,,,57.92,51.08
1993-05-09,,0.0,,,69.98,51.98
1993-05-10,,0.0,,,78.08,55.94
1993-05-11,,0.0,,,73.94,59.0
1993-05-12,,0.2519685039370079,,,84.91999999999999,62.059999999999995
1993-05-13,,0.0,,,71.96,55.04
1993-05-14,,0.0,,,60.980000000000004,51.98
1993-05-15,,0.0,,,64.04,53.96
1993-05-16,,0.1889763779527559,,,71.96,60.08
1993-05-17,,0.0,,,62.959999999999994,55.04
1993-05-18,,0.33858267716535434,,,57.02,53.06
1993-05-19,,0.2992125984251969,,,60.980000000000004,55.04
1993-05-20,,0.2992125984251969,,,59.0,53.06
1993-05-21,,0.0,,,64.04,48.92
1993-05-22,,0.01968503937007874,,,68.0,51.08
1993-05-23,,0.0,,,73.94,51.08
1993-05-24,,0.0,,,66.02,60.08
1993-05-25,,0.011811023622047244,,,73.04,62.059999999999995
1993-05-26,,0.011811023622047244,,,75.02,60.08
1993-05-27,,0.0,,,78.98,57.02
1993-05-28,,0.0,,,73.94,60.08
1993-05-29,,0.0,,,77.0,57.02
1993-05-30,,0.0,,,75.92,51.08
1993-05-31,,0.751968503937008,,,64.04,57.92
1993-06-01,,0.20866141732283466,,,71.06,57.02
1993-06-02,,0.0,,,64.04,51.08
1993-06-03,,0.05118110236220473,,,64.04,57.02
1993-06-04,,0.0,,,64.04,57.92
1993-06-05,,0.01968503937007874,,,66.92,57.92
1993-06-06,,0.0,,,71.96,55.94
1993-06-07,,0.0,,,75.92,55.94
1993-06-08,,0.05905511811023623,,,71.06,62.059999999999995
1993-06-09,,0.0,,,80.06,64.04
1993-06-10,,0.0,,,89.06,73.04
1993-06-11,,0.0,,,86.0,66.92
1993-06-12,,0.0,,,69.08,62.059999999999995
1993-06-13,,0.0,,,69.08,60.980000000000004
1993-06-14,,0.0,,,69.98,59.0
1993-06-15,,0.0,,,71.96,66.02
1993-06-16,,0.0,,,78.98,66.92
1993-06-17,,0.0,,,73.94,62.059999999999995
1993-06-18,,0.0,,,77.0,66.02
1993-06-19,,0.0,,,91.94,71.06
1993-06-20,,0.0,,,78.08,71.96
1993-06-21,,0.20866141732283466,,,75.92,68.0
1993-06-22,,0.0,,,84.91999999999999,69.08
1993-06-23,,0.0,,,82.94,62.959999999999994
1993-06-24,,0.0,,,75.02,62.059999999999995
1993-06-25,,0.0,,,73.04,64.94
1993-06-26,,0.0,,,75.02,68.0
1993-06-27,,0.33858267716535434,,,75.92,66.92
1993-06-28,,0.0,,,78.08,69.08
1993-06-29,,0.0,,,80.06,68.0
1993-06-30,,0.2795275590551181,,,78.98,68.0
1993-07-01,,0.0,,,75.02,68.0
1993-07-02,,0.0,,,71.96,69.08
1993-07-03,,0.0,,,84.91999999999999,71.06
1993-07-04,,0.0,,,86.0,73.04
1993-07-05,,0.0,,,80.96,73.04
1993-07-06,,0.0,,,80.06,73.04
1993-07-07,,0.0,,,82.94,75.92
1993-07-08,,0.0,,,96.08000000000001,77.0
1993-07-09,,0.0,,,96.98,78.98
1993-07-10,,0.0,,,98.96000000000001,80.06
1993-07-11,,0.0,,,86.0,78.98
1993-07-12,,0.0,,,93.02,75.92
1993-07-13,,0.0,,,87.08000000000001,77.0
1993-07-14,,0.6181102362204725,,,86.0,73.94
1993-07-15,,0.01968503937007874,,,87.08000000000001,73.94
1993-07-16,,0.0,,,84.91999999999999,66.92
1993-07-17,,0.0,,,78.98,66.92
1993-07-18,,0.0,,,78.08,64.04
1993-07-19,,1.0590551181102361,,,77.0,68.0
1993-07-20,,0.0984251968503937,,,87.08000000000001,69.98
1993-07-21,,0.0,,,84.02,71.06
1993-07-22,,0.0,,,82.94,66.92
1993-07-23,,0.0,,,84.91999999999999,66.02
1993-07-24,,0.0,,,80.96,68.0
1993-07-25,,0.0,,,82.94,73.04
1993-07-26,,0.0,,,77.0,71.96
1993-07-27,,0.0,,,80.06,73.04
1993-07-28,,0.0,,,84.02,73.94
1993-07-29,,0.0905511811023622,,,89.06,71.96
1993-07-30,,0.0,,,86.0,71.06
1993-07-31,,0.0,,,80.96,66.92
1993-08-01,,0.0,,,82.04,69.98
1993-08-02,,0.0,,,78.98,73.04
1993-08-03,,0.0,,,86.0,73.04
1993-08-04,,0.0,,,91.03999999999999,71.06
1993-08-05,,0.0,,,78.98,68.0
1993-08-06,,0.2992125984251969,,,73.94,64.04
1993-08-07,,0.12992125984251968,,,73.04,64.04
1993-08-08,,1.1811023622047245,,,78.08,69.08
1993-08-09,,0.0,,,78.08,68.0
1993-08-10,,0.0,,,77.0,68.0
1993-08-11,,0.0,,,75.92,66.02
1993-08-12,,0.0,,,80.06,68.0
1993-08-13,,0.0905511811023622,,,78.98,66.92
1993-08-14,,0.0,,,78.98,71.06
1993-08-15,,0.0,,,82.04,71.06
1993-08-16,,0.011811023622047244,,,78.98,75.02
1993-08-17,,1.2086614173228347,,,80.96,69.98
1993-08-18,,0.0,,,77.0,71.06
1993-08-19,,0.0,,,75.92,66.92
1993-08-20,,1.0118110236220472,,,78.08,71.06
1993-08-21,,0.0,,,80.96,69.98
1993-08-22,,0.0,,,78.98,66.02
1993-08-23,,0.0,,,75.92,71.06
1993-08-24,,0.0,,,77.0,71.06
1993-08-25,,0.0,,,82.94,73.94
1993-08-26,,0.0,,,86.0,73.94
1993-08-27,,0.0,,,84.02,75.02
1993-08-28,,0.5984251968503937,,,82.04,75.02
1993-08-29,,0.0,,,78.98,71.96
1993-08-30,,0.0,,,80.96,71.06
1993-08-31,,0.0,,,82.04,73.94
1993-09-01,,0.11811023622047245,,,86.0,75.92
1993-09-02,,0.0,,,86.0,75.02
1993-09-03,,0.0,,,84.02,78.08
1993-09-04,,0.0,,,82.04,73.04
1993-09-05,,0.0,,,80.06,71.06
1993-09-06,,0.0,,,80.96,66.92
1993-09-07,,0.0,,,80.96,71.06
1993-09-08,,0.0,,,78.98,68.0
1993-09-09,,0.07874015748031496,,,77.0,64.94
1993-09-10,,0.0,,,82.94,66.02
1993-09-11,,0.0,,,71.96,57.02
1993-09-12,,0.0,,,71.06,55.04
1993-09-13,,0.0,,,75.02,69.08
1993-09-14,,0.0,,,75.02,69.98
1993-09-15,,0.0,,,75.92,69.08
1993-09-16,,0.011811023622047244,,,71.06,64.04
1993-09-17,,0.011811023622047244,,,69.08,64.04
1993-09-18,,0.03149606299212599,,,69.08,62.959999999999994
1993-09-19,,0.0,,,71.96,55.94
1993-09-20,,0.0,,,64.04,48.02
1993-09-21,,0.3503937007874016,,,66.92,62.059999999999995
1993-09-22,,0.0,,,69.08,60.08
1993-09-23,,0.01968503937007874,,,71.06,57.92
1993-09-24,,0.011811023622047244,,,69.98,57.92
1993-09-25,,0.16141732283464566,,,71.06,60.08
1993-09-26,,0.14173228346456693,,,75.02,66.02
1993-09-27,,0.16929133858267717,,,73.04,60.980000000000004
1993-09-28,,0.0,,,66.02,53.96
1993-09-29,,0.0,,,68.0,53.06
1993-09-30,,0.14173228346456693,,,60.980000000000004,46.04
1993-10-01,,0.0,,,62.959999999999994,44.96
1993-10-02,,0.0,,,68.0,60.980000000000004
1993-10-03,,0.03937007874015748,,,66.02,55.04
1993-10-04,,0.0,,,71.96,57.02
1993-10-05,,0.0,,,64.94,51.98
1993-10-06,,0.0,,,64.04,48.02
1993-10-07,,0.0,,,68.0,60.08
1993-10-08,,0.0,,,71.96,60.08
1993-10-09,,0.01968503937007874,,,69.98,57.92
1993-10-10,,0.1811023622047244,,,64.94,42.980000000000004
1993-10-11,,0.0,,,57.92,41.0
1993-10-12,,1.0,,,62.059999999999995,50.0
1993-10-13,,0.0,,,60.980000000000004,48.02
1993-10-14,,0.0,,,60.980000000000004,48.92
1993-10-15,,0.0,,,64.04,55.04
1993-10-16,,0.0,,,64.94,53.06
1993-10-17,,0.011811023622047244,,,64.94,57.02
1993-10-18,,0.0,,,73.04,57.92
1993-10-19,,0.0,,,60.08,55.94
1993-10-20,,0.4881889763779528,,,62.959999999999994,60.08
1993-10-21,,0.05905511811023623,,,66.92,57.02
1993-10-22,,0.0,,,60.08,48.02
1993-10-23,,0.0,,,60.980000000000004,42.08
1993-10-24,,0.0,,,60.08,46.94
1993-10-25,,0.0,,,71.06,51.98
1993-10-26,,0.14173228346456693,,,60.08,55.94
1993-10-27,,0.8818897637795275,,,62.959999999999994,53.96
1993-10-28,,0.05118110236220473,,,57.92,46.04
1993-10-29,,0.0,,,62.059999999999995,46.04
1993-10-30,,0.751968503937008,,,57.92,51.08
1993-10-31,,0.1889763779527559,,,57.02,44.06
1993-11-01,,0.0,,,44.96,37.94
1993-11-02,,0.0,,,53.96,33.08
1993-11-03,,0.0,,,50.0,41.0
1993-11-04,,0.0,,,55.04,39.02
1993-11-05,,0.2913385826771654,,,60.08,55.04
1993-11-06,,0.14173228346456693,,,60.08,42.08
1993-11-07,,0.0,,,48.92,37.04
1993-11-08,,0.0,,,50.0,33.98
1993-11-09,,0.0,,,53.96,37.04
1993-11-10,,0.0,,,51.98,39.02
1993-11-11,,0.0,,,55.04,37.04
1993-11-12,,0.0,,,66.92,50.0
1993-11-13,,0.05118110236220473,,,59.0,51.08
1993-11-14,,0.0,,,66.92,57.02
1993-11-15,,0.0,,,78.08,60.08
1993-11-16,,0.0,,,62.959999999999994,50.0
1993-11-17,,0.31102362204724415,,,60.980000000000004,51.08
1993-11-18,,0.0,,,57.92,48.02
1993-11-19,,0.0,,,60.980000000000004,51.08
1993-11-20,,0.0,,,55.04,35.06
1993-11-21,,0.0,,,48.02,33.98
1993-11-22,,0.0,,,57.92,42.08
1993-11-23,,0.0,,,59.0,42.08
1993-11-24,,0.0,,,60.980000000000004,42.08
1993-11-25,,0.0,,,50.0,33.98
1993-11-26,,0.0,,,46.04,32.0
1993-11-27,,0.0,,,59.0,46.04
1993-11-28,,0.5,,,60.980000000000004,44.06
1993-11-29,,0.0,,,48.92,35.06
1993-11-30,,0.0,,,44.96,33.08
1993-12-01,,0.0,,,46.04,33.08
1993-12-02,,0.0,,,53.06,42.08
1993-12-03,,0.0,,,59.0,41.0
1993-12-04,,0.31102362204724415,,,57.02,42.980000000000004
1993-12-05,,3.279527559055118,,,59.0,41.0
1993-12-06,,0.0,,,46.04,35.96
1993-12-07,,0.0,,,53.96,39.92
1993-12-08,,0.0,,,51.98,37.94
1993-12-09,,0.0,,,51.98,35.96
1993-12-10,,0.12992125984251968,,,55.94,48.02
1993-12-11,,0.2992125984251969,,,51.08,26.060000000000002
1993-12-12,,0.0,,,37.04,24.08
1993-12-13,,0.0,,,50.0,28.94
1993-12-14,,0.0,,,51.08,37.94
1993-12-15,,0.0984251968503937,,,46.04,42.980000000000004
1993-12-16,,0.1811023622047244,,,46.94,37.04
1993-12-17,,0.0,,,42.08,30.02
1993-12-18,,0.05118110236220473,,,46.04,33.98
1993-12-19,,0.0,,,46.04,37.04
1993-12-20,,0.07086614173228346,,,48.92,35.06
1993-12-21,,0.7086614173228347,,,53.96,35.06
1993-12-22,,0.0,,,39.92,33.08
1993-12-23,,0.0,,,37.94,30.02
1993-12-24,,0.0,,,39.92,24.98
1993-12-25,,0.0,,,37.04,28.04
1993-12-26,,0.0,,,35.06,21.02
1993-12-27,,0.0,,,21.92,15.079999999999998
1993-12-28,,,,,24.08,21.02
1993-12-29,,0.07874015748031496,,,33.98,19.939999999999998
1993-12-30,,0.0,,,26.96,19.04
1993-12-31,,0.0,,,33.08,17.06
1994-01-01,,0.12992125984251968,,,42.08,28.94
1994-01-02,,0.31102362204724415,,,48.92,35.06
1994-01-03,,0.1889763779527559,,,42.08,32.0
1994-01-04,,0.3188976377952756,,,48.02,28.04
1994-01-05,,0.0,,,35.96,24.08
1994-01-06,,0.0,,,42.980000000000004,21.02
1994-01-07,,0.33070866141732286,,,44.06,33.98
1994-01-08,,0.6496062992125985,,,39.92,15.979999999999997
1994-01-09,,0.0,,,26.96,15.079999999999998
1994-01-10,,0.0,,,30.02,17.06
1994-01-11,,0.0,,,39.02,21.92
1994-01-12,,0.31102362204724415,,,39.02,33.08
1994-01-13,,0.0,,,42.980000000000004,32.0
1994-01-14,,0.01968503937007874,,,37.04,23.0
1994-01-15,,0.0,,,23.0,6.979999999999997
1994-01-16,,0.0,,,17.06,5.0
1994-01-17,,0.610236220472441,,,48.92,14.0
1994-01-18,,0.3503937007874016,,,39.02,3.919999999999998
1994-01-19,,0.0,,,10.04,-2.9200000000000017
1994-01-20,,0.0,,,17.96,3.0199999999999996
1994-01-21,,0.0,,,26.96,6.080000000000002
1994-01-22,,0.0,,,33.08,15.079999999999998
1994-01-23,,0.0,,,39.02,21.92
1994-01-24,,0.0,,,53.06,35.96
1994-01-25,,0.05118110236220473,,,41.0,32.0
1994-01-26,,0.1889763779527559,,,37.04,26.060000000000002
1994-01-27,,0.03937007874015748,,,37.94,24.08
1994-01-28,,0.5,,,51.08,37.94
1994-01-29,,0.0,,,46.04,33.98
1994-01-30,,0.0,,,35.96,30.02
1994-01-31,,0.0,,,35.06,24.08
1994-02-01,,0.0,,,33.08,23.0
1994-02-02,,0.0,,,28.04,19.04
1994-02-03,,0.0,,,42.08,21.02
1994-02-04,,0.0,,,41.0,24.98
1994-02-05,,0.01968503937007874,,,39.92,33.08
1994-02-06,,0.0,,,42.980000000000004,28.04
1994-02-07,,0.0,,,53.06,30.92
1994-02-08,,,,,33.98,28.94
1994-02-09,,0.46062992125984253,,,33.98,19.04
1994-02-10,,0.0,,,26.96,10.940000000000001
1994-02-11,,1.0393700787401574,,,33.98,21.92
1994-02-12,,0.011811023622047244,,,33.98,26.060000000000002
1994-02-13,,0.0,,,35.96,32.0
1994-02-14,,0.0,,,35.06,24.08
1994-02-15,,0.0,,,42.980000000000004,24.08
1994-02-16,,0.0,,,44.96,30.02
1994-02-17,,0.0,,,39.92,24.98
1994-02-18,,0.0,,,53.96,33.08
1994-02-19,,0.0,,,59.0,37.94
1994-02-20,,0.0,,,57.02,42.980000000000004
1994-02-21,,0.11811023622047245,,,53.06,44.06
1994-02-22,,0.0,,,50.0,37.04
1994-02-23,,1.2519685039370079,,,41.0,35.96
1994-02-24,,0.2519685039370079,,,48.02,33.98
1994-02-25,,0.0,,,42.980000000000004,28.94
1994-02-26,,0.0,,,42.980000000000004,21.92
1994-02-27,,0.0,,,26.96,14.0
1994-02-28,,0.0,,,35.96,15.979999999999997
1994-03-01,,0.0,,,33.98,24.98
1994-03-02,,1.3307086614173227,,,41.0,30.92
1994-03-03,,1.4015748031496065,,,46.04,33.08
1994-03-04,,0.0,,,48.02,33.08
1994-03-05,,0.0,,,48.92,35.06
1994-03-06,,0.0,,,41.0,30.92
1994-03-07,,0.0,,,53.06,35.96
1994-03-08,,0.12992125984251968,,,51.08,42.08
1994-03-09,,0.40944881889763785,,,42.980000000000004,33.98
1994-03-10,,1.2598425196850394,,,48.92,37.94
1994-03-11,,0.0,,,44.96,35.06
1994-03-12,,0.0,,,39.02,28.04
1994-03-13,,0.0,,,44.06,35.96
1994-03-14,,0.0,,,55.94,39.92
1994-03-15,,0.12992125984251968,,,50.0,37.94
1994-03-16,,0.0,,,44.96,26.96
1994-03-17,,0.0,,,39.02,21.92
1994-03-18,,0.011811023622047244,,,42.08,30.02
1994-03-19,,0.0,,,44.96,30.92
1994-03-20,,0.0,,,51.08,33.08
1994-03-21,,0.5708661417322834,,,48.92,33.08
1994-03-22,,0.20866141732283466,,,55.04,42.08
1994-03-23,,0.0,,,69.08,42.980000000000004
1994-03-24,,0.0,,,57.02,48.02
1994-03-25,,0.33858267716535434,,,55.94,37.04
1994-03-26,,0.0,,,46.94,33.98
1994-03-27,,0.3503937007874016,,,51.98,39.02
1994-03-28,,1.4094488188976377,,,51.98,46.04
1994-03-29,,0.8582677165354331,,,46.94,39.02
1994-03-30,,0.0,,,51.98,35.96
1994-03-31,,0.07086614173228346,,,51.08,39.02
1994-04-01,,0.2992125984251969,,,60.08,42.980000000000004
1994-04-02,,0.0,,,50.0,44.06
1994-04-03,,0.0,,,53.96,48.02
1994-04-04,,0.0,,,53.96,42.08
1994-04-05,,0.0,,,51.08,39.02
1994-04-06,,0.11023622047244094,,,53.96,48.92
1994-04-07,,0.0984251968503937,,,57.02,42.08
1994-04-08,,0.0,,,50.0,33.98
1994-04-09,,0.0,,,51.98,42.08
1994-04-10,,0.16141732283464566,,,59.0,51.08
1994-04-11,,0.0,,,53.96,44.96
1994-04-12,,0.0,,,51.08,44.96
1994-04-13,,1.2795275590551183,,,59.0,44.96
1994-04-14,,0.0905511811023622,,,64.04,51.98
1994-04-15,,0.0,,,69.98,55.04
1994-04-16,,0.03937007874015748,,,66.92,51.98
1994-04-17,,0.0,,,64.94,50.0
1994-04-18,,0.0,,,69.08,48.02
1994-04-19,,0.0,,,69.98,53.06
1994-04-20,,0.011811023622047244,,,69.08,53.96
1994-04-21,,0.0,,,57.92,48.02
1994-04-22,,0.0,,,55.04,44.06
1994-04-23,,0.0,,,53.96,42.08
1994-04-24,,0.0,,,75.02,48.92
1994-04-25,,0.0,,,84.91999999999999,50.0
1994-04-26,,0.0,,,60.980000000000004,48.92
1994-04-27,,0.0,,,71.06,51.08
1994-04-28,,0.0,,,69.08,53.06
1994-04-29,,0.0,,,60.08,53.06
1994-04-30,,0.0,,,71.96,55.94
1994-05-01,,0.14960629921259844,,,69.98,50.0
1994-05-02,,0.0,,,59.0,44.96
1994-05-03,,0.0,,,55.94,48.02
1994-05-04,,0.6496062992125985,,,53.06,50.0
1994-05-05,,0.01968503937007874,,,66.02,51.08
1994-05-06,,0.03937007874015748,,,66.92,51.98
1994-05-07,,0.24015748031496062,,,57.02,46.04
1994-05-08,,0.11811023622047245,,,66.02,55.04
1994-05-09,,0.0,,,69.08,50.0
1994-05-10,,0.0,,,68.0,53.96
1994-05-11,,0.0,,,62.059999999999995,48.02
1994-05-12,,0.12992125984251968,,,66.02,51.08
1994-05-13,,0.0,,,66.02,46.94
1994-05-14,,0.0,,,71.96,44.06
1994-05-15,,0.0,,,64.94,55.94
1994-05-16,,0.05905511811023623,,,77.0,55.04
1994-05-17,,0.0,,,60.08,48.02
1994-05-18,,0.46850393700787407,,,64.04,50.0
1994-05-19,,0.2204724409448819,,,51.98,48.92
1994-05-20,,0.01968503937007874,,,51.08,46.94
1994-05-21,,0.0,,,57.92,44.96
1994-05-22,,0.0,,,64.94,48.02
1994-05-23,,0.0,,,75.02,53.96
1994-05-24,,0.0,,,80.06,62.959999999999994
1994-05-25,,0.46850393700787407,,,73.94,62.059999999999995
1994-05-26,,0.7795275590551182,,,69.98,60.980000000000004
1994-05-27,,0.0,,,64.94,51.08
1994-05-28,,0.0,,,62.959999999999994,48.02
1994-05-29,,0.0,,,66.92,57.02
1994-05-30,,0.0,,,68.0,60.08
1994-05-31,,0.0,,,68.0,62.059999999999995
1994-06-01,,0.0,,,86.0,62.059999999999995
1994-06-02,,0.0,,,71.06,57.92
1994-06-03,,0.0,,,78.08,51.98
1994-06-04,,0.0,,,75.02,57.02
1994-06-05,,0.0,,,69.98,60.08
1994-06-06,,0.07086614173228346,,,69.08,64.94
1994-06-07,,0.0,,,82.04,64.04
1994-06-08,,0.14960629921259844,,,73.94,62.059999999999995
1994-06-09,,0.0,,,69.08,55.04
1994-06-10,,0.0,,,77.0,60.08
1994-06-11,,0.0,,,75.02,60.980000000000004
1994-06-12,,0.0,,,73.04,66.02
1994-06-13,,0.0,,,75.02,66.92
1994-06-14,,0.0,,,75.92,68.0
1994-06-15,,0.03149606299212599,,,82.94,68.0
1994-06-16,,0.0,,,73.94,66.02
1994-06-17,,0.0,,,75.92,64.94
1994-06-18,,0.0,,,77.0,69.08
1994-06-19,,1.4881889763779528,,,86.0,71.96
1994-06-20,,0.0,,,73.94,66.92
1994-06-21,,0.0,,,75.92,66.92
1994-06-22,,0.0,,,84.91999999999999,71.96
1994-06-23,,0.0,,,82.04,66.92
1994-06-24,,0.0,,,80.96,71.06
1994-06-25,,0.0,,,78.98,73.04
1994-06-26,,0.0,,,77.0,68.0
1994-06-27,,0.0,,,75.92,64.04
1994-06-28,,0.0,,,73.94,64.04
1994-06-29,,0.0,,,78.08,62.959999999999994
1994-06-30,,0.11811023622047245,,,69.98,64.04
1994-07-01,,0.0,,,78.08,66.02
1994-07-02,,0.0,,,78.08,62.959999999999994
1994-07-03,,0.909448818897638,,,80.06,64.04
1994-07-04,,0.0,,,75.02,64.04
1994-07-05,,0.0,,,80.06,66.02
1994-07-06,,0.0,,,82.94,71.06
1994-07-07,,0.0,,,87.08000000000001,71.96
1994-07-08,,0.0,,,84.02,73.94
1994-07-09,,0.0,,,87.98,73.94
1994-07-10,,0.0,,,87.98,75.02
1994-07-11,,0.0,,,77.0,66.92
1994-07-12,,0.0,,,80.06,66.92
1994-07-13,,0.0,,,84.02,71.96
1994-07-14,,1.1299212598425197,,,87.08000000000001,71.06
1994-07-15,,0.011811023622047244,,,84.91999999999999,71.96
1994-07-16,,0.0,,,84.91999999999999,75.02
1994-07-17,,0.0,,,87.08000000000001,71.96
1994-07-18,,0.7007874015748032,,,77.0,73.04
1994-07-19,,0.0,,,82.94,73.94
1994-07-20,,0.0,,,82.94,77.0
1994-07-21,,0.0,,,82.04,77.0
1994-07-22,,0.0,,,78.08,71.96
1994-07-23,,0.20078740157480315,,,73.94,69.08
1994-07-24,,0.12992125984251968,,,80.06,68.0
1994-07-25,,0.0,,,80.96,68.0
1994-07-26,,0.2992125984251969,,,78.08,68.0
1994-07-27,,0.0,,,80.06,68.0
1994-07-28,,0.20078740157480315,,,73.94,68.0
1994-07-29,,0.0,,,75.92,66.92
1994-07-30,,0.011811023622047244,,,78.08,69.08
1994-07-31,,0.0905511811023622,,,77.0,69.08
1994-08-01,,0.0,,,80.06,69.08
1994-08-02,,0.0,,,80.96,71.96
1994-08-03,,0.01968503937007874,,,82.04,71.96
1994-08-04,,0.0,,,82.04,73.94
1994-08-05,,1.188976377952756,,,77.0,62.059999999999995
1994-08-06,,0.0,,,68.0,57.02
1994-08-07,,0.0,,,73.04,57.02
1994-08-08,,0.0,,,75.92,59.0
1994-08-09,,0.0,,,75.92,62.059999999999995
1994-08-10,,0.0,,,80.06,68.0
1994-08-11,,0.0,,,78.08,64.04
1994-08-12,,0.3503937007874016,,,78.08,68.0
1994-08-13,,0.0984251968503937,,,82.94,73.04
1994-08-14,,1.1692913385826773,,,84.02,68.0
1994-08-15,,0.03149606299212599,,,73.94,64.94
1994-08-16,,0.0,,,77.0,62.959999999999994
1994-08-17,,0.3503937007874016,,,75.92,68.0
1994-08-18,,0.0,,,78.98,71.06
1994-08-19,,0.0,,,80.96,69.98
1994-08-20,,0.0,,,77.0,66.92
1994-08-21,,0.4409448818897638,,,73.94,69.08
1994-08-22,,0.11023622047244094,,,71.06,60.08
1994-08-23,,0.01968503937007874,,,69.08,57.92
1994-08-24,,0.0,,,73.04,57.92
1994-08-25,,0.0,,,69.08,60.08
1994-08-26,,0.011811023622047244,,,73.04,64.04
1994-08-27,,0.0,,,80.06,66.92
1994-08-28,,0.20078740157480315,,,80.96,68.0
1994-08-29,,0.03937007874015748,,,82.04,60.980000000000004
1994-08-30,,0.0,,,75.92,59.0
1994-08-31,,0.0,,,73.04,64.04
1994-09-01,,0.0,,,82.94,64.94
1994-09-02,,0.0,,,69.98,59.0
1994-09-03,,0.0,,,71.06,57.02
1994-09-04,,0.0,,,66.92,59.0
1994-09-05,,0.0,,,73.04,53.06
1994-09-06,,0.0,,,75.02,55.04
1994-09-07,,0.0,,,78.98,62.059999999999995
1994-09-08,,0.0,,,78.98,57.02
1994-09-09,,0.0,,,75.02,62.959999999999994
1994-09-10,,0.0,,,77.0,60.980000000000004
1994-09-11,,0.0,,,71.96,53.96
1994-09-12,,0.0,,,77.0,53.06
1994-09-13,,0.0,,,82.04,60.08
1994-09-14,,0.0,,,89.96000000000001,66.02
1994-09-15,,0.0,,,71.96,66.92
1994-09-16,,0.0,,,73.04,66.92
1994-09-17,,0.3700787401574803,,,78.98,69.08
1994-09-18,,0.7598425196850395,,,75.92,62.059999999999995
1994-09-19,,0.0,,,78.08,55.94
1994-09-20,,0.0,,,73.04,55.04
1994-09-21,,0.0,,,75.02,57.92
1994-09-22,,1.6614173228346458,,,68.0,64.94
1994-09-23,,0.011811023622047244,,,68.0,62.959999999999994
1994-09-24,,0.0,,,73.94,62.959999999999994
1994-09-25,,0.0,,,71.06,62.959999999999994
1994-09-26,,0.0,,,71.06,68.0
1994-09-27,,0.0,,,71.96,66.92
1994-09-28,,0.0,,,73.94,60.980000000000004
1994-09-29,,0.0,,,68.0,55.94
1994-09-30,,0.0,,,68.0,51.08
1994-10-01,,0.0,,,69.08,55.94
1994-10-02,,0.0,,,69.98,53.96
1994-10-03,,0.0,,,60.980000000000004,48.02
1994-10-04,,0.0,,,62.959999999999994,46.04
1994-10-05,,0.0,,,59.0,48.02
1994-10-06,,0.0,,,64.94,44.06
1994-10-07,,0.0,,,64.04,50.0
1994-10-08,,0.0,,,68.0,53.06
1994-10-09,,0.0,,,69.98,59.0
1994-10-10,,0.0,,,62.959999999999994,48.02
1994-10-11,,0.0,,,57.92,42.980000000000004
1994-10-12,,0.0,,,60.980000000000004,44.06
1994-10-13,,0.0,,,64.94,55.04
1994-10-14,,0.0,,,60.980000000000004,55.04
1994-10-15,,0.0,,,60.08,48.02
1994-10-16,,0.0,,,64.94,44.06
1994-10-17,,0.0,,,62.059999999999995,46.04
1994-10-18,,0.0,,,68.0,50.0
1994-10-19,,0.0,,,66.92,59.0
1994-10-20,,0.0,,,71.06,59.0
1994-10-21,,0.0,,,73.04,55.04
1994-10-22,,0.0,,,71.06,51.08
1994-10-23,,1.0708661417322836,,,64.94,57.92
1994-10-24,,0.0,,,69.98,51.98
1994-10-25,,0.0,,,69.08,51.98
1994-10-26,,0.0,,,53.96,44.06
1994-10-27,,0.0,,,57.02,42.980000000000004
1994-10-28,,0.0,,,59.0,42.08
1994-10-29,,0.0,,,60.980000000000004,50.0
1994-10-30,,0.0,,,69.08,55.04
1994-10-31,,0.0,,,68.0,55.04
1994-11-01,,0.07874015748031496,,,64.94,48.92
1994-11-02,,0.0,,,60.980000000000004,48.02
1994-11-03,,0.0,,,69.08,46.04
1994-11-04,,0.0,,,66.02,57.02
1994-11-05,,0.0,,,64.94,60.980000000000004
1994-11-06,,0.24015748031496062,,,64.94,62.059999999999995
1994-11-07,,0.0,,,62.959999999999994,46.04
1994-11-08,,0.0,,,66.92,46.04
1994-11-09,,0.0,,,73.04,53.96
1994-11-10,,0.27165354330708663,,,59.0,42.08
1994-11-11,,0.0,,,51.98,35.96
1994-11-12,,0.0,,,53.96,37.94
1994-11-13,,0.0,,,64.04,46.94
1994-11-14,,0.0,,,62.059999999999995,48.92
1994-11-15,,0.0,,,69.08,55.04
1994-11-16,,0.011811023622047244,,,57.02,53.06
1994-11-17,,0.14173228346456693,,,57.02,51.08
1994-11-18,,0.20078740157480315,,,60.980000000000004,57.02
1994-11-19,,0.0984251968503937,,,66.02,48.92
1994-11-20,,0.0,,,53.06,44.06
1994-11-21,,0.8503937007874017,,,64.04,53.06
1994-11-22,,0.0,,,62.959999999999994,41.0
1994-11-23,,0.0,,,48.02,30.92
1994-11-24,,0.0,,,44.96,26.060000000000002
1994-11-25,,0.0,,,55.04,41.0
1994-11-26,,0.0,,,50.0,37.04
1994-11-27,,0.4488188976377953,,,53.96,32.0
1994-11-28,,0.2519685039370079,,,60.980000000000004,53.96
1994-11-29,,0.0,,,57.02,44.96
1994-11-30,,0.0,,,55.94,39.02
1994-12-01,,0.0,,,48.02,33.98
1994-12-02,,0.0,,,51.98,35.96
1994-12-03,,0.0,,,55.04,42.08
1994-12-04,,0.03937007874015748,,,60.980000000000004,48.02
1994-12-05,,0.7401574803149606,,,60.980000000000004,51.98
1994-12-06,,0.0,,,64.04,53.06
1994-12-07,,0.0,,,64.94,44.96
1994-12-08,,0.0,,,44.96,32.0
1994-12-09,,0.05905511811023623,,,51.08,30.02
1994-12-10,,1.0590551181102361,,,53.96,41.0
1994-12-11,,0.01968503937007874,,,53.96,35.06
1994-12-12,,0.0,,,35.06,26.060000000000002
1994-12-13,,0.0,,,46.94,28.94
1994-12-14,,0.0,,,46.94,37.94
1994-12-15,,0.05905511811023623,,,42.980000000000004,37.04
1994-12-16,,0.0,,,46.04,37.04
1994-12-17,,0.0905511811023622,,,51.08,44.06
1994-12-18,,0.0,,,51.08,37.94
1994-12-19,,0.0,,,46.04,33.98
1994-12-20,,0.0,,,48.02,30.92
1994-12-21,,0.0,,,48.92,35.06
1994-12-22,,0.0,,,48.92,33.98
1994-12-23,,0.0,,,53.06,42.08
1994-12-24,,0.12992125984251968,,,51.08,42.08
1994-12-25,,0.0,,,55.04,44.06
1994-12-26,,0.0,,,46.04,35.96
1994-12-27,,0.0,,,51.98,33.08
1994-12-28,,0.0,,,53.06,37.04
1994-12-29,,0.0,,,48.02,28.04
1994-12-30,,0.0,,,39.02,21.92
1994-12-31,,0.11811023622047245,,,46.04,24.98
1995-01-01,,0.14173228346456693,,,55.04,46.04
1995-01-02,,0.0,,,48.92,26.060000000000002
1995-01-03,,0.0,,,33.98,23.0
1995-01-04,,0.0,,,37.94,21.02
1995-01-05,,0.0,,,26.96,15.079999999999998
1995-01-06,,0.5393700787401575,,,50.0,24.08
1995-01-07,,0.9015748031496063,,,53.96,37.04
1995-01-08,,0.0,,,39.02,30.92
1995-01-09,,0.0,,,44.06,30.02
1995-01-10,,0.0,,,35.96,24.98
1995-01-11,,0.0,,,46.04,33.08
1995-01-12,,0.0,,,53.96,42.08
1995-01-13,,0.0,,,53.96,48.02
1995-01-14,,0.0,,,60.08,53.06
1995-01-15,,0.2204724409448819,,,57.02,51.08
1995-01-16,,0.16929133858267717,,,55.94,46.94
1995-01-17,,0.011811023622047244,,,53.06,46.04
1995-01-18,,0.0,,,46.94,42.08
1995-01-19,,0.0,,,46.04,42.08
1995-01-20,,0.8110236220472442,,,53.06,39.92
1995-01-21,,0.0,,,44.96,35.96
1995-01-22,,0.0,,,41.0,30.92
1995-01-23,,0.0,,,39.92,28.04
1995-01-24,,0.0,,,41.0,28.04
1995-01-25,,0.0,,,46.04,32.0
1995-01-26,,0.0,,,39.92,26.96
1995-01-27,,0.0,,,39.92,26.96
1995-01-28,,0.0,,,33.08,28.04
1995-01-29,,0.0,,,33.98,21.92
1995-01-30,,0.0,,,39.92,26.96
1995-01-31,,0.0,,,42.980000000000004,26.96
1995-02-01,,0.0,,,51.08,33.08
1995-02-02,,0.0,,,44.96,26.96
1995-02-03,,0.0,,,35.06,19.04
1995-02-04,,1.1299212598425197,,,42.08,30.92
1995-02-05,,0.0,,,30.92,10.940000000000001
1995-02-06,,0.0,,,21.02,8.96
1995-02-07,,0.0,,,28.94,15.979999999999997
1995-02-08,,0.0,,,28.94,17.06
1995-02-09,,0.0,,,30.92,15.979999999999997
1995-02-10,,0.0,,,39.92,28.04
1995-02-11,,0.0,,,50.0,33.08
1995-02-12,,0.0,,,33.98,15.079999999999998
1995-02-13,,0.0,,,28.94,12.920000000000002
1995-02-14,,0.0,,,39.02,21.02
1995-02-15,,0.33070866141732286,,,46.94,24.98
1995-02-16,,0.2795275590551181,,,46.04,35.06
1995-02-17,,0.0,,,44.96,32.0
1995-02-18,,0.0,,,42.980000000000004,28.04
1995-02-19,,0.0,,,50.0,32.0
1995-02-20,,0.0,,,48.92,35.96
1995-02-21,,0.11811023622047245,,,42.08,37.04
1995-02-22,,0.0,,,44.06,30.02
1995-02-23,,0.05905511811023623,,,46.04,37.04
1995-02-24,,0.05118110236220473,,,48.92,30.02
1995-02-25,,0.0,,,39.92,24.08
1995-02-26,,0.0,,,37.94,30.02
1995-02-27,,0.0,,,42.980000000000004,35.06
1995-02-28,,0.33070866141732286,,,48.92,39.92
1995-03-01,,0.01968503937007874,,,42.08,35.96
1995-03-02,,0.0,,,39.02,30.02
1995-03-03,,0.0,,,37.94,30.02
1995-03-04,,0.0,,,42.08,37.04
1995-03-05,,0.0,,,42.08,30.92
1995-03-06,,0.0,,,46.94,39.02
1995-03-07,,0.0,,,53.06,37.94
1995-03-08,,0.5984251968503937,,,55.04,37.04
1995-03-09,,0.11023622047244094,,,37.04,26.96
1995-03-10,,0.0,,,39.02,21.02
1995-03-11,,0.0,,,42.980000000000004,28.04
1995-03-12,,0.0,,,53.06,39.02
1995-03-13,,0.0,,,57.92,39.92
1995-03-14,,0.0,,,51.98,41.0
1995-03-15,,0.0,,,57.02,41.0
1995-03-16,,0.0,,,57.02,42.980000000000004
1995-03-17,,0.0,,,71.96,46.04
1995-03-18,,0.0,,,51.98,39.02
1995-03-19,,0.0,,,48.02,41.0
1995-03-20,,0.0,,,53.06,42.08
1995-03-21,,0.20866141732283466,,,62.059999999999995,48.02
1995-03-22,,0.01968503937007874,,,53.06,42.980000000000004
1995-03-23,,0.0,,,46.94,39.92
1995-03-24,,0.0,,,51.08,35.96
1995-03-25,,0.0,,,55.04,32.0
1995-03-26,,0.0,,,60.980000000000004,41.0
1995-03-27,,0.0,,,48.92,39.02
1995-03-28,,0.0,,,53.06,41.0
1995-03-29,,0.0,,,50.0,37.04
1995-03-30,,0.0,,,50.0,46.04
1995-03-31,,0.0,,,55.94,39.92
1995-04-01,,0.0,,,51.98,35.96
1995-04-02,,0.03937007874015748,,,48.92,37.04
1995-04-03,,0.0,,,50.0,33.98
1995-04-04,,0.0,,,68.0,33.98
1995-04-05,,0.0,,,42.08,26.060000000000002
1995-04-06,,0.0,,,48.92,32.0
1995-04-07,,0.0,,,66.02,44.96
1995-04-08,,0.0,,,53.96,42.980000000000004
1995-04-09,,0.0905511811023622,,,57.92,44.96
1995-04-10,,0.07874015748031496,,,46.94,41.0
1995-04-11,,0.0,,,48.92,44.06
1995-04-12,,0.3582677165354331,,,59.0,46.94
1995-04-13,,0.6811023622047244,,,62.059999999999995,48.02
1995-04-14,,0.0,,,53.96,41.0
1995-04-15,,0.0,,,57.02,39.02
1995-04-16,,0.0,,,64.94,39.02
1995-04-17,,0.0,,,51.08,44.96
1995-04-18,,0.0,,,57.92,46.04
1995-04-19,,0.0,,,59.0,51.08
1995-04-20,,0.0,,,64.04,53.06
1995-04-21,,0.011811023622047244,,,57.92,51.98
1995-04-22,,0.011811023622047244,,,73.04,50.0
1995-04-23,,0.0,,,62.059999999999995,46.04
1995-04-24,,0.4409448818897638,,,51.08,44.06
1995-04-25,,0.0,,,55.04,46.94
1995-04-26,,0.0,,,64.94,48.02
1995-04-27,,0.0,,,60.08,53.06
1995-04-28,,0.0,,,69.98,55.04
1995-04-29,,0.0,,,64.94,48.92
1995-04-30,,0.8307086614173229,,,55.94,48.92
1995-05-01,,0.011811023622047244,,,53.96,48.02
1995-05-02,,0.48031496062992124,,,50.0,44.96
1995-05-03,,0.0,,,64.04,44.96
1995-05-04,,0.0,,,66.02,50.0
1995-05-05,,0.16929133858267717,,,62.059999999999995,51.98
1995-05-06,,0.0,,,69.08,51.98
1995-05-07,,0.0,,,69.98,46.04
1995-05-08,,0.0,,,62.959999999999994,46.04
1995-05-09,,0.011811023622047244,,,62.059999999999995,48.02
1995-05-10,,1.3188976377952757,,,59.0,51.08
1995-05-11,,0.011811023622047244,,,60.980000000000004,53.06
1995-05-12,,0.0,,,66.92,53.06
1995-05-13,,0.0,,,69.08,53.96
1995-05-14,,0.16929133858267717,,,57.02,53.06
1995-05-15,,0.05905511811023623,,,73.04,55.04
1995-05-16,,0.0,,,64.04,50.0
1995-05-17,,1.0590551181102361,,,64.04,59.0
1995-05-18,,0.11811023622047245,,,75.02,64.04
1995-05-19,,0.2913385826771654,,,68.0,53.96
1995-05-20,,0.0,,,78.08,53.06
1995-05-21,,0.0,,,77.0,60.980000000000004
1995-05-22,,0.0,,,75.02,62.059999999999995
1995-05-23,,0.0,,,66.92,57.02
1995-05-24,,0.0,,,69.08,62.059999999999995
1995-05-25,,0.4015748031496063,,,77.0,57.02
1995-05-26,,0.0,,,60.08,57.02
1995-05-27,,0.0,,,64.04,53.96
1995-05-28,,0.011811023622047244,,,62.959999999999994,57.02
1995-05-29,,0.0,,,69.08,62.059999999999995
1995-05-30,,0.38188976377952755,,,73.04,60.980000000000004
1995-05-31,,0.0,,,78.98,59.0
1995-06-01,,0.0,,,71.96,62.059999999999995
1995-06-02,,0.0,,,73.04,64.94
1995-06-03,,0.011811023622047244,,,77.0,66.02
1995-06-04,,0.0,,,80.06,64.94
1995-06-05,,0.0,,,73.94,60.08
1995-06-06,,0.2519685039370079,,,71.06,62.059999999999995
1995-06-07,,0.7598425196850395,,,87.08000000000001,64.94
1995-06-08,,0.0,,,87.98,69.08
1995-06-09,,0.0,,,69.08,62.059999999999995
1995-06-10,,0.0,,,69.08,64.04
1995-06-11,,0.0,,,75.02,64.94
1995-06-12,,0.4015748031496063,,,73.94,60.08
1995-06-13,,0.3700787401574803,,,64.04,59.0
1995-06-14,,0.2283464566929134,,,69.98,60.08
1995-06-15,,0.0,,,75.02,60.08
1995-06-16,,0.0,,,73.94,62.959999999999994
1995-06-17,,0.0,,,75.02,62.059999999999995
1995-06-18,,0.0,,,82.04,64.04
1995-06-19,,0.0,,,82.04,66.92
1995-06-20,,0.0,,,84.91999999999999,71.06
1995-06-21,,0.0,,,73.94,66.02
1995-06-22,,0.0,,,71.96,64.94
1995-06-23,,0.8188976377952757,,,68.0,66.02
1995-06-24,,0.011811023622047244,,,71.06,66.02
1995-06-25,,0.011811023622047244,,,75.02,68.0
1995-06-26,,0.0,,,77.0,68.0
1995-06-27,,0.0,,,68.0,62.059999999999995
1995-06-28,,0.0,,,66.02,60.08
1995-06-29,,0.0,,,71.06,60.08
1995-06-30,,0.0,,,77.0,64.04
1995-07-01,,0.11811023622047245,,,75.02,69.98
1995-07-02,,0.16141732283464566,,,73.94,68.0
1995-07-03,,0.0,,,73.94,62.059999999999995
1995-07-04,,0.0,,,78.08,68.0
1995-07-05,,0.0,,,78.98,71.06
1995-07-06,,0.0,,,78.98,71.06
1995-07-07,,0.0,,,78.08,73.04
1995-07-08,,0.0,,,86.0,66.02
1995-07-09,,0.0,,,77.0,60.980000000000004
1995-07-10,,0.03149606299212599,,,77.0,66.02
1995-07-11,,0.7086614173228347,,,78.08,64.94
1995-07-12,,0.0,,,82.94,71.06
1995-07-13,,0.0,,,80.06,73.04
1995-07-14,,0.0,,,86.0,73.94
1995-07-15,,0.0,,,98.96000000000001,80.06
1995-07-16,,0.07874015748031496,,,86.0,71.96
1995-07-17,,,,,82.04,
1995-07-19,,0.0,,,87.98,73.94
1995-07-20,,0.0,,,,71.96
1995-07-21,,0.9685039370078741,,,84.02,
1995-07-22,,0.0,,,82.04,73.94
1995-07-23,,0.0,,,84.02,75.02
1995-07-24,,0.0,,,84.91999999999999,77.0
1995-07-25,,0.0,,,87.08000000000001,78.08
1995-07-26,,0.0,,,84.02,78.08
1995-07-27,,0.0,,,86.0,77.0
1995-07-28,,0.0,,,82.94,75.02
1995-07-29,,0.0,,,80.06,75.02
1995-07-30,,0.0,,,91.03999999999999,77.0
1995-07-31,,0.0,,,86.0,73.04
1995-08-01,,0.0,,,84.02,73.94
1995-08-02,,0.0,,,86.0,77.0
1995-08-03,,0.0,,,82.94,75.92
1995-08-04,,0.0,,,84.02,75.02
1995-08-05,,0.03937007874015748,,,87.08000000000001,73.94
1995-08-06,,2.3385826771653546,,,75.92,69.08
1995-08-07,,0.01968503937007874,,,71.06,66.02
1995-08-08,,0.0,,,73.94,66.92
1995-08-09,,0.0,,,78.08,62.959999999999994
1995-08-10,,0.0,,,80.06,68.0
1995-08-11,,0.0,,,82.04,73.04
1995-08-12,,0.0,,,89.06,73.94
1995-08-13,,0.0,,,82.94,75.92
1995-08-14,,0.0,,,80.96,75.02
1995-08-15,,0.0,,,80.06,75.02
1995-08-16,,0.0,,,80.06,73.94
1995-08-17,,0.0,,,80.96,77.0
1995-08-18,,0.0,,,84.02,73.94
1995-08-19,,0.0,,,75.02,69.08
1995-08-20,,0.0,,,73.94,60.980000000000004
1995-08-21,,0.0,,,84.02,64.04
1995-08-22,,0.0,,,89.96000000000001,71.06
1995-08-23,,0.0,,,78.98,64.04
1995-08-24,,0.0,,,89.96000000000001,69.98
1995-08-25,,0.0,,,84.02,66.92
1995-08-26,,0.0,,,77.0,69.98
1995-08-27,,0.0,,,78.98,73.04
1995-08-28,,0.0,,,75.02,71.06
1995-08-29,,0.0,,,75.92,64.94
1995-08-30,,0.0,,,77.0,66.02
1995-08-31,,0.0,,,78.08,68.0
1995-09-01,,0.0,,,89.96000000000001,75.02
1995-09-02,,0.0,,,77.0,69.08
1995-09-03,,0.0,,,75.92,64.94
1995-09-04,,0.0,,,78.08,66.92
1995-09-05,,0.0,,,78.98,71.06
1995-09-06,,0.0,,,78.98,68.0
1995-09-07,,0.0,,,78.08,71.96
1995-09-08,,0.0,,,80.06,71.06
1995-09-09,,0.0,,,75.92,69.98
1995-09-10,,0.0,,,77.0,60.08
1995-09-11,,0.0,,,69.08,53.96
1995-09-12,,0.0,,,73.94,59.0
1995-09-13,,0.0,,,77.0,73.04
1995-09-14,,0.0,,,80.96,71.06
1995-09-15,,0.0,,,71.96,60.980000000000004
1995-09-16,,0.16929133858267717,,,69.98,66.92
1995-09-17,,2.1692913385826773,,,73.04,64.04
1995-09-18,,0.0,,,71.96,62.059999999999995
1995-09-19,,0.0,,,71.06,60.08
1995-09-20,,0.0,,,73.94,60.08
1995-09-21,,0.0,,,73.94,68.0
1995-09-22,,0.7086614173228347,,,75.02,59.0
1995-09-23,,0.011811023622047244,,,59.0,55.04
1995-09-24,,0.0,,,64.94,53.06
1995-09-25,,0.0984251968503937,,,69.08,64.04
1995-09-26,,0.7086614173228347,,,68.0,60.980000000000004
1995-09-27,,0.0,,,75.92,57.02
1995-09-28,,0.0,,,73.04,60.08
1995-09-29,,0.0,,,68.0,62.959999999999994
1995-09-30,,0.0,,,64.94,57.02
1995-10-01,,0.0,,,69.08,55.94
1995-10-02,,0.0,,,82.04,59.0
1995-10-03,,0.0,,,77.0,62.959999999999994
1995-10-04,,0.31102362204724415,,,73.04,68.0
1995-10-05,,1.6299212598425197,,,75.02,68.0
1995-10-06,,0.0,,,82.04,71.96
1995-10-07,,0.2913385826771654,,,71.96,64.94
1995-10-08,,0.0,,,71.06,57.02
1995-10-09,,0.0,,,68.0,53.06
1995-10-10,,0.0,,,69.08,57.02
1995-10-11,,0.0,,,71.06,57.02
1995-10-12,,0.0,,,82.04,59.0
1995-10-13,,0.0,,,78.08,60.980000000000004
1995-10-14,,0.9606299212598425,,,73.94,60.08
1995-10-15,,0.3582677165354331,,,62.059999999999995,51.98
1995-10-16,,0.0,,,60.08,48.92
1995-10-17,,0.0,,,64.94,46.04
1995-10-18,,0.0,,,64.94,51.98
1995-10-19,,0.0,,,71.06,53.96
1995-10-20,,0.5,,,71.06,62.959999999999994
1995-10-21,,0.4488188976377953,,,71.06,50.0
1995-10-22,,0.0,,,64.04,48.02
1995-10-23,,0.0,,,71.06,55.04
1995-10-24,,0.0,,,69.98,60.980000000000004
1995-10-25,,0.0,,,68.0,48.92
1995-10-26,,0.0,,,62.959999999999994,44.96
1995-10-27,,0.0,,,69.98,50.0
1995-10-28,,0.5905511811023623,,,71.06,53.06
1995-10-29,,0.0,,,60.08,50.0
1995-10-30,,0.0,,,60.08,42.980000000000004
1995-10-31,,0.0,,,62.959999999999994,51.98
1995-11-01,,0.03149606299212599,,,64.04,57.02
1995-11-02,,0.11811023622047245,,,69.98,62.959999999999994
1995-11-03,,0.07086614173228346,,,71.96,50.0
1995-11-04,,0.0984251968503937,,,64.94,37.04
1995-11-05,,0.0,,,48.02,33.08
1995-11-06,,0.0,,,51.08,37.04
1995-11-07,,0.5787401574803149,,,57.02,42.08
1995-11-08,,0.0,,,48.92,35.96
1995-11-09,,0.0,,,42.08,30.92
1995-11-10,,0.0,,,57.92,33.98
1995-11-11,,0.751968503937008,,,64.94,46.94
1995-11-12,,0.31102362204724415,,,46.94,33.98
1995-11-13,,0.0,,,51.08,32.0
1995-11-14,,1.5708661417322836,,,57.02,44.96
1995-11-15,,0.0,,,48.02,35.06
1995-11-16,,0.0,,,44.06,33.08
1995-11-17,,0.0,,,46.94,30.02
1995-11-18,,0.11811023622047245,,,51.98,35.06
1995-11-19,,0.01968503937007874,,,51.08,39.92
1995-11-20,,0.0,,,48.02,35.96
1995-11-21,,0.0,,,59.0,39.02
1995-11-22,,0.0,,,44.06,33.08
1995-11-23,,0.33858267716535434,,,48.02,30.92
1995-11-24,,0.14173228346456693,,,41.0,35.96
1995-11-25,,0.0,,,42.08,35.06
1995-11-26,,0.0,,,51.08,32.0
1995-11-27,,0.0,,,57.02,42.980000000000004
1995-11-28,,0.0,,,68.0,42.980000000000004
1995-11-29,,0.4015748031496063,,,44.96,33.98
1995-11-30,,0.0,,,41.0,28.04
1995-12-01,,0.0,,,53.06,37.94
1995-12-02,,0.0,,,51.98,35.96
1995-12-03,,0.0,,,53.96,35.06
1995-12-04,,0.0,,,55.04,39.92
1995-12-05,,0.0905511811023622,,,51.98,39.92
1995-12-06,,0.07874015748031496,,,51.98,37.04
1995-12-07,,0.011811023622047244,,,42.980000000000004,30.92
1995-12-08,,0.0,,,39.92,26.96
1995-12-09,,0.40944881889763785,,,51.08,33.08
1995-12-10,,0.0,,,33.08,17.06
1995-12-11,,0.0,,,24.08,17.96
1995-12-12,,0.0,,,30.92,17.96
1995-12-13,,0.0,,,30.02,21.92
1995-12-14,,0.05118110236220473,,,48.02,26.96
1995-12-15,,0.0,,,51.08,33.98
1995-12-16,,0.6299212598425197,,,42.980000000000004,33.98
1995-12-17,,0.0,,,42.980000000000004,30.02
1995-12-18,,0.01968503937007874,,,37.04,28.04
1995-12-19,,0.8307086614173229,,,41.0,32.0
1995-12-20,,0.0,,,33.08,21.02
1995-12-21,,0.0,,,32.0,19.939999999999998
1995-12-22,,0.0,,,35.06,26.060000000000002
1995-12-23,,0.0,,,37.94,24.08
1995-12-24,,0.0,,,35.06,28.94
1995-12-25,,0.0,,,35.96,26.96
1995-12-26,,0.0,,,33.08,24.08
1995-12-27,,0.0,,,33.08,21.92
1995-12-28,,0.0,,,39.02,26.96
1995-12-29,,0.0,,,41.0,26.060000000000002
1995-12-30,,0.0,,,41.0,26.060000000000002
1995-12-31,,0.01968503937007874,,,46.04,30.92
1996-01-01,,0.01968503937007874,,,42.08,37.04
1996-01-02,,0.31102362204724415,,,42.08,37.94
1996-01-03,,0.11811023622047245,,,44.06,30.02
1996-01-04,,0.0,,,30.92,17.96
1996-01-05,,0.0,,,33.08,21.02
1996-01-06,,0.0,,,21.92,10.04
1996-01-07,,0.610236220472441,,,35.96,19.04
1996-01-08,,0.07086614173228346,,,35.06,19.939999999999998
1996-01-09,,0.0,,,33.08,19.939999999999998
1996-01-10,,0.0,,,35.06,23.0
1996-01-11,,0.0,,,30.02,15.079999999999998
1996-01-12,,0.12992125984251968,,,46.04,21.92
1996-01-13,,0.0,,,37.94,30.02
1996-01-14,,0.0,,,39.02,28.94
1996-01-15,,0.0,,,44.96,26.96
1996-01-16,,0.0,,,42.08,26.060000000000002
1996-01-17,,0.0,,,39.92,35.06
1996-01-18,,0.0,,,53.96,37.04
1996-01-19,,0.31102362204724415,,,55.94,24.98
1996-01-20,,0.0,,,33.98,19.939999999999998
1996-01-21,,0.0,,,39.02,26.96
1996-01-22,,0.0,,,37.94,32.0
1996-01-23,,0.0,,,42.08,35.06
1996-01-24,,0.2204724409448819,,,48.92,39.92
1996-01-25,,0.0,,,39.92,26.060000000000002
1996-01-26,,0.0,,,46.04,26.060000000000002
1996-01-27,,0.8385826771653544,,,55.04,35.06
1996-01-28,,0.0,,,39.02,28.04
1996-01-29,,0.0,,,41.0,26.96
1996-01-30,,0.0,,,42.980000000000004,33.08
1996-01-31,,0.05118110236220473,,,41.0,21.92
1996-02-01,,0.0,,,28.04,19.939999999999998
1996-02-02,,0.25984251968503935,,,28.04,21.92
1996-02-03,,0.3897637795275591,,,21.92,17.06
1996-02-04,,0.0,,,19.939999999999998,10.04
1996-02-05,,0.0,,,19.939999999999998,5.0
1996-02-06,,0.0,,,32.0,12.020000000000003
1996-02-07,,0.0,,,35.96,19.04
1996-02-08,,0.16929133858267717,,,39.92,33.98
1996-02-09,,0.0,,,48.02,35.96
1996-02-10,,0.0,,,46.04,33.98
1996-02-11,,0.0,,,51.98,37.94
1996-02-12,,0.0,,,37.94,19.939999999999998
1996-02-13,,0.0,,,32.0,17.06
1996-02-14,,0.03149606299212599,,,48.02,32.0
1996-02-15,,0.0,,,37.94,32.0
1996-02-16,,0.610236220472441,,,35.06,24.08
1996-02-17,,0.0,,,30.92,21.92
1996-02-18,,0.0,,,35.06,24.08
1996-02-19,,0.0,,,42.08,23.0
1996-02-20,,0.05905511811023623,,,51.08,41.0
1996-02-21,,0.16929133858267717,,,53.06,41.0
1996-02-22,,0.16929133858267717,,,53.96,42.980000000000004
1996-02-23,,0.0984251968503937,,,48.02,41.0
1996-02-24,,0.20078740157480315,,,57.92,41.0
1996-02-25,,0.0,,,66.02,44.96
1996-02-26,,0.0,,,64.04,46.04
1996-02-27,,0.0,,,51.98,39.92
1996-02-28,,0.011811023622047244,,,62.059999999999995,35.06
1996-02-29,,0.0,,,35.96,28.04
1996-03-01,,0.0,,,35.06,24.08
1996-03-02,,0.531496062992126,,,35.96,30.92
1996-03-03,,0.0,,,39.92,21.02
1996-03-04,,0.0,,,37.04,19.04
1996-03-05,,0.05905511811023623,,,50.0,35.06
1996-03-06,,0.33858267716535434,,,50.0,37.94
1996-03-07,,0.2519685039370079,,,39.02,30.02
1996-03-08,,0.011811023622047244,,,30.02,17.96
1996-03-09,,0.0,,,24.98,12.920000000000002
1996-03-10,,0.0,,,33.08,15.079999999999998
1996-03-11,,0.0,,,35.06,23.0
1996-03-12,,0.0,,,44.06,28.94
1996-03-13,,0.0,,,48.92,32.0
1996-03-14,,0.0,,,46.94,37.94
1996-03-15,,0.14173228346456693,,,55.04,42.980000000000004
1996-03-16,,0.0,,,53.06,37.04
1996-03-17,,0.0,,,44.96,35.96
1996-03-18,,0.0,,,51.98,39.02
1996-03-19,,0.3188976377952756,,,51.08,41.0
1996-03-20,,0.0,,,44.96,41.0
1996-03-21,,0.0,,,48.02,37.94
1996-03-22,,0.0,,,42.08,32.0
1996-03-23,,0.0,,,46.04,30.92
1996-03-24,,0.0,,,57.02,32.0
1996-03-25,,0.0,,,51.08,41.0
1996-03-26,,0.0,,,60.980000000000004,44.06
1996-03-27,,0.0,,,44.96,30.92
1996-03-28,,0.5708661417322834,,,39.02,33.98
1996-03-29,,0.8700787401574804,,,39.92,35.96
1996-03-30,,0.0,,,46.04,35.06
1996-03-31,,0.0,,,51.98,39.02
1996-04-01,,1.2519685039370079,,,48.02,44.06
1996-04-02,,0.03149606299212599,,,51.98,41.0
1996-04-03,,0.0,,,48.92,37.04
1996-04-04,,0.0,,,46.94,41.0
1996-04-05,,0.0,,,48.02,41.0
1996-04-06,,0.01968503937007874,,,44.06,37.04
1996-04-07,,0.27165354330708663,,,42.08,35.96
1996-04-08,,0.0,,,50.0,33.08
1996-04-09,,0.9212598425196851,,,42.980000000000004,32.0
1996-04-10,,0.11811023622047245,,,46.04,33.08
1996-04-11,,0.0,,,64.94,39.02
1996-04-12,,0.0,,,77.0,51.98
1996-04-13,,0.0,,,53.96,44.96
1996-04-14,,0.0,,,59.0,42.08
1996-04-15,,0.011811023622047244,,,48.02,39.02
1996-04-16,,0.5,,,68.0,46.04
1996-04-17,,0.0,,,51.98,44.06
1996-04-18,,0.0,,,62.059999999999995,42.08
1996-04-19,,0.0,,,57.92,46.94
1996-04-20,,0.0,,,55.94,51.08
1996-04-21,,0.0,,,68.0,51.98
1996-04-22,,0.0,,,68.0,53.06
1996-04-23,,0.0,,,62.059999999999995,57.02
1996-04-24,,0.0,,,62.059999999999995,44.96
1996-04-25,,0.0,,,60.980000000000004,51.08
1996-04-26,,0.03149606299212599,,,57.02,51.98
1996-04-27,,0.0,,,60.980000000000004,48.92
1996-04-28,,0.0,,,57.92,48.02
1996-04-29,,0.0,,,57.92,55.04
1996-04-30,,0.03149606299212599,,,60.08,51.98
1996-05-01,,0.0,,,59.0,44.96
1996-05-02,,0.0,,,64.94,51.08
1996-05-03,,0.03149606299212599,,,62.059999999999995,51.08
1996-05-04,,0.03149606299212599,,,68.0,51.98
1996-05-05,,0.6496062992125985,,,62.059999999999995,51.98
1996-05-06,,0.0905511811023622,,,55.04,46.04
1996-05-07,,0.2795275590551181,,,53.06,46.04
1996-05-08,,0.1889763779527559,,,55.04,48.92
1996-05-09,,0.2519685039370079,,,53.06,48.92
1996-05-10,,0.01968503937007874,,,62.959999999999994,50.0
1996-05-11,,0.6811023622047244,,,75.92,55.94
1996-05-12,,0.011811023622047244,,,62.959999999999994,50.0
1996-05-13,,0.0,,,57.02,42.08
1996-05-14,,0.0,,,55.94,42.980000000000004
1996-05-15,,0.0,,,57.92,50.0
1996-05-16,,0.46850393700787407,,,62.059999999999995,51.08
1996-05-17,,0.0,,,64.04,55.04
1996-05-18,,0.0,,,60.08,55.04
1996-05-19,,0.0,,,80.96,55.04
1996-05-20,,0.0,,,93.02,69.08
1996-05-21,,0.751968503937008,,,82.04,68.0
1996-05-22,,0.011811023622047244,,,82.04,64.04
1996-05-23,,0.0,,,73.04,59.0
1996-05-24,,0.0,,,73.94,62.959999999999994
1996-05-25,,0.0,,,62.959999999999994,57.02
1996-05-26,,0.0,,,60.980000000000004,53.06
1996-05-27,,0.12992125984251968,,,57.92,51.98
1996-05-28,,0.14173228346456693,,,55.04,53.06
1996-05-29,,0.16929133858267717,,,57.02,51.98
1996-05-30,,0.0,,,66.92,48.92
1996-05-31,,0.0,,,73.94,53.96
1996-06-01,,0.0,,,69.98,55.94
1996-06-02,,0.0,,,69.08,57.92
1996-06-03,,1.2519685039370079,,,62.059999999999995,57.92
1996-06-04,,0.0,,,66.92,60.08
1996-06-05,,0.05118110236220473,,,78.08,62.059999999999995
1996-06-06,,0.0,,,75.02,60.980000000000004
1996-06-07,,0.0,,,66.92,60.980000000000004
1996-06-08,,0.0,,,69.98,64.94
1996-06-09,,0.0,,,73.04,66.02
1996-06-10,,0.0,,,71.96,66.92
1996-06-11,,0.0,,,73.04,66.92
1996-06-12,,0.0,,,77.0,66.92
1996-06-13,,0.0,,,78.08,66.92
1996-06-14,,0.0,,,82.94,71.06
1996-06-15,,0.0,,,89.06,69.08
1996-06-16,,0.0,,,80.06,69.08
1996-06-17,,0.0,,,78.98,69.08
1996-06-18,,0.0,,,75.92,69.98
1996-06-19,,1.110236220472441,,,73.94,69.08
1996-06-20,,0.0,,,77.0,69.08
1996-06-21,,0.0,,,87.98,69.98
1996-06-22,,0.0,,,80.06,69.08
1996-06-23,,0.0,,,84.02,69.08
1996-06-24,,0.03149606299212599,,,78.08,66.92
1996-06-25,,0.0,,,89.06,68.0
1996-06-26,,0.0,,,82.94,62.959999999999994
1996-06-27,,0.0,,,75.02,62.059999999999995
1996-06-28,,0.0,,,77.0,68.0
1996-06-29,,0.0,,,73.04,64.04
1996-06-30,,0.3700787401574803,,,69.08,62.959999999999994
1996-07-01,,0.01968503937007874,,,73.94,68.0
1996-07-02,,0.0,,,71.96,69.08
1996-07-03,,0.011811023622047244,,,78.08,66.92
1996-07-04,,0.011811023622047244,,,75.02,62.959999999999994
1996-07-05,,0.0,,,80.96,62.959999999999994
1996-07-06,,0.0,,,78.98,66.92
1996-07-07,,0.0,,,78.98,68.0
1996-07-08,,0.0905511811023622,,,78.98,71.06
1996-07-09,,0.1889763779527559,,,84.91999999999999,69.98
1996-07-10,,0.0,,,82.04,68.0
1996-07-11,,0.0,,,75.92,62.959999999999994
1996-07-12,,0.24015748031496062,,,71.96,66.02
1996-07-13,,1.1811023622047245,,,80.06,69.08
1996-07-14,,0.0,,,78.98,71.06
1996-07-15,,0.48031496062992124,,,73.94,69.98
1996-07-16,,0.2283464566929134,,,86.0,69.98
1996-07-17,,0.0,,,87.98,73.04
1996-07-18,,0.05118110236220473,,,84.91999999999999,73.04
1996-07-19,,0.3700787401574803,,,84.02,71.06
1996-07-20,,0.0,,,78.08,66.02
1996-07-21,,0.0,,,82.04,62.959999999999994
1996-07-22,,0.011811023622047244,,,77.0,64.94
1996-07-23,,0.011811023622047244,,,80.06,66.92
1996-07-24,,0.0,,,75.92,64.94
1996-07-25,,0.0,,,75.02,69.98
1996-07-26,,0.46062992125984253,,,77.0,69.08
1996-07-27,,0.0,,,82.04,64.94
1996-07-28,,0.0,,,78.08,66.02
1996-07-29,,0.0,,,75.02,69.08
1996-07-30,,0.0,,,71.06,69.08
1996-07-31,,0.14173228346456693,,,80.06,69.98
1996-08-01,,0.1889763779527559,,,73.04,71.06
1996-08-02,,0.0,,,82.04,68.0
1996-08-03,,0.0,,,73.04,69.08
1996-08-04,,0.0,,,75.92,68.0
1996-08-05,,0.0,,,82.04,66.92
1996-08-06,,0.0,,,84.91999999999999,71.06
1996-08-07,,0.0,,,78.98,69.98
1996-08-08,,0.610236220472441,,,77.0,69.98
1996-08-09,,0.0,,,78.98,71.96
1996-08-10,,0.03149606299212599,,,78.98,69.08
1996-08-11,,0.0,,,75.02,64.04
1996-08-12,,0.3582677165354331,,,73.04,69.08
1996-08-13,,2.940944881889764,,,69.98,64.94
1996-08-14,,0.0,,,78.08,62.959999999999994
1996-08-15,,0.0,,,75.92,66.92
1996-08-16,,0.40944881889763785,,,75.02,66.92
1996-08-17,,0.011811023622047244,,,80.96,68.0
1996-08-18,,0.0,,,84.02,71.06
1996-08-19,,0.0,,,78.08,68.0
1996-08-20,,0.0,,,78.08,71.06
1996-08-21,,0.0,,,78.08,71.06
1996-08-22,,0.0,,,80.96,71.96
1996-08-23,,0.0,,,82.04,71.96
1996-08-24,,0.20078740157480315,,,78.08,71.06
1996-08-25,,0.0,,,78.98,68.0
1996-08-26,,0.0,,,82.04,69.98
1996-08-27,,0.0,,,80.06,73.04
1996-08-28,,0.0,,,75.02,69.98
1996-08-29,,0.0,,,82.94,66.02
1996-08-30,,0.0,,,75.92,66.92
1996-08-31,,0.0,,,78.08,66.92
1996-09-01,,0.0,,,78.98,66.02
1996-09-02,,0.0,,,87.08000000000001,64.94
1996-09-03,,0.0,,,86.0,69.08
1996-09-04,,0.0,,,84.02,73.04
1996-09-05,,0.0,,,80.06,73.94
1996-09-06,,0.0,,,78.98,73.94
1996-09-07,,0.0,,,78.98,73.94
1996-09-08,,0.0,,,82.04,75.02
1996-09-09,,0.6811023622047244,,,86.0,73.04
1996-09-10,,0.0,,,89.06,75.92
1996-09-11,,0.33858267716535434,,,77.0,71.06
1996-09-12,,1.1181102362204725,,,73.04,66.92
1996-09-13,,0.6614173228346457,,,77.0,64.04
1996-09-14,,0.0,,,73.04,59.0
1996-09-15,,0.0,,,75.02,64.04
1996-09-16,,0.641732283464567,,,73.94,62.959999999999994
1996-09-17,,2.330708661417323,,,75.92,62.959999999999994
1996-09-18,,0.0984251968503937,,,,
1996-09-19,,0.0,,,75.92,59.0
1996-09-20,,0.0,,,78.08,55.94
1996-09-21,,0.0,,,73.94,60.980000000000004
1996-09-22,,0.4409448818897638,,,73.94,60.08
1996-09-23,,0.0,,,69.98,57.02
1996-09-24,,0.011811023622047244,,,69.98,51.98
1996-09-25,,0.0,,,71.06,57.92
1996-09-26,,0.0,,,68.0,53.96
1996-09-27,,0.0,,,69.98,62.059999999999995
1996-09-28,,0.07086614173228346,,,73.94,60.08
1996-09-29,,0.48031496062992124,,,68.0,57.02
1996-09-30,,0.0,,,69.98,55.04
1996-10-01,,0.0,,,71.06,59.0
1996-10-02,,0.0,,,69.98,64.04
1996-10-03,,0.0,,,69.08,46.04
1996-10-04,,0.0,,,53.96,42.08
1996-10-05,,0.0,,,57.02,46.94
1996-10-06,,0.0,,,60.08,50.0
1996-10-07,,0.0,,,64.04,53.06
1996-10-08,,2.1811023622047245,,,60.980000000000004,59.0
1996-10-09,,0.05118110236220473,,,71.96,53.96
1996-10-10,,0.2519685039370079,,,64.04,48.92
1996-10-11,,0.0,,,59.0,44.06
1996-10-12,,0.0,,,62.059999999999995,41.0
1996-10-13,,0.0,,,64.04,51.08
1996-10-14,,0.0,,,77.0,55.04
1996-10-15,,0.0,,,62.959999999999994,46.04
1996-10-16,,0.0,,,69.08,53.96
1996-10-17,,0.0,,,78.08,57.92
1996-10-18,,0.0,,,64.04,59.0
1996-10-19,,2.1496062992125986,,,66.02,50.0
1996-10-20,,0.0984251968503937,,,57.02,50.0
1996-10-21,,0.0,,,62.059999999999995,46.04
1996-10-22,,0.0,,,64.04,51.98
1996-10-23,,0.0,,,66.92,59.0
1996-10-24,,0.0,,,68.0,55.94
1996-10-25,,0.0,,,62.059999999999995,53.96
1996-10-26,,0.0,,,64.04,53.96
1996-10-27,,0.0,,,64.94,57.92
1996-10-28,,0.2992125984251969,,,69.08,53.06
1996-10-29,,0.0,,,62.059999999999995,46.04
1996-10-30,,0.0,,,66.92,53.06
1996-10-31,,0.0,,,64.94,51.08
1996-11-01,,0.0,,,53.06,42.980000000000004
1996-11-02,,0.0,,,46.04,37.94
1996-11-03,,0.0,,,50.0,33.98
1996-11-04,,0.0,,,53.96,35.06
1996-11-05,,0.0,,,60.08,48.02
1996-11-06,,0.0,,,62.059999999999995,51.98
1996-11-07,,0.01968503937007874,,,66.02,57.92
1996-11-08,,0.12992125984251968,,,66.02,62.059999999999995
1996-11-09,,0.27165354330708663,,,64.04,50.0
1996-11-10,,0.0,,,50.0,39.92
1996-11-11,,0.0,,,42.980000000000004,33.98
1996-11-12,,0.0,,,44.96,30.92
1996-11-13,,0.0,,,42.980000000000004,28.94
1996-11-14,,0.0,,,41.0,32.0
1996-11-15,,0.0,,,39.02,28.94
1996-11-16,,0.0,,,50.0,28.94
1996-11-17,,0.0,,,57.92,32.0
1996-11-18,,0.011811023622047244,,,55.04,39.02
1996-11-19,,0.14173228346456693,,,55.94,39.92
1996-11-20,,0.0,,,46.94,33.98
1996-11-21,,0.0,,,42.980000000000004,30.92
1996-11-22,,0.0,,,44.06,33.08
1996-11-23,,0.0,,,46.04,33.98
1996-11-24,,0.0,,,46.94,37.94
1996-11-25,,0.0,,,53.96,41.0
1996-11-26,,0.5196850393700787,,,59.0,35.96
1996-11-27,,0.0,,,37.04,26.060000000000002
1996-11-28,,0.0,,,32.0,21.92
1996-11-29,,0.0,,,44.96,24.98
1996-11-30,,0.0,,,51.98,32.0
1996-12-01,,0.33070866141732286,,,57.92,51.08
1996-12-02,,0.7204724409448819,,,57.92,39.02
1996-12-03,,0.0,,,48.92,35.06
1996-12-04,,0.0,,,50.0,35.96
1996-12-05,,0.0,,,48.02,35.06
1996-12-06,,0.5984251968503937,,,50.0,39.92
1996-12-07,,1.3307086614173227,,,48.02,39.02
1996-12-08,,0.0,,,48.92,37.04
1996-12-09,,0.05905511811023623,,,44.06,33.98
1996-12-10,,0.0,,,44.96,32.0
1996-12-11,,0.03149606299212599,,,53.06,44.06
1996-12-12,,0.011811023622047244,,,50.0,44.96
1996-12-13,,1.3818897637795278,,,53.96,46.94
1996-12-14,,0.3188976377952756,,,46.94,41.0
1996-12-15,,0.0,,,46.04,39.92
1996-12-16,,0.011811023622047244,,,46.94,44.96
1996-12-17,,0.40944881889763785,,,55.04,46.94
1996-12-18,,0.05905511811023623,,,53.06,48.92
1996-12-19,,0.8385826771653544,,,48.92,28.94
1996-12-20,,0.0,,,30.92,21.92
1996-12-21,,0.0,,,33.08,19.939999999999998
1996-12-22,,0.0,,,42.08,28.04
1996-12-23,,0.0,,,48.02,37.94
1996-12-24,,0.31102362204724415,,,53.96,44.96
1996-12-25,,0.011811023622047244,,,44.96,30.92
1996-12-26,,0.01968503937007874,,,46.04,28.94
1996-12-27,,0.33858267716535434,,,53.06,39.92
1996-12-28,,0.0,,,50.0,41.0
1996-12-29,,0.03149606299212599,,,57.02,46.04
1996-12-30,,0.0,,,57.02,41.0
1996-12-31,,0.05905511811023623,,,46.04,26.96
1997-01-01,,0.0,,,39.02,17.96
1997-01-02,,0.0,,,46.94,37.04
1997-01-03,,0.0,,,55.94,46.94
1997-01-04,,0.0,,,53.96,46.04
1997-01-05,,0.011811023622047244,,,57.92,46.04
1997-01-06,,0.0,,,53.96,37.04
1997-01-07,,0.0,,,39.02,28.94
1997-01-08,,0.0,,,39.92,26.060000000000002
1997-01-09,,0.4409448818897638,,,42.980000000000004,28.94
1997-01-10,,0.0,,,42.08,35.06
1997-01-11,,0.07874015748031496,,,44.06,24.08
1997-01-12,,0.0,,,28.94,19.04
1997-01-13,,0.0,,,32.0,17.06
1997-01-14,,0.0,,,30.92,17.06
1997-01-15,,0.0,,,41.0,19.939999999999998
1997-01-16,,0.46850393700787407,,,48.92,26.96
1997-01-17,,0.0,,,26.96,12.920000000000002
1997-01-18,,0.0,,,19.939999999999998,12.020000000000003
1997-01-19,,0.0,,,21.92,8.059999999999999
1997-01-20,,0.0,,,35.96,21.92
1997-01-21,,0.0,,,42.980000000000004,28.94
1997-01-22,,0.20078740157480315,,,51.08,35.06
1997-01-23,,0.011811023622047244,,,60.08,37.04
1997-01-24,,0.05118110236220473,,,46.94,33.08
1997-01-25,,0.4409448818897638,,,55.04,35.96
1997-01-26,,0.0,,,35.96,28.04
1997-01-27,,0.0,,,44.06,26.060000000000002
1997-01-28,,0.6614173228346457,,,51.08,30.02
1997-01-29,,0.0,,,35.96,26.060000000000002
1997-01-30,,0.0,,,37.04,24.98
1997-01-31,,0.03937007874015748,,,44.06,33.08
1997-02-01,,0.01968503937007874,,,53.96,39.02
1997-02-02,,0.0,,,44.06,35.96
1997-02-03,,0.0,,,51.08,35.96
1997-02-04,,0.20866141732283466,,,44.06,33.98
1997-02-05,,0.9685039370078741,,,53.06,41.0
1997-02-06,,0.0,,,44.96,33.08
1997-02-07,,0.0,,,41.0,32.0
1997-02-08,,0.5196850393700787,,,37.04,30.02
1997-02-09,,0.0,,,39.02,26.060000000000002
1997-02-10,,0.0,,,37.94,24.98
1997-02-11,,0.0,,,42.08,24.08
1997-02-12,,0.0,,,39.02,28.94
1997-02-13,,0.0,,,37.94,26.060000000000002
1997-02-14,,0.8700787401574804,,,53.06,37.94
1997-02-15,,0.4409448818897638,,,48.92,35.06
1997-02-16,,0.0,,,39.92,28.94
1997-02-17,,0.0,,,41.0,30.92
1997-02-18,,0.0,,,46.04,35.06
1997-02-19,,0.0,,,62.059999999999995,44.96
1997-02-20,,0.0,,,57.92,39.92
1997-02-21,,0.0,,,53.06,41.0
1997-02-22,,0.16929133858267717,,,57.92,39.02
1997-02-23,,0.0,,,46.94,33.98
1997-02-24,,0.0,,,50.0,37.04
1997-02-25,,0.0,,,37.94,24.08
1997-02-26,,0.16141732283464566,,,53.96,37.04
1997-02-27,,0.0,,,66.02,53.06
1997-02-28,,0.0,,,64.94,41.0
1997-03-01,,0.4488188976377953,,,48.92,39.92
1997-03-02,,0.0,,,69.08,46.04
1997-03-03,,0.7716535433070867,,,48.92,39.02
1997-03-04,,0.0,,,42.08,39.02
1997-03-05,,0.11811023622047245,,,46.04,35.96
1997-03-06,,0.05118110236220473,,,50.0,37.04
1997-03-07,,0.0,,,42.980000000000004,33.98
1997-03-08,,0.0,,,55.94,37.04
1997-03-09,,0.0,,,39.92,30.02
1997-03-10,,0.4881889763779528,,,55.94,39.92
1997-03-11,,0.0,,,57.02,41.0
1997-03-12,,0.0,,,46.94,32.0
1997-03-13,,0.0,,,44.96,30.02
1997-03-14,,0.5708661417322834,,,53.06,37.94
1997-03-15,,0.03149606299212599,,,48.02,33.08
1997-03-16,,0.0,,,37.94,28.04
1997-03-17,,0.0,,,46.04,28.94
1997-03-18,,0.011811023622047244,,,53.96,41.0
1997-03-19,,0.16141732283464566,,,41.0,37.04
1997-03-20,,0.0,,,48.92,39.92
1997-03-21,,0.0,,,50.0,37.04
1997-03-22,,0.0,,,64.94,37.94
1997-03-23,,0.0,,,46.04,30.02
1997-03-24,,0.0,,,46.94,30.02
1997-03-25,,0.0,,,53.06,37.94
1997-03-26,,0.48031496062992124,,,55.94,42.980000000000004
1997-03-27,,0.0,,,64.04,37.94
1997-03-28,,0.0,,,59.0,48.02
1997-03-29,,0.2519685039370079,,,57.02,51.08
1997-03-30,,0.0,,,69.08,51.98
1997-03-31,,0.5,,,53.06,32.0
1997-04-01,,0.31102362204724415,,,50.0,33.08
1997-04-02,,0.0,,,60.980000000000004,39.92
1997-04-03,,0.0,,,55.04,42.08
1997-04-04,,0.0,,,75.02,51.98
1997-04-05,,0.0,,,55.04,46.04
1997-04-06,,0.20866141732283466,,,55.94,46.94
1997-04-07,,0.0,,,71.06,55.94
1997-04-08,,0.0,,,59.0,44.96
1997-04-09,,0.0,,,51.08,35.06
1997-04-10,,0.0,,,50.0,30.02
1997-04-11,,0.0,,,48.92,37.94
1997-04-12,,0.42913385826771655,,,53.96,44.06
1997-04-13,,0.14173228346456693,,,73.04,50.0
1997-04-14,,0.0,,,59.0,44.96
1997-04-15,,0.0,,,50.0,42.08
1997-04-16,,0.0,,,57.02,44.06
1997-04-17,,0.0984251968503937,,,62.059999999999995,44.06
1997-04-18,,0.3897637795275591,,,46.04,35.06
1997-04-19,,0.0,,,55.94,44.06
1997-04-20,,0.0,,,53.06,44.06
1997-04-21,,0.05905511811023623,,,55.94,42.08
1997-04-22,,0.0,,,53.96,46.94
1997-04-23,,0.01968503937007874,,,51.98,44.96
1997-04-24,,0.01968503937007874,,,53.06,44.96
1997-04-25,,0.0,,,57.92,46.04
1997-04-26,,0.0,,,69.08,46.04
1997-04-27,,0.421259842519685,,,60.08,46.04
1997-04-28,,1.031496062992126,,,71.06,51.08
1997-04-29,,0.0,,,62.959999999999994,48.92
1997-04-30,,0.0,,,59.0,51.98
1997-05-01,,0.05118110236220473,,,64.94,51.98
1997-05-02,,0.0,,,68.0,50.0
1997-05-03,,0.11811023622047245,,,60.980000000000004,53.06
1997-05-04,,0.011811023622047244,,,64.94,51.98
1997-05-05,,0.0,,,60.980000000000004,48.02
1997-05-06,,0.16929133858267717,,,64.94,55.04
1997-05-07,,0.0,,,60.08,46.94
1997-05-08,,0.1889763779527559,,,64.04,42.980000000000004
1997-05-09,,0.3582677165354331,,,69.08,48.92
1997-05-10,,0.0,,,62.059999999999995,48.92
1997-05-11,,0.0,,,68.0,46.94
1997-05-12,,0.0,,,60.980000000000004,55.04
1997-05-13,,0.03149606299212599,,,62.059999999999995,51.98
1997-05-14,,0.0,,,60.08,48.92
1997-05-15,,0.0,,,68.0,55.94
1997-05-16,,0.05905511811023623,,,62.059999999999995,48.02
1997-05-17,,0.0,,,68.0,51.98
1997-05-18,,0.0,,,60.980000000000004,51.08
1997-05-19,,0.0,,,78.98,60.08
1997-05-20,,0.0905511811023622,,,75.92,57.02
1997-05-21,,0.0,,,64.94,51.08
1997-05-22,,0.0,,,66.92,46.94
1997-05-23,,0.0,,,73.04,48.92
1997-05-24,,0.0,,,64.94,53.96
1997-05-25,,0.9606299212598425,,,66.92,60.08
1997-05-26,,0.7795275590551182,,,64.94,55.94
1997-05-27,,0.0,,,57.02,53.06
1997-05-28,,0.0,,,66.02,48.02
1997-05-29,,0.0,,,62.059999999999995,50.0
1997-05-30,,0.14960629921259844,,,64.04,57.92
1997-05-31,,0.24015748031496062,,,66.92,59.0
1997-06-01,,0.05118110236220473,,,66.92,59.0
1997-06-02,,0.46062992125984253,,,59.0,55.04
1997-06-03,,0.2204724409448819,,,57.02,53.06
1997-06-04,,0.0,,,59.0,53.06
1997-06-05,,0.0,,,62.959999999999994,48.92
1997-06-06,,0.0,,,60.08,53.96
1997-06-07,,0.0,,,57.02,53.06
1997-06-08,,0.0,,,60.08,50.0
1997-06-09,,0.0,,,69.08,51.08
1997-06-10,,0.0,,,89.06,59.0
1997-06-11,,0.0,,,86.0,66.02
1997-06-12,,0.0,,,75.02,64.94
1997-06-13,,0.2283464566929134,,,71.06,64.94
1997-06-14,,0.0,,,75.02,64.94
1997-06-15,,0.0,,,66.92,60.08
1997-06-16,,0.0,,,69.08,57.02
1997-06-17,,0.0,,,68.0,60.980000000000004
1997-06-18,,0.07086614173228346,,,75.02,64.94
1997-06-19,,0.0,,,82.94,69.08
1997-06-20,,0.0,,,82.04,69.08
1997-06-21,,0.0,,,77.0,69.98
1997-06-22,,0.5708661417322834,,,82.04,69.08
1997-06-23,,0.0,,,89.96000000000001,69.08
1997-06-24,,0.0,,,80.06,68.0
1997-06-25,,0.0,,,91.94,75.02
1997-06-26,,0.12992125984251968,,,96.08000000000001,68.0
1997-06-27,,0.0,,,84.02,68.0
1997-06-28,,0.0,,,80.06,64.94
1997-06-29,,0.0,,,80.96,69.98
1997-06-30,,0.0,,,77.0,71.06
1997-07-01,,0.0,,,80.06,71.06
1997-07-02,,0.01968503937007874,,,78.08,71.06
1997-07-03,,0.0,,,77.0,73.04
1997-07-04,,0.0,,,87.98,73.04
1997-07-05,,0.0,,,77.0,66.92
1997-07-06,,0.0,,,78.98,66.02
1997-07-07,,0.0,,,80.06,69.08
1997-07-08,,0.0,,,82.94,69.08
1997-07-09,,0.0905511811023622,,,78.08,69.08
1997-07-10,,0.2992125984251969,,,75.92,66.92
1997-07-11,,0.0,,,80.06,64.04
1997-07-12,,0.0,,,89.06,66.92
1997-07-13,,0.0,,,86.0,71.06
1997-07-14,,0.0,,,91.94,75.02
1997-07-15,,0.0,,,89.96000000000001,75.92
1997-07-16,,0.0,,,91.03999999999999,73.94
1997-07-17,,0.0,,,87.08000000000001,75.02
1997-07-18,,0.5590551181102362,,,93.91999999999999,69.08
1997-07-19,,0.0,,,89.96000000000001,69.98
1997-07-20,,0.0,,,73.04,60.08
1997-07-21,,0.0,,,78.98,66.92
1997-07-22,,0.05118110236220473,,,75.92,69.08
1997-07-23,,0.2204724409448819,,,71.96,64.94
1997-07-24,,6.090551181102362,,,71.06,62.959999999999994
1997-07-25,,0.9803149606299213,,,75.92,60.980000000000004
1997-07-26,,0.0,,,80.06,66.92
1997-07-27,,0.0,,,77.0,73.04
1997-07-28,,0.07086614173228346,,,91.03999999999999,73.94
1997-07-29,,0.0,,,84.02,69.08
1997-07-30,,0.0,,,75.92,62.959999999999994
1997-07-31,,0.0,,,80.96,64.94
1997-08-01,,0.0,,,86.0,69.08
1997-08-02,,0.0,,,84.02,73.04
1997-08-03,,0.0,,,87.08000000000001,71.96
1997-08-04,,0.07086614173228346,,,77.0,71.06
1997-08-05,,0.9488188976377954,,,78.08,64.04
1997-08-06,,0.0,,,78.08,62.059999999999995
1997-08-07,,0.0,,,82.04,64.04
1997-08-08,,0.0,,,87.08000000000001,66.92
1997-08-09,,0.0,,,91.03999999999999,64.04
1997-08-10,,0.0,,,75.02,71.96
1997-08-11,,0.0,,,82.94,71.06
1997-08-12,,0.0,,,75.02,73.04
1997-08-13,,0.0905511811023622,,,80.06,73.04
1997-08-14,,0.0,,,78.08,71.96
1997-08-15,,0.0,,,80.06,71.06
1997-08-16,,0.0,,,91.94,77.0
1997-08-17,,0.0,,,96.98,78.08
1997-08-18,,0.2519685039370079,,,78.08,66.92
1997-08-19,,0.0,,,75.92,62.059999999999995
1997-08-20,,2.598425196850394,,,75.92,68.0
1997-08-21,,1.909448818897638,,,82.04,69.08
1997-08-22,,0.0,,,80.06,66.02
1997-08-23,,0.0,,,77.0,62.959999999999994
1997-08-24,,0.0,,,80.06,60.980000000000004
1997-08-25,,0.0,,,77.0,64.04
1997-08-26,,0.0,,,78.08,66.02
1997-08-27,,0.0,,,75.92,66.02
1997-08-28,,0.0,,,77.0,69.08
1997-08-29,,0.14173228346456693,,,80.06,64.04
1997-08-30,,0.0,,,77.0,64.04
1997-08-31,,0.0,,,78.98,68.0
1997-09-01,,0.0,,,78.98,73.94
1997-09-02,,0.0,,,80.96,73.94
1997-09-03,,0.0,,,75.92,57.92
1997-09-04,,0.0,,,69.98,53.96
1997-09-05,,0.0,,,77.0,53.96
1997-09-06,,0.0,,,75.02,64.04
1997-09-07,,0.0,,,82.94,66.02
1997-09-08,,0.0,,,73.04,66.92
1997-09-09,,0.0,,,71.06,68.0
1997-09-10,,0.05905511811023623,,,73.94,68.0
1997-09-11,,0.07086614173228346,,,77.0,71.06
1997-09-12,,0.0,,,80.96,68.0
1997-09-13,,0.0,,,80.96,66.92
1997-09-14,,0.0,,,80.96,64.04
1997-09-15,,0.0,,,80.06,64.04
1997-09-16,,0.0,,,84.91999999999999,64.04
1997-09-17,,0.0,,,80.06,64.94
1997-09-18,,0.0,,,78.08,66.02
1997-09-19,,0.0,,,78.98,60.08
1997-09-20,,0.12992125984251968,,,84.02,62.059999999999995
1997-09-21,,0.0,,,68.0,55.94
1997-09-22,,0.0,,,66.92,50.0
1997-09-23,,0.0,,,77.0,60.08
1997-09-24,,0.0,,,60.980000000000004,53.96
1997-09-25,,0.0,,,69.98,55.04
1997-09-26,,0.0,,,75.02,59.0
1997-09-27,,0.0,,,69.08,51.98
1997-09-28,,0.7716535433070867,,,71.96,62.959999999999994
1997-09-29,,0.0,,,75.92,64.94
1997-09-30,,0.03149606299212599,,,75.92,60.980000000000004
1997-10-01,,0.0,,,69.08,46.94
1997-10-02,,0.0,,,64.04,41.0
1997-10-03,,0.0,,,66.02,53.06
1997-10-04,,0.0,,,69.98,62.059999999999995
1997-10-05,,0.0,,,75.92,66.92
1997-10-06,,0.0,,,89.06,64.94
1997-10-07,,0.0,,,78.98,64.04
1997-10-08,,0.0,,,75.92,60.980000000000004
1997-10-09,,0.0,,,73.04,64.04
1997-10-10,,0.0,,,84.91999999999999,66.92
1997-10-11,,0.0,,,68.0,55.94
1997-10-12,,0.0,,,69.08,53.06
1997-10-13,,0.0,,,71.06,59.0
1997-10-14,,0.0,,,71.96,64.94
1997-10-15,,1.110236220472441,,,66.92,55.94
1997-10-16,,0.01968503937007874,,,57.92,53.06
1997-10-17,,0.0,,,59.0,51.08
1997-10-18,,0.2283464566929134,,,60.08,51.08
1997-10-19,,0.33070866141732286,,,60.08,50.0
1997-10-20,,0.0,,,66.02,46.04
1997-10-21,,0.0,,,59.0,44.96
1997-10-22,,0.0,,,57.02,42.08
1997-10-23,,0.0,,,53.06,37.04
1997-10-24,,0.01968503937007874,,,59.0,46.04
1997-10-25,,0.9488188976377954,,,62.059999999999995,48.92
1997-10-26,,0.6181102362204725,,,62.059999999999995,44.96
1997-10-27,,0.16929133858267717,,,64.04,46.94
1997-10-28,,0.0,,,53.96,42.08
1997-10-29,,0.0,,,57.92,39.02
1997-10-30,,0.0,,,64.04,44.96
1997-10-31,,0.0,,,66.02,46.94
1997-11-01,,0.531496062992126,,,64.04,60.08
1997-11-02,,0.03937007874015748,,,64.04,50.0
1997-11-03,,0.0,,,62.059999999999995,50.0
1997-11-04,,0.0,,,60.980000000000004,42.980000000000004
1997-11-05,,0.0,,,53.96,37.94
1997-11-06,,0.01968503937007874,,,55.94,46.04
1997-11-07,,0.4409448818897638,,,57.02,53.06
1997-11-08,,0.25984251968503935,,,59.0,51.08
1997-11-09,,0.641732283464567,,,55.94,46.94
1997-11-10,,0.0,,,55.94,42.980000000000004
1997-11-11,,0.0,,,59.0,42.980000000000004
1997-11-12,,0.0,,,51.08,39.02
1997-11-13,,0.16929133858267717,,,48.02,35.06
1997-11-14,,0.7992125984251969,,,53.96,37.04
1997-11-15,,0.011811023622047244,,,44.96,35.96
1997-11-16,,0.03937007874015748,,,44.96,33.98
1997-11-17,,0.0,,,44.96,30.92
1997-11-18,,0.0,,,44.06,32.0
1997-11-19,,0.0,,,50.0,33.08
1997-11-20,,0.0,,,57.02,39.92
1997-11-21,,0.1889763779527559,,,55.94,44.06
1997-11-22,,0.4015748031496063,,,57.02,46.04
1997-11-23,,0.0,,,51.08,42.08
1997-11-24,,0.0,,,42.08,32.0
1997-11-25,,0.0,,,44.06,28.04
1997-11-26,,0.0,,,51.08,42.980000000000004
1997-11-27,,0.0,,,53.96,41.0
1997-11-28,,0.01968503937007874,,,51.98,39.02
1997-11-29,,0.0,,,53.06,46.04
1997-11-30,,0.1811023622047244,,,53.96,48.02
1997-12-01,,0.01968503937007874,,,51.08,35.96
1997-12-02,,0.0,,,48.92,33.98
1997-12-03,,0.0,,,51.08,33.08
1997-12-04,,0.33070866141732286,,,55.94,44.96
1997-12-05,,0.0,,,48.02,33.98
1997-12-06,,0.0,,,39.92,32.0
1997-12-07,,0.0,,,42.08,32.0
1997-12-08,,0.0,,,51.08,35.06
1997-12-09,,0.0,,,42.980000000000004,33.08
1997-12-10,,0.33070866141732286,,,46.94,39.02
1997-12-11,,0.03149606299212599,,,44.96,39.02
1997-12-12,,0.14960629921259844,,,44.06,35.96
1997-12-13,,0.0,,,42.980000000000004,30.92
1997-12-14,,0.0,,,46.04,32.0
1997-12-15,,0.0,,,42.980000000000004,28.04
1997-12-16,,0.0,,,57.92,35.06
1997-12-17,,0.0,,,60.08,39.02
1997-12-18,,0.0,,,48.02,33.98
1997-12-19,,0.0,,,57.02,35.96
1997-12-20,,0.0,,,60.980000000000004,39.02
1997-12-21,,0.0,,,44.06,33.08
1997-12-22,,0.16141732283464566,,,44.96,30.02
1997-12-23,,0.46850393700787407,,,50.0,39.92
1997-12-24,,0.05118110236220473,,,46.04,37.04
1997-12-25,,0.7716535433070867,,,59.0,44.06
1997-12-26,,0.0,,,55.04,39.92
1997-12-27,,0.5984251968503937,,,42.08,33.08
1997-12-28,,0.0,,,41.0,32.0
1997-12-29,,1.8503937007874016,,,48.02,32.0
1997-12-30,,0.011811023622047244,,,44.96,35.06
1997-12-31,,0.0,,,37.94,23.0
1998-01-01,,0.0,,,35.96,19.04
1998-01-02,,0.0,,,51.08,35.96
1998-01-03,,0.0,,,55.94,42.08
1998-01-04,,0.0,,,66.92,44.96
1998-01-05,,0.0,,,57.02,39.92
1998-01-06,,0.0,,,59.0,51.08
1998-01-07,,0.20078740157480315,,,55.94,51.08
1998-01-08,,0.14173228346456693,,,57.92,51.98
1998-01-09,,0.011811023622047244,,,60.08,46.94
1998-01-10,,0.0,,,53.06,39.02
1998-01-11,,0.0,,,51.98,39.02
1998-01-12,,0.0,,,44.06,33.08
1998-01-13,,0.27165354330708663,,,51.08,35.06
1998-01-14,,0.0,,,39.02,28.04
1998-01-15,,0.5708661417322834,,,48.92,32.0
1998-01-16,,0.01968503937007874,,,50.0,35.06
1998-01-17,,0.0,,,44.96,33.08
1998-01-18,,0.011811023622047244,,,41.0,35.96
1998-01-19,,0.0,,,39.92,33.08
1998-01-20,,0.0,,,39.02,30.92
1998-01-21,,0.0,,,41.0,28.94
1998-01-22,,0.0,,,42.08,30.92
1998-01-23,,1.2401574803149606,,,53.96,41.0
1998-01-24,,0.3700787401574803,,,53.96,37.04
1998-01-25,,0.03149606299212599,,,44.06,33.98
1998-01-26,,0.0,,,42.980000000000004,32.0
1998-01-27,,0.0,,,44.96,35.06
1998-01-28,,2.3110236220472444,,,50.0,35.96
1998-01-29,,0.0,,,55.94,35.06
1998-01-30,,0.0,,,50.0,39.92
1998-01-31,,0.0,,,46.04,33.98
1998-02-01,,0.0,,,44.06,30.02
1998-02-02,,0.0,,,46.04,32.0
1998-02-03,,0.0,,,46.94,39.92
1998-02-04,,1.1811023622047245,,,44.96,42.08
1998-02-05,,0.48031496062992124,,,44.96,37.04
1998-02-06,,0.0,,,41.0,37.04
1998-02-07,,0.0,,,41.0,37.04
1998-02-08,,0.0,,,39.92,35.06
1998-02-09,,0.0,,,44.06,33.08
1998-02-10,,0.0,,,51.08,33.98
1998-02-11,,0.24015748031496062,,,53.06,42.08
1998-02-12,,0.4409448818897638,,,55.94,42.08
1998-02-13,,0.0,,,51.98,37.04
1998-02-14,,0.0,,,39.02,28.94
1998-02-15,,0.0,,,35.06,23.0
1998-02-16,,0.0,,,42.980000000000004,30.02
1998-02-17,,0.3503937007874016,,,53.06,42.980000000000004
1998-02-18,,0.011811023622047244,,,55.04,44.06
1998-02-19,,0.011811023622047244,,,57.92,44.06
1998-02-20,,0.0,,,51.98,39.92
1998-02-21,,0.0,,,51.98,42.980000000000004
1998-02-22,,0.0,,,53.06,37.04
1998-02-23,,2.9094488188976384,,,46.04,42.08
1998-02-24,,0.31102362204724415,,,46.94,35.96
1998-02-25,,0.011811023622047244,,,57.02,37.94
1998-02-26,,0.0,,,60.980000000000004,39.92
1998-02-27,,0.0,,,48.92,39.02
1998-02-28,,0.05118110236220473,,,53.06,44.06
1998-03-01,,0.0,,,53.96,44.06
1998-03-02,,0.2204724409448819,,,46.94,41.0
1998-03-03,,0.8385826771653544,,,44.06,37.94
1998-03-04,,0.0,,,48.02,35.96
1998-03-05,,0.0,,,48.92,33.08
1998-03-06,,0.0,,,46.04,33.98
1998-03-07,,0.3188976377952756,,,46.04,42.980000000000004
1998-03-08,,1.2913385826771653,,,51.98,42.980000000000004
1998-03-09,,0.9685039370078741,,,57.92,48.92
1998-03-10,,0.0,,,51.98,33.08
1998-03-11,,0.0,,,35.96,26.060000000000002
1998-03-12,,0.0,,,33.98,21.92
1998-03-13,,0.0,,,37.94,26.060000000000002
1998-03-14,,0.0,,,51.98,37.94
1998-03-15,,0.0,,,46.04,32.0
1998-03-16,,0.0,,,42.08,28.94
1998-03-17,,0.0,,,44.96,30.02
1998-03-18,,0.5787401574803149,,,44.06,39.02
1998-03-19,,0.7913385826771655,,,53.06,42.08
1998-03-20,,0.0,,,44.06,39.92
1998-03-21,,1.188976377952756,,,44.06,39.02
1998-03-22,,0.0905511811023622,,,42.08,33.08
1998-03-23,,0.0,,,48.02,35.06
1998-03-24,,0.0,,,51.08,35.06
1998-03-25,,0.0,,,46.04,35.06
1998-03-26,,0.0,,,55.04,42.980000000000004
1998-03-27,,0.0,,,73.04,51.98
1998-03-28,,0.0,,,60.08,53.06
1998-03-29,,0.0,,,82.04,51.98
1998-03-30,,0.0,,,69.98,51.08
1998-03-31,,0.0,,,62.959999999999994,55.94
1998-04-01,,0.03149606299212599,,,57.92,53.96
1998-04-02,,0.011811023622047244,,,71.06,51.08
1998-04-03,,0.0,,,64.94,46.04
1998-04-04,,0.38188976377952755,,,51.08,42.08
1998-04-05,,0.0,,,53.06,39.92
1998-04-06,,0.0,,,60.08,41.0
1998-04-07,,0.0,,,60.08,46.04
1998-04-08,,0.0,,,60.08,46.94
1998-04-09,,1.2007874015748032,,,46.94,42.980000000000004
1998-04-10,,0.03149606299212599,,,57.92,39.92
1998-04-11,,0.0,,,51.98,41.0
1998-04-12,,0.0,,,53.96,39.92
1998-04-13,,0.0,,,60.08,39.92
1998-04-14,,0.0984251968503937,,,57.02,51.08
1998-04-15,,0.0,,,69.08,53.06
1998-04-16,,0.0,,,59.0,51.08
1998-04-17,,0.16929133858267717,,,62.959999999999994,55.04
1998-04-18,,0.0,,,62.959999999999994,51.08
1998-04-19,,0.531496062992126,,,59.0,46.04
1998-04-20,,0.0984251968503937,,,62.959999999999994,50.0
1998-04-21,,0.0,,,62.059999999999995,46.94
1998-04-22,,0.0,,,60.08,48.92
1998-04-23,,0.8897637795275591,,,53.06,46.94
1998-04-24,,0.0,,,69.98,48.92
1998-04-25,,0.0,,,69.08,55.94
1998-04-26,,0.27165354330708663,,,60.08,46.04
1998-04-27,,0.05905511811023623,,,55.04,44.06
1998-04-28,,0.0,,,53.96,41.0
1998-04-29,,0.0,,,60.980000000000004,46.94
1998-04-30,,0.0,,,62.959999999999994,55.04
1998-05-01,,0.8385826771653544,,,57.92,55.04
1998-05-02,,0.0,,,60.08,55.94
1998-05-03,,0.0,,,64.94,55.94
1998-05-04,,0.011811023622047244,,,64.04,55.04
1998-05-05,,0.11023622047244094,,,59.0,53.96
1998-05-06,,0.011811023622047244,,,62.959999999999994,53.96
1998-05-07,,0.011811023622047244,,,66.92,55.04
1998-05-08,,0.9606299212598425,,,59.0,55.94
1998-05-09,,1.1181102362204725,,,60.08,53.96
1998-05-10,,0.4488188976377953,,,60.08,51.08
1998-05-11,,0.5590551181102362,,,53.06,50.0
1998-05-12,,0.7992125984251969,,,51.98,48.92
1998-05-13,,0.0,,,53.96,48.02
1998-05-14,,0.0,,,53.96,48.02
1998-05-15,,0.0,,,64.04,46.94
1998-05-16,,0.0,,,78.08,57.92
1998-05-17,,0.03149606299212599,,,60.980000000000004,57.02
1998-05-18,,0.0,,,86.0,57.02
1998-05-19,,0.0,,,91.94,68.0
1998-05-20,,0.0,,,84.02,60.08
1998-05-21,,0.0,,,80.06,62.059999999999995
1998-05-22,,0.0,,,71.96,55.94
1998-05-23,,0.0,,,75.92,51.98
1998-05-24,,0.0,,,75.92,55.04
1998-05-25,,0.8385826771653544,,,69.98,60.08
1998-05-26,,0.03149606299212599,,,80.06,66.02
1998-05-27,,0.0,,,73.04,60.980000000000004
1998-05-28,,0.0,,,73.94,60.08
1998-05-29,,0.01968503937007874,,,73.04,57.92
1998-05-30,,0.0,,,84.02,66.02
1998-05-31,,0.0,,,71.06,66.02
1998-06-01,,0.14960629921259844,,,78.98,62.059999999999995
1998-06-02,,0.0,,,68.0,59.0
1998-06-03,,0.01968503937007874,,,75.02,60.08
1998-06-04,,0.0,,,71.06,53.96
1998-06-05,,0.01968503937007874,,,73.94,57.92
1998-06-06,,0.0,,,73.94,53.96
1998-06-07,,0.0,,,71.06,55.94
1998-06-08,,0.0,,,69.08,51.98
1998-06-09,,0.0,,,73.04,57.02
1998-06-10,,0.0,,,68.0,60.08
1998-06-11,,0.0,,,69.98,60.980000000000004
1998-06-12,,1.2007874015748032,,,66.92,62.959999999999994
1998-06-13,,1.2519685039370079,,,77.0,64.04
1998-06-14,,0.421259842519685,,,78.98,64.04
1998-06-15,,0.05905511811023623,,,71.96,64.94
1998-06-16,,0.20866141732283466,,,80.96,66.92
1998-06-17,,0.0,,,82.04,66.92
1998-06-18,,0.0,,,87.08000000000001,68.0
1998-06-19,,0.0,,,84.91999999999999,68.0
1998-06-20,,0.0,,,84.91999999999999,71.06
1998-06-21,,0.0,,,78.98,69.98
1998-06-22,,0.0,,,71.96,69.08
1998-06-23,,0.0,,,73.04,69.98
1998-06-24,,0.0,,,78.08,71.06
1998-06-25,,0.0,,,86.0,71.96
1998-06-26,,0.11811023622047245,,,87.08000000000001,71.96
1998-06-27,,0.0,,,89.06,68.0
1998-06-28,,0.0,,,71.96,64.94
1998-06-29,,0.0,,,73.94,68.0
1998-06-30,,0.16141732283464566,,,87.08000000000001,68.0
1998-07-01,,0.0,,,84.02,66.92
1998-07-02,,0.0,,,82.94,64.94
1998-07-03,,0.0,,,84.91999999999999,68.0
1998-07-04,,0.0905511811023622,,,82.04,69.08
1998-07-05,,0.0,,,80.06,69.08
1998-07-06,,0.0,,,77.0,69.08
1998-07-07,,0.0,,,75.92,66.02
1998-07-08,,0.40944881889763785,,,71.06,64.04
1998-07-09,,0.0,,,82.94,64.94
1998-07-10,,0.0,,,87.98,69.08
1998-07-11,,0.0,,,82.04,62.959999999999994
1998-07-12,,0.0,,,80.06,66.02
1998-07-13,,0.0,,,82.94,68.0
1998-07-14,,0.0,,,78.08,73.04
1998-07-15,,0.0,,,82.04,73.94
1998-07-16,,0.0,,,82.94,73.04
1998-07-17,,0.12992125984251968,,,86.0,75.02
1998-07-18,,0.0,,,84.91999999999999,73.94
1998-07-19,,0.0,,,84.02,71.96
1998-07-20,,0.0,,,89.96000000000001,75.92
1998-07-21,,0.0,,,87.08000000000001,73.94
1998-07-22,,0.0,,,96.08000000000001,77.0
1998-07-23,,0.3897637795275591,,,93.02,73.94
1998-07-24,,0.011811023622047244,,,86.0,73.94
1998-07-25,,0.0,,,80.06,71.06
1998-07-26,,0.0,,,80.96,69.98
1998-07-27,,0.0,,,80.06,71.06
1998-07-28,,0.0,,,80.06,75.02
1998-07-29,,0.0,,,82.94,73.94
1998-07-30,,0.0,,,86.0,75.02
1998-07-31,,0.5511811023622047,,,78.98,68.0
1998-08-01,,0.3188976377952756,,,78.08,69.08
1998-08-02,,0.0,,,78.08,64.04
1998-08-03,,0.0,,,80.96,66.02
1998-08-04,,0.0,,,80.96,66.92
1998-08-05,,0.0,,,80.06,68.0
1998-08-06,,0.0,,,80.96,71.96
1998-08-07,,0.0,,,78.98,71.96
1998-08-08,,0.0,,,80.96,71.96
1998-08-09,,0.0,,,80.96,73.94
1998-08-10,,0.0,,,80.96,71.96
1998-08-11,,0.1889763779527559,,,89.06,73.04
1998-08-12,,0.0,,,82.94,71.06
1998-08-13,,0.0,,,78.98,73.04
1998-08-14,,0.0,,,78.98,71.96
1998-08-15,,0.0,,,80.06,73.04
1998-08-16,,0.0,,,82.04,73.94
1998-08-17,,0.03149606299212599,,,82.04,75.02
1998-08-18,,0.7598425196850395,,,89.96000000000001,71.06
1998-08-19,,0.0,,,75.92,66.92
1998-08-20,,0.0,,,78.98,60.980000000000004
1998-08-21,,0.0,,,82.04,66.02
1998-08-22,,0.0,,,82.04,73.04
1998-08-23,,0.0,,,80.96,75.02
1998-08-24,,0.0,,,82.04,77.0
1998-08-25,,0.0,,,91.94,77.0
1998-08-26,,0.0,,,82.94,77.0
1998-08-27,,0.0,,,78.98,75.02
1998-08-28,,0.5393700787401575,,,77.0,73.94
1998-08-29,,0.0,,,80.96,69.08
1998-08-30,,0.0,,,84.02,73.04
1998-08-31,,0.0,,,89.06,73.94
1998-09-01,,0.0,,,78.98,69.98
1998-09-02,,0.03937007874015748,,,78.08,69.08
1998-09-03,,0.0,,,82.94,66.02
1998-09-04,,0.6181102362204725,,,78.98,69.98
1998-09-05,,0.0,,,82.94,66.02
1998-09-06,,0.0,,,82.94,69.08
1998-09-07,,0.27165354330708663,,,89.96000000000001,73.04
1998-09-08,,0.1811023622047244,,,75.92,60.980000000000004
1998-09-09,,0.0,,,69.98,55.04
1998-09-10,,0.0,,,73.94,57.02
1998-09-11,,0.0,,,82.04,57.02
1998-09-12,,0.0,,,87.08000000000001,66.02
1998-09-13,,0.0,,,77.0,69.98
1998-09-14,,0.0,,,75.92,71.06
1998-09-15,,0.0,,,77.0,73.04
1998-09-16,,0.0,,,91.03999999999999,73.04
1998-09-17,,0.0,,,75.02,71.96
1998-09-18,,0.0,,,75.92,69.98
1998-09-19,,0.0,,,78.08,71.06
1998-09-20,,0.0,,,78.98,64.04
1998-09-21,,0.0,,,78.08,71.96
1998-09-22,,0.46850393700787407,,,78.98,66.02
1998-09-23,,0.0,,,69.08,55.94
1998-09-24,,0.0,,,69.08,51.98
1998-09-25,,0.0,,,71.96,64.04
1998-09-26,,0.0,,,78.08,64.94
1998-09-27,,0.0,,,84.91999999999999,73.04
1998-09-28,,0.0,,,84.02,64.94
1998-09-29,,0.0,,,71.96,55.94
1998-09-30,,0.2992125984251969,,,73.04,68.0
1998-10-01,,0.0,,,84.02,55.04
1998-10-02,,0.0,,,69.08,48.92
1998-10-03,,0.01968503937007874,,,62.959999999999994,53.06
1998-10-04,,0.641732283464567,,,62.059999999999995,53.06
1998-10-05,,0.0,,,68.0,57.92
1998-10-06,,0.0,,,64.94,57.02
1998-10-07,,0.0,,,68.0,57.02
1998-10-08,,1.2519685039370079,,,71.96,66.92
1998-10-09,,0.07874015748031496,,,68.0,62.959999999999994
1998-10-10,,0.03149606299212599,,,64.04,57.92
1998-10-11,,0.0,,,73.04,55.94
1998-10-12,,0.0,,,64.04,57.02
1998-10-13,,0.0,,,66.02,60.980000000000004
1998-10-14,,0.46062992125984253,,,69.08,53.06
1998-10-15,,0.0,,,66.02,48.92
1998-10-16,,0.0,,,64.94,46.94
1998-10-17,,0.0,,,66.92,48.92
1998-10-18,,0.0,,,68.0,57.92
1998-10-19,,0.0,,,75.02,59.0
1998-10-20,,0.0,,,69.98,53.06
1998-10-21,,0.0,,,62.059999999999995,48.92
1998-10-22,,0.0,,,53.96,44.06
1998-10-23,,0.0,,,62.959999999999994,41.0
1998-10-24,,0.0,,,73.04,48.02
1998-10-25,,0.0,,,73.94,50.0
1998-10-26,,0.0,,,62.059999999999995,51.98
1998-10-27,,0.0,,,60.980000000000004,53.96
1998-10-28,,0.0,,,62.959999999999994,50.0
1998-10-29,,0.01968503937007874,,,62.959999999999994,46.04
1998-10-30,,0.0,,,64.04,42.980000000000004
1998-10-31,,0.0,,,60.980000000000004,42.08
1998-11-01,,0.0,,,62.059999999999995,42.980000000000004
1998-11-02,,0.0,,,60.08,44.06
1998-11-03,,0.0,,,51.08,42.08
1998-11-04,,0.0,,,53.06,37.04
1998-11-05,,0.0,,,55.94,33.08
1998-11-06,,0.0,,,48.02,37.94
1998-11-07,,0.0,,,55.04,35.06
1998-11-08,,0.0,,,51.08,41.0
1998-11-09,,0.0,,,55.94,42.08
1998-11-10,,0.0,,,60.980000000000004,42.980000000000004
1998-11-11,,0.5118110236220472,,,62.959999999999994,48.02
1998-11-12,,0.0,,,59.0,41.0
1998-11-13,,0.0,,,55.04,44.06
1998-11-14,,0.0,,,57.02,46.94
1998-11-15,,0.0,,,66.02,46.04
1998-11-16,,0.0,,,57.02,41.0
1998-11-17,,0.0,,,66.02,50.0
1998-11-18,,0.0,,,51.98,41.0
1998-11-19,,0.0,,,55.94,44.06
1998-11-20,,0.0984251968503937,,,59.0,50.0
1998-11-21,,0.03149606299212599,,,51.08,42.08
1998-11-22,,0.0,,,50.0,39.02
1998-11-23,,0.0,,,59.0,44.96
1998-11-24,,0.0,,,62.059999999999995,46.94
1998-11-25,,0.0,,,51.98,39.02
1998-11-26,,0.2519685039370079,,,57.92,50.0
1998-11-27,,0.0,,,55.04,42.08
1998-11-28,,0.0,,,66.02,41.0
1998-11-29,,0.0,,,68.0,48.02
1998-11-30,,0.0,,,60.08,51.08
1998-12-01,,0.0,,,66.02,48.02
1998-12-02,,0.0,,,57.02,44.06
1998-12-03,,0.0,,,64.94,48.92
1998-12-04,,0.0,,,73.94,55.04
1998-12-05,,0.0,,,62.059999999999995,53.06
1998-12-06,,0.0,,,62.959999999999994,50.0
1998-12-07,,0.0,,,73.94,55.94
1998-12-08,,0.40944881889763785,,,55.94,51.08
1998-12-09,,0.5787401574803149,,,51.08,41.0
1998-12-10,,0.0,,,51.98,37.04
1998-12-11,,0.0,,,51.08,37.04
1998-12-12,,0.0,,,48.02,33.98
1998-12-13,,0.6299212598425197,,,46.94,42.08
1998-12-14,,0.0,,,44.96,35.06
1998-12-15,,0.0,,,50.0,32.0
1998-12-16,,0.0,,,48.92,39.02
1998-12-17,,0.01968503937007874,,,51.08,37.04
1998-12-18,,0.0,,,46.04,35.06
1998-12-19,,0.0,,,51.98,39.92
1998-12-20,,0.0,,,51.08,42.980000000000004
1998-12-21,,0.0,,,55.94,46.94
1998-12-22,,0.05118110236220473,,,60.08,28.04
1998-12-23,,0.20866141732283466,,,30.02,21.02
1998-12-24,,0.07086614173228346,,,28.04,23.0
1998-12-25,,0.0,,,42.08,24.08
1998-12-26,,0.0,,,33.98,23.0
1998-12-27,,0.0,,,46.94,24.08
1998-12-28,,0.3188976377952756,,,46.04,39.02
1998-12-29,,0.16141732283464566,,,44.96,37.94
1998-12-30,,0.0,,,39.92,21.02
1998-12-31,,0.0,,,26.96,21.02
1999-01-01,,0.0,,,33.08,19.939999999999998
1999-01-02,,0.0,,,41.0,12.920000000000002
1999-01-03,,1.3818897637795278,,,57.92,35.96
1999-01-04,,0.0,,,35.96,21.92
1999-01-05,,0.0,,,32.0,17.06
1999-01-06,,0.0,,,37.04,17.96
1999-01-07,,0.0,,,39.02,26.060000000000002
1999-01-08,,0.2283464566929134,,,48.02,24.08
1999-01-09,,0.1889763779527559,,,57.02,33.08
1999-01-10,,0.0,,,35.06,24.08
1999-01-11,,0.0,,,39.02,24.08
1999-01-12,,0.0,,,53.06,39.02
1999-01-13,,0.0,,,51.98,33.98
1999-01-14,,0.46850393700787407,,,44.06,33.98
1999-01-15,,1.1299212598425197,,,51.98,28.94
1999-01-16,,0.0,,,44.96,26.96
1999-01-17,,0.0,,,59.0,39.02
1999-01-18,,0.6496062992125985,,,55.04,39.92
1999-01-19,,0.0,,,51.08,39.92
1999-01-20,,0.0,,,48.92,39.92
1999-01-21,,0.03937007874015748,,,48.92,37.04
1999-01-22,,0.011811023622047244,,,46.94,42.980000000000004
1999-01-23,,0.16929133858267717,,,57.92,44.96
1999-01-24,,2.1181102362204722,,,57.92,41.0
1999-01-25,,0.0,,,46.94,35.96
1999-01-26,,0.0,,,46.04,32.0
1999-01-27,,0.0,,,46.04,33.98
1999-01-28,,0.011811023622047244,,,44.06,39.02
1999-01-29,,0.0,,,44.96,32.0
1999-01-30,,0.0,,,42.08,28.94
1999-01-31,,0.0,,,30.92,21.92
1999-02-01,,0.0,,,39.02,24.08
1999-02-02,,0.8110236220472442,,,53.06,39.02
1999-02-03,,0.0,,,57.92,42.980000000000004
1999-02-04,,0.24015748031496062,,,48.92,42.980000000000004
1999-02-05,,0.0,,,44.96,35.06
1999-02-06,,0.011811023622047244,,,44.96,33.08
1999-02-07,,0.07874015748031496,,,42.08,35.06
1999-02-08,,0.16929133858267717,,,42.08,33.08
1999-02-09,,0.0,,,46.04,30.02
1999-02-10,,0.0,,,53.06,39.92
1999-02-11,,0.0,,,48.92,33.98
1999-02-12,,0.2204724409448819,,,55.94,37.94
1999-02-13,,0.011811023622047244,,,42.08,28.04
1999-02-14,,0.0,,,35.06,24.08
1999-02-15,,0.0,,,48.02,24.98
1999-02-16,,0.0,,,53.96,33.98
1999-02-17,,0.0,,,55.04,44.06
1999-02-18,,0.8385826771653544,,,46.94,41.0
1999-02-19,,0.0,,,42.08,35.96
1999-02-20,,0.0,,,46.04,32.0
1999-02-21,,0.0,,,32.0,19.04
1999-02-22,,0.0,,,37.04,26.060000000000002
1999-02-23,,0.0,,,30.02,15.979999999999997
1999-02-24,,0.0,,,37.04,28.94
1999-02-25,,0.0,,,42.980000000000004,28.04
1999-02-26,,0.0,,,48.92,33.08
1999-02-27,,0.0,,,48.92,30.92
1999-02-28,,0.531496062992126,,,50.0,41.0
1999-03-01,,0.07874015748031496,,,46.04,37.94
1999-03-02,,0.0,,,50.0,33.98
1999-03-03,,0.11811023622047245,,,53.06,44.06
1999-03-04,,0.011811023622047244,,,48.92,33.08
1999-03-05,,0.0,,,44.96,28.94
1999-03-06,,0.31102362204724415,,,48.92,37.04
1999-03-07,,0.11023622047244094,,,44.96,21.92
1999-03-08,,0.0,,,37.94,19.04
1999-03-09,,0.0,,,35.06,21.92
1999-03-10,,0.0,,,41.0,30.92
1999-03-11,,0.0,,,44.06,26.060000000000002
1999-03-12,,0.0,,,37.94,26.060000000000002
1999-03-13,,0.0,,,46.94,28.94
1999-03-14,,1.188976377952756,,,42.08,35.06
1999-03-15,,0.7086614173228347,,,42.980000000000004,35.06
1999-03-16,,0.0,,,51.98,32.0
1999-03-17,,0.0,,,66.02,41.0
1999-03-18,,0.0,,,71.06,44.96
1999-03-19,,0.0,,,53.06,39.02
1999-03-20,,0.0,,,53.06,33.98
1999-03-21,,0.5708661417322834,,,51.08,41.0
1999-03-22,,0.3582677165354331,,,53.06,37.04
1999-03-23,,0.0,,,46.94,35.96
1999-03-24,,0.14173228346456693,,,55.04,44.06
1999-03-25,,0.0,,,51.98,39.92
1999-03-26,,0.0,,,42.08,33.08
1999-03-27,,0.16141732283464566,,,46.04,39.02
1999-03-28,,0.16929133858267717,,,48.02,41.0
1999-03-29,,0.0,,,69.08,42.980000000000004
1999-03-30,,0.0,,,64.04,44.96
1999-03-31,,0.0,,,66.02,44.96
1999-04-01,,0.38188976377952755,,,62.959999999999994,48.92
1999-04-02,,0.0,,,57.02,44.96
1999-04-03,,0.0,,,55.04,44.96
1999-04-04,,0.1889763779527559,,,77.0,46.94
1999-04-05,,0.0,,,48.92,42.08
1999-04-06,,0.0,,,53.06,42.08
1999-04-07,,0.0,,,75.02,51.08
1999-04-08,,0.0,,,73.94,53.96
1999-04-09,,0.7598425196850395,,,62.059999999999995,46.04
1999-04-10,,0.05118110236220473,,,55.04,44.06
1999-04-11,,0.7716535433070867,,,48.02,42.980000000000004
1999-04-12,,0.07086614173228346,,,57.92,41.0
1999-04-13,,0.0,,,62.059999999999995,39.92
1999-04-14,,0.0,,,68.0,42.980000000000004
1999-04-15,,0.11811023622047245,,,60.08,46.04
1999-04-16,,0.07086614173228346,,,51.08,46.04
1999-04-17,,0.011811023622047244,,,60.980000000000004,44.96
1999-04-18,,0.0,,,60.08,44.96
1999-04-19,,0.0,,,57.92,42.980000000000004
1999-04-20,,0.11023622047244094,,,55.94,46.04
1999-04-21,,0.0,,,59.0,44.06
1999-04-22,,0.24015748031496062,,,57.02,48.02
1999-04-23,,0.12992125984251968,,,53.06,48.92
1999-04-24,,0.0,,,60.980000000000004,41.0
1999-04-25,,0.0,,,60.08,41.0
1999-04-26,,0.0,,,73.04,48.02
1999-04-27,,0.0,,,57.92,48.02
1999-04-28,,0.0,,,57.02,46.04
1999-04-29,,0.0,,,59.0,44.96
1999-04-30,,0.0,,,53.96,44.06
1999-05-01,,0.0,,,55.04,48.02
1999-05-02,,0.0,,,55.04,48.92
1999-05-03,,0.07086614173228346,,,55.04,51.08
1999-05-04,,0.0,,,57.92,53.06
1999-05-05,,0.0,,,64.94,53.06
1999-05-06,,0.0,,,55.94,50.0
1999-05-07,,0.0,,,57.92,53.96
1999-05-08,,0.011811023622047244,,,62.059999999999995,53.96
1999-05-09,,0.0,,,78.98,55.94
1999-05-10,,0.0,,,71.06,55.94
1999-05-11,,0.0,,,60.08,55.04
1999-05-12,,0.0,,,64.94,55.04
1999-05-13,,0.0,,,64.94,53.96
1999-05-14,,0.0,,,55.04,51.98
1999-05-15,,0.0,,,57.92,51.08
1999-05-16,,0.0,,,62.059999999999995,53.96
1999-05-17,,0.0,,,66.92,55.94
1999-05-18,,0.0,,,62.959999999999994,57.02
1999-05-19,,0.05905511811023623,,,69.08,57.92
1999-05-20,,0.0,,,75.92,57.02
1999-05-21,,0.0,,,73.94,53.96
1999-05-22,,0.11811023622047245,,,69.98,59.0
1999-05-23,,0.33070866141732286,,,68.0,60.980000000000004
1999-05-24,,0.11811023622047245,,,66.92,57.92
1999-05-25,,0.0,,,69.98,57.02
1999-05-26,,0.0,,,77.0,62.059999999999995
1999-05-27,,0.0,,,73.94,55.04
1999-05-28,,0.0,,,84.02,57.02
1999-05-29,,0.0,,,84.91999999999999,64.94
1999-05-30,,0.0,,,82.04,66.02
1999-05-31,,0.0,,,82.04,66.02
1999-06-01,,0.0,,,77.0,69.08
1999-06-02,,0.0,,,75.02,68.0
1999-06-03,,0.0,,,84.02,66.02
1999-06-04,,0.0,,,73.94,62.059999999999995
1999-06-05,,0.0,,,75.92,60.08
1999-06-06,,0.0,,,69.98,60.08
1999-06-07,,0.0,,,84.91999999999999,68.0
1999-06-08,,0.0,,,95.0,73.94
1999-06-09,,0.0,,,89.06,62.059999999999995
1999-06-10,,0.0,,,66.92,62.059999999999995
1999-06-11,,0.0,,,66.92,62.059999999999995
1999-06-12,,0.011811023622047244,,,68.0,64.04
1999-06-13,,0.011811023622047244,,,73.04,66.02
1999-06-14,,0.05905511811023623,,,73.94,68.0
1999-06-15,,0.38188976377952755,,,77.0,66.92
1999-06-16,,0.0,,,68.0,64.04
1999-06-17,,0.03149606299212599,,,64.94,62.059999999999995
1999-06-18,,0.0,,,69.98,60.08
1999-06-19,,0.0,,,71.96,59.0
1999-06-20,,0.8897637795275591,,,66.92,60.08
1999-06-21,,0.641732283464567,,,64.94,60.08
1999-06-22,,0.0,,,73.04,60.08
1999-06-23,,0.0,,,75.92,62.959999999999994
1999-06-24,,0.0,,,82.04,53.96
1999-06-25,,0.0,,,82.04,60.980000000000004
1999-06-26,,0.0,,,84.91999999999999,68.0
1999-06-27,,0.0,,,78.08,69.98
1999-06-28,,0.0,,,77.0,71.96
1999-06-29,,0.011811023622047244,,,80.96,71.96
1999-06-30,,0.05905511811023623,,,78.08,69.08
1999-07-01,,0.0,,,77.0,69.08
1999-07-02,,0.011811023622047244,,,75.92,71.96
1999-07-03,,0.0,,,87.98,71.96
1999-07-04,,0.0,,,96.98,75.92
1999-07-05,,0.0,,,100.94,80.06
1999-07-06,,0.0,,,98.06,80.06
1999-07-07,,0.0,,,93.91999999999999,80.96
1999-07-08,,0.0,,,89.96000000000001,75.02
1999-07-09,,0.0,,,89.96000000000001,69.98
1999-07-10,,0.0,,,89.96000000000001,71.96
1999-07-11,,0.0,,,77.0,64.04
1999-07-12,,0.05905511811023623,,,77.0,64.94
1999-07-13,,0.9015748031496063,,,69.98,62.059999999999995
1999-07-14,,0.0,,,71.96,62.959999999999994
1999-07-15,,0.0,,,78.98,62.059999999999995
1999-07-16,,0.0,,,82.04,68.0
1999-07-17,,0.0,,,80.06,69.98
1999-07-18,,0.0,,,82.94,73.04
1999-07-19,,0.03149606299212599,,,87.08000000000001,73.94
1999-07-20,,0.0,,,78.08,69.98
1999-07-21,,0.0,,,80.06,69.98
1999-07-22,,0.14960629921259844,,,78.98,73.94
1999-07-23,,0.0,,,80.96,71.06
1999-07-24,,0.05118110236220473,,,84.02,73.94
1999-07-25,,0.0,,,96.08000000000001,75.02
1999-07-26,,0.0,,,86.0,73.94
1999-07-27,,0.0,,,93.02,73.94
1999-07-28,,0.0,,,96.08000000000001,73.94
1999-07-29,,0.0,,,84.02,75.02
1999-07-30,,0.0,,,86.0,75.02
1999-07-31,,0.0,,,87.98,78.08
1999-08-01,,0.0,,,93.91999999999999,78.98
1999-08-02,,0.0,,,82.94,75.02
1999-08-03,,0.0,,,82.04,71.96
1999-08-04,,0.0,,,82.04,69.98
1999-08-05,,0.2992125984251969,,,82.04,71.06
1999-08-06,,0.0,,,82.04,69.98
1999-08-07,,0.0,,,80.96,71.06
1999-08-08,,0.011811023622047244,,,87.98,77.0
1999-08-09,,0.0,,,78.08,69.08
1999-08-10,,0.0,,,78.08,64.94
1999-08-11,,0.0,,,78.08,73.94
1999-08-12,,0.0,,,84.02,75.02
1999-08-13,,0.0,,,82.04,77.0
1999-08-14,,2.0393700787401574,,,78.98,69.98
1999-08-15,,1.2913385826771653,,,84.91999999999999,71.96
1999-08-16,,0.0,,,80.96,71.06
1999-08-17,,0.0,,,80.06,73.94
1999-08-18,,0.0,,,87.08000000000001,73.94
1999-08-19,,0.0,,,78.08,69.08
1999-08-20,,0.3503937007874016,,,78.08,71.06
1999-08-21,,0.03149606299212599,,,71.06,64.94
1999-08-22,,0.0,,,78.08,64.04
1999-08-23,,0.0,,,82.94,62.959999999999994
1999-08-24,,0.0,,,78.98,69.08
1999-08-25,,0.2795275590551181,,,80.06,73.04
1999-08-26,,0.9409448818897638,,,84.02,73.94
1999-08-27,,0.0,,,82.04,71.96
1999-08-28,,0.0,,,86.0,71.96
1999-08-29,,0.0,,,87.98,69.98
1999-08-30,,0.0,,,69.98,62.059999999999995
1999-08-31,,0.0,,,71.06,68.0
1999-09-01,,0.0,,,71.96,66.92
1999-09-02,,0.03149606299212599,,,73.94,69.08
1999-09-03,,0.0,,,73.94,69.98
1999-09-04,,0.0,,,77.0,71.96
1999-09-05,,0.0,,,77.0,73.04
1999-09-06,,0.0,,,80.96,73.94
1999-09-07,,0.0984251968503937,,,77.0,73.94
1999-09-08,,1.389763779527559,,,78.98,69.98
1999-09-09,,0.03937007874015748,,,78.98,73.94
1999-09-10,,0.5,,,80.06,71.06
1999-09-11,,0.0,,,80.96,64.04
1999-09-12,,0.0,,,78.08,62.959999999999994
1999-09-13,,0.0,,,77.0,66.92
1999-09-14,,0.05118110236220473,,,75.92,69.08
1999-09-15,,0.9881889763779529,,,73.04,69.08
1999-09-16,,1.9291338582677167,,,80.06,62.059999999999995
1999-09-17,,0.0,,,73.94,60.08
1999-09-18,,0.0,,,77.0,57.02
1999-09-19,,0.0,,,75.02,60.980000000000004
1999-09-20,,0.0,,,73.94,60.980000000000004
1999-09-21,,0.33858267716535434,,,71.06,53.96
1999-09-22,,0.0,,,69.98,60.08
1999-09-23,,0.0,,,71.96,55.04
1999-09-24,,0.0,,,75.92,57.92
1999-09-25,,0.0,,,78.08,60.980000000000004
1999-09-26,,0.0,,,69.08,62.959999999999994
1999-09-27,,0.0,,,71.06,66.02
1999-09-28,,0.0,,,71.06,62.959999999999994
1999-09-29,,0.0,,,75.02,66.02
1999-09-30,,0.4409448818897638,,,73.04,57.92
1999-10-01,,0.0,,,69.98,51.98
1999-10-02,,0.0,,,71.96,57.92
1999-10-03,,0.0,,,75.92,66.92
1999-10-04,,0.5118110236220472,,,73.04,66.02
1999-10-05,,0.0984251968503937,,,66.92,48.92
1999-10-06,,0.0,,,66.92,46.94
1999-10-07,,0.0,,,57.92,42.980000000000004
1999-10-08,,0.0,,,64.04,46.94
1999-10-09,,0.0,,,73.94,64.04
1999-10-10,,0.25984251968503935,,,69.98,64.94
1999-10-11,,0.0,,,75.02,55.94
1999-10-12,,0.0,,,66.02,51.98
1999-10-13,,0.0,,,69.98,60.980000000000004
1999-10-14,,0.0,,,66.92,48.92
1999-10-15,,0.0,,,62.959999999999994,44.06
1999-10-16,,0.0,,,71.96,59.0
1999-10-17,,1.078740157480315,,,69.98,64.04
1999-10-18,,0.5590551181102362,,,69.08,50.0
1999-10-19,,0.0,,,62.059999999999995,48.92
1999-10-20,,1.220472440944882,,,64.04,55.04
1999-10-21,,0.0,,,64.94,48.02
1999-10-22,,0.07086614173228346,,,62.059999999999995,48.92
1999-10-23,,0.0984251968503937,,,57.02,46.94
1999-10-24,,0.0,,,59.0,44.06
1999-10-25,,0.0,,,59.0,42.08
1999-10-26,,0.0,,,62.059999999999995,53.06
1999-10-27,,0.0,,,62.959999999999994,48.92
1999-10-28,,0.0,,,60.980000000000004,44.06
1999-10-29,,0.0,,,66.02,51.08
1999-10-30,,0.0,,,68.0,51.98
1999-10-31,,0.0,,,69.08,62.959999999999994
1999-11-01,,0.0,,,64.94,57.92
1999-11-02,,0.6181102362204725,,,69.98,62.059999999999995
1999-11-03,,0.0,,,64.94,42.08
1999-11-04,,0.0,,,53.96,42.08
1999-11-05,,0.0,,,62.059999999999995,46.04
1999-11-06,,0.0,,,71.96,53.06
1999-11-07,,0.0,,,57.02,42.08
1999-11-08,,0.0,,,53.96,37.04
1999-11-09,,0.0,,,60.08,42.980000000000004
1999-11-10,,0.0,,,73.04,55.94
1999-11-11,,0.0,,,62.059999999999995,46.94
1999-11-12,,0.0,,,55.04,42.980000000000004
1999-11-13,,0.0,,,60.08,48.92
1999-11-14,,0.0,,,64.04,48.92
1999-11-15,,0.0,,,50.0,42.08
1999-11-16,,0.0,,,42.980000000000004,35.06
1999-11-17,,0.0,,,46.04,32.0
1999-11-18,,0.0,,,51.98,35.96
1999-11-19,,0.0,,,57.02,46.04
1999-11-20,,0.011811023622047244,,,62.959999999999994,57.02
1999-11-21,,0.0,,,68.0,53.06
1999-11-22,,0.011811023622047244,,,62.059999999999995,57.02
1999-11-23,,0.0,,,57.02,53.96
1999-11-24,,0.011811023622047244,,,60.08,53.96
1999-11-25,,0.07086614173228346,,,59.0,53.06
1999-11-26,,0.03937007874015748,,,62.059999999999995,55.04
1999-11-27,,0.16141732283464566,,,60.08,50.0
1999-11-28,,0.0,,,51.98,42.980000000000004
1999-11-29,,0.0,,,50.0,35.96
1999-11-30,,0.0,,,41.0,32.0
1999-12-01,,0.0,,,37.04,24.08
1999-12-02,,0.0,,,50.0,28.04
1999-12-03,,0.0,,,53.96,37.94
1999-12-04,,0.0,,,68.0,50.0
1999-12-05,,0.0,,,60.980000000000004,48.02
1999-12-06,,0.5905511811023623,,,62.059999999999995,55.04
1999-12-07,,0.03937007874015748,,,55.04,39.02
1999-12-08,,0.0,,,55.94,35.06
1999-12-09,,0.0,,,55.04,37.94
1999-12-10,,0.1811023622047244,,,60.08,44.96
1999-12-11,,0.0,,,50.0,39.92
1999-12-12,,0.0,,,53.06,35.06
1999-12-13,,0.03149606299212599,,,53.06,39.02
1999-12-14,,1.0511811023622049,,,57.92,51.98
1999-12-15,,0.0,,,55.94,48.92
1999-12-16,,0.0,,,53.06,39.02
1999-12-17,,0.0,,,48.02,35.96
1999-12-18,,0.0,,,48.92,37.04
1999-12-19,,0.0,,,48.02,42.08
1999-12-20,,0.31102362204724415,,,62.059999999999995,48.02
1999-12-21,,0.03149606299212599,,,60.980000000000004,37.94
1999-12-22,,0.11023622047244094,,,42.08,32.0
1999-12-23,,0.0,,,44.06,30.02
1999-12-24,,0.0,,,33.98,24.08
1999-12-25,,0.0,,,32.0,19.939999999999998
1999-12-26,,0.0,,,39.92,28.94
1999-12-27,,0.0,,,39.02,30.02
1999-12-28,,0.0,,,35.96,26.96
1999-12-29,,0.0,,,42.08,28.94
1999-12-30,,0.0,,,57.92,39.92
1999-12-31,,0.0,,,46.04,37.04
2000-01-01,,0.0,,,51.08,33.08
2000-01-02,,0.0,,,55.94,48.92
2000-01-03,,0.0,,,59.0,51.98
2000-01-04,,0.6181102362204725,,,60.08,51.98
2000-01-05,,0.14960629921259844,,,51.98,33.08
2000-01-06,,0.0,,,46.94,30.92
2000-01-07,,0.0,,,53.06,37.94
2000-01-08,,0.0,,,42.980000000000004,30.02
2000-01-09,,0.0,,,48.02,41.0
2000-01-10,,0.2992125984251969,,,59.0,44.06
2000-01-11,,0.0,,,55.04,39.92
2000-01-12,,0.0,,,46.04,37.04
2000-01-13,,0.1889763779527559,,,51.08,24.08
2000-01-14,,0.0,,,26.96,19.04
2000-01-15,,0.0,,,35.96,19.939999999999998
2000-01-16,,0.0,,,53.06,28.94
2000-01-17,,0.0,,,28.94,10.940000000000001
2000-01-18,,0.0,,,23.0,8.059999999999999
2000-01-19,,0.0,,,33.98,17.06
2000-01-20,,0.07086614173228346,,,35.06,24.98
2000-01-21,,0.0,,,26.060000000000002,12.920000000000002
2000-01-22,,0.0,,,24.98,12.920000000000002
2000-01-23,,0.0,,,32.0,19.939999999999998
2000-01-24,,0.011811023622047244,,,35.96,28.94
2000-01-25,,1.2401574803149606,,,35.96,28.04
2000-01-26,,0.0,,,37.04,23.0
2000-01-27,,0.0,,,23.0,15.079999999999998
2000-01-28,,0.0,,,26.96,12.920000000000002
2000-01-29,,0.0,,,41.0,15.979999999999997
2000-01-30,,0.7795275590551182,,,48.02,19.04
2000-01-31,,0.01968503937007874,,,48.02,30.02
2000-02-01,,0.0,,,37.94,28.04
2000-02-02,,0.0,,,33.98,24.08
2000-02-03,,0.0,,,39.02,23.0
2000-02-04,,0.0,,,41.0,30.02
2000-02-05,,0.0,,,39.92,30.92
2000-02-06,,0.0,,,41.0,30.02
2000-02-07,,0.0,,,48.02,33.08
2000-02-08,,0.0,,,35.06,24.08
2000-02-09,,0.0,,,48.92,28.04
2000-02-10,,0.0,,,46.94,35.96
2000-02-11,,0.03937007874015748,,,53.06,35.96
2000-02-12,,0.0,,,35.96,26.96
2000-02-13,,0.03149606299212599,,,44.06,24.98
2000-02-14,,0.2913385826771654,,,53.06,42.980000000000004
2000-02-15,,0.0,,,44.96,32.0
2000-02-16,,0.0,,,51.98,33.08
2000-02-17,,0.0,,,42.980000000000004,30.02
2000-02-18,,1.078740157480315,,,46.94,32.0
2000-02-19,,0.31102362204724415,,,44.96,35.06
2000-02-20,,0.0,,,44.96,32.0
2000-02-21,,0.0,,,48.02,30.02
2000-02-22,,0.0,,,46.04,33.08
2000-02-23,,0.0,,,55.04,35.96
2000-02-24,,0.0,,,55.94,44.06
2000-02-25,,0.0,,,60.08,42.08
2000-02-26,,0.0,,,42.980000000000004,39.92
2000-02-27,,0.011811023622047244,,,51.98,42.08
2000-02-28,,0.38188976377952755,,,55.94,42.08
2000-02-29,,0.0,,,59.0,37.04
2000-03-01,,0.0,,,48.92,39.02
2000-03-02,,0.0,,,51.08,41.0
2000-03-03,,0.0,,,51.98,37.04
2000-03-04,,0.0,,,55.94,33.08
2000-03-05,,0.0,,,62.059999999999995,39.92
2000-03-06,,0.0,,,57.02,37.04
2000-03-07,,0.0,,,53.96,37.94
2000-03-08,,0.0,,,62.959999999999994,48.02
2000-03-09,,0.0,,,60.980000000000004,50.0
2000-03-10,,0.0,,,68.0,46.04
2000-03-11,,0.011811023622047244,,,55.04,46.94
2000-03-12,,0.20078740157480315,,,55.94,37.04
2000-03-13,,0.0,,,50.0,32.0
2000-03-14,,0.0,,,48.92,39.92
2000-03-15,,0.0,,,57.92,44.96
2000-03-16,,0.24015748031496062,,,60.08,51.08
2000-03-17,,0.7007874015748032,,,60.980000000000004,32.0
2000-03-18,,0.0,,,35.06,26.96
2000-03-19,,0.0,,,42.08,35.06
2000-03-20,,0.0,,,42.980000000000004,39.02
2000-03-21,,1.6614173228346458,,,44.06,42.980000000000004
2000-03-22,,1.519685039370079,,,44.06,42.08
2000-03-23,,0.0,,,48.92,39.92
2000-03-24,,0.0,,,60.08,42.08
2000-03-25,,0.0,,,64.04,48.02
2000-03-26,,0.0,,,66.02,50.0
2000-03-27,,0.05118110236220473,,,55.94,42.980000000000004
2000-03-28,,0.2913385826771654,,,59.0,48.02
2000-03-29,,0.0,,,57.02,44.06
2000-03-30,,0.0,,,55.04,41.0
2000-03-31,,0.0,,,55.94,39.02
2000-04-01,,0.0,,,57.02,42.08
2000-04-02,,0.0,,,55.94,50.0
2000-04-03,,0.0,,,60.08,51.98
2000-04-04,,0.16929133858267717,,,59.0,48.92
2000-04-05,,0.0,,,51.08,41.0
2000-04-06,,0.0,,,66.02,44.96
2000-04-07,,0.0,,,62.059999999999995,51.08
2000-04-08,,0.0,,,59.0,50.0
2000-04-09,,0.421259842519685,,,51.08,33.98
2000-04-10,,0.0,,,59.0,42.08
2000-04-11,,0.03149606299212599,,,51.08,44.96
2000-04-12,,0.05118110236220473,,,55.94,42.980000000000004
2000-04-13,,0.0,,,46.04,39.02
2000-04-14,,0.0,,,51.08,42.980000000000004
2000-04-15,,1.1496062992125984,,,62.959999999999994,50.0
2000-04-16,,0.27165354330708663,,,75.02,55.94
2000-04-17,,0.07874015748031496,,,60.08,46.94
2000-04-18,,0.03937007874015748,,,48.02,46.04
2000-04-19,,0.05118110236220473,,,53.06,46.04
2000-04-20,,0.0,,,53.06,44.06
2000-04-21,,0.2519685039370079,,,57.92,46.04
2000-04-22,,0.0,,,55.04,48.92
2000-04-23,,0.0,,,55.94,48.02
2000-04-24,,0.0,,,69.98,48.02
2000-04-25,,0.531496062992126,,,55.04,44.06
2000-04-26,,0.0,,,46.94,42.980000000000004
2000-04-27,,0.011811023622047244,,,48.02,42.08
2000-04-28,,0.0,,,55.04,44.96
2000-04-29,,0.0,,,60.08,48.02
2000-04-30,,0.0,,,66.92,50.0
2000-05-01,,0.0,,,60.08,46.04
2000-05-02,,0.01968503937007874,,,71.96,53.96
2000-05-03,,0.0,,,60.08,48.92
2000-05-04,,0.0,,,60.980000000000004,53.96
2000-05-05,,0.0,,,87.98,57.02
2000-05-06,,0.0,,,87.98,66.02
2000-05-07,,0.0,,,91.94,68.0
2000-05-08,,0.0,,,78.98,66.92
2000-05-09,,0.0,,,78.08,64.04
2000-05-10,,0.1811023622047244,,,66.02,55.94
2000-05-11,,0.0,,,77.0,55.94
2000-05-12,,0.0,,,68.0,59.0
2000-05-13,,0.03937007874015748,,,69.08,57.92
2000-05-14,,0.011811023622047244,,,75.02,60.08
2000-05-15,,0.0,,,69.08,53.96
2000-05-16,,0.0,,,64.94,51.08
2000-05-17,,0.05118110236220473,,,64.04,57.02
2000-05-18,,0.0,,,66.02,60.980000000000004
2000-05-19,,0.0,,,64.04,51.98
2000-05-20,,0.1811023622047244,,,55.04,51.98
2000-05-21,,0.14960629921259844,,,57.02,53.96
2000-05-22,,0.909448818897638,,,55.04,53.06
2000-05-23,,0.0,,,60.08,53.06
2000-05-24,,0.46850393700787407,,,80.06,57.92
2000-05-25,,0.011811023622047244,,,73.94,62.059999999999995
2000-05-26,,0.0,,,77.0,60.980000000000004
2000-05-27,,0.12992125984251968,,,68.0,57.92
2000-05-28,,0.05905511811023623,,,62.059999999999995,55.04
2000-05-29,,0.0,,,59.0,53.96
2000-05-30,,0.0,,,55.94,53.06
2000-05-31,,0.0,,,60.980000000000004,53.06
2000-06-01,,0.0,,,75.02,57.02
2000-06-02,,0.0,,,82.94,68.0
2000-06-03,,0.0,,,73.04,62.959999999999994
2000-06-04,,0.0,,,69.08,59.0
2000-06-05,,0.0,,,62.959999999999994,60.08
2000-06-06,,0.8307086614173229,,,62.059999999999995,55.94
2000-06-07,,0.0,,,73.04,51.98
2000-06-08,,0.0,,,75.92,62.059999999999995
2000-06-09,,0.0,,,80.96,64.94
2000-06-10,,0.0,,,84.02,69.08
2000-06-11,,0.0,,,86.0,69.98
2000-06-12,,0.421259842519685,,,87.98,60.980000000000004
2000-06-13,,0.05118110236220473,,,62.059999999999995,59.0
2000-06-14,,0.07086614173228346,,,62.959999999999994,60.980000000000004
2000-06-15,,0.011811023622047244,,,73.04,62.959999999999994
2000-06-16,,0.0,,,78.98,69.08
2000-06-17,,0.0,,,82.04,71.06
2000-06-18,,1.4094488188976377,,,80.06,71.96
2000-06-19,,0.0,,,73.04,66.02
2000-06-20,,0.0,,,78.08,62.059999999999995
2000-06-21,,0.0,,,73.04,69.08
2000-06-22,,0.1889763779527559,,,82.04,71.96
2000-06-23,,0.0,,,86.0,69.98
2000-06-24,,0.0,,,78.98,66.92
2000-06-25,,0.0,,,77.0,73.04
2000-06-26,,0.0,,,77.0,73.04
2000-06-27,,0.03937007874015748,,,89.06,71.96
2000-06-28,,1.2795275590551183,,,75.02,69.08
2000-06-29,,0.0,,,73.04,66.02
2000-06-30,,0.0,,,80.96,62.959999999999994
2000-07-01,,0.0,,,78.08,64.94
2000-07-02,,0.0,,,82.04,66.92
2000-07-03,,0.27165354330708663,,,77.0,71.06
2000-07-04,,0.1889763779527559,,,78.98,69.98
2000-07-05,,0.0,,,84.02,71.06
2000-07-06,,0.0,,,73.94,66.02
2000-07-07,,0.0,,,75.92,64.94
2000-07-08,,0.0,,,78.08,59.0
2000-07-09,,0.0,,,73.94,66.02
2000-07-10,,0.0,,,93.02,71.96
2000-07-11,,0.0,,,78.08,69.08
2000-07-12,,0.0,,,75.02,64.04
2000-07-13,,0.0,,,78.98,66.92
2000-07-14,,0.0,,,75.02,69.98
2000-07-15,,1.7283464566929134,,,75.02,66.92
2000-07-16,,0.0,,,78.08,69.08
2000-07-17,,0.0,,,80.06,71.06
2000-07-18,,0.0,,,84.91999999999999,73.04
2000-07-19,,0.9881889763779529,,,77.0,64.04
2000-07-20,,0.2992125984251969,,,71.96,64.94
2000-07-21,,0.0,,,77.0,66.92
2000-07-22,,0.05905511811023623,,,78.98,68.0
2000-07-23,,0.0,,,75.92,66.02
2000-07-24,,0.0,,,73.94,69.98
2000-07-25,,0.07086614173228346,,,71.96,69.08
2000-07-26,,2.4291338582677167,,,73.94,69.08
2000-07-27,,0.0,,,77.0,71.96
2000-07-28,,0.0,,,73.04,69.08
2000-07-29,,0.0,,,77.0,69.98
2000-07-30,,0.0,,,80.96,73.94
2000-07-31,,0.0,,,80.96,75.92
2000-08-01,,0.05118110236220473,,,80.96,77.0
2000-08-02,,0.0,,,80.96,75.92
2000-08-03,,0.0,,,80.06,75.92
2000-08-04,,2.7007874015748032,,,80.06,69.98
2000-08-05,,0.0,,,80.96,66.92
2000-08-06,,0.0,,,77.0,68.0
2000-08-07,,0.0,,,91.03999999999999,77.0
2000-08-08,,0.01968503937007874,,,89.96000000000001,75.92
2000-08-09,,0.0,,,87.98,78.08
2000-08-10,,0.0,,,84.02,75.02
2000-08-11,,0.0,,,80.96,71.96
2000-08-12,,5.421259842519685,,,75.92,66.02
2000-08-13,,0.8188976377952757,,,69.98,66.02
2000-08-14,,0.7716535433070867,,,69.98,66.02
2000-08-15,,0.0,,,78.08,66.02
2000-08-16,,0.0,,,87.98,71.06
2000-08-17,,0.0,,,78.98,64.94
2000-08-18,,0.7716535433070867,,,73.94,64.94
2000-08-19,,0.0,,,78.98,62.059999999999995
2000-08-20,,0.0,,,75.02,62.059999999999995
2000-08-21,,0.0,,,73.94,57.02
2000-08-22,,0.0,,,75.92,62.059999999999995
2000-08-23,,0.0,,,73.94,68.0
2000-08-24,,1.0708661417322836,,,80.96,69.98
2000-08-25,,0.0,,,78.08,68.0
2000-08-26,,0.0,,,78.98,66.92
2000-08-27,,0.0,,,77.0,71.06
2000-08-28,,0.0,,,78.08,73.94
2000-08-29,,0.0,,,75.92,73.04
2000-08-30,,0.12992125984251968,,,78.08,73.04
2000-08-31,,0.01968503937007874,,,78.98,75.02
2000-09-01,,0.0,,,82.04,75.92
2000-09-02,,0.0,,,82.04,75.92
2000-09-03,,1.141732283464567,,,84.91999999999999,73.94
2000-09-04,,0.4015748031496063,,,82.04,66.02
2000-09-05,,0.0,,,66.02,62.059999999999995
2000-09-06,,0.0,,,68.0,62.059999999999995
2000-09-07,,0.0,,,71.06,60.08
2000-09-08,,0.0,,,75.92,60.980000000000004
2000-09-09,,0.0,,,78.08,69.08
2000-09-10,,0.0,,,78.08,69.08
2000-09-11,,0.0,,,78.08,69.98
2000-09-12,,0.0,,,78.98,71.96
2000-09-13,,0.0,,,82.94,69.08
2000-09-14,,0.0,,,78.08,62.059999999999995
2000-09-15,,0.0,,,75.92,59.0
2000-09-16,,0.0,,,69.98,55.04
2000-09-17,,0.0,,,69.08,53.06
2000-09-18,,0.0,,,73.04,60.980000000000004
2000-09-19,,0.1889763779527559,,,75.92,68.0
2000-09-20,,0.03149606299212599,,,82.04,64.04
2000-09-21,,0.0,,,78.98,62.959999999999994
2000-09-22,,0.0,,,69.98,57.02
2000-09-23,,0.4488188976377953,,,71.96,62.959999999999994
2000-09-24,,0.0,,,78.08,64.04
2000-09-25,,1.8818897637795275,,,64.04,55.04
2000-09-26,,2.330708661417323,,,62.059999999999995,53.06
2000-09-27,,0.0,,,69.98,50.0
2000-09-28,,0.0,,,71.96,55.94
2000-09-29,,0.0,,,60.08,48.92
2000-09-30,,0.0,,,68.0,51.08
2000-10-01,,0.0,,,69.08,57.02
2000-10-02,,0.0,,,71.06,60.08
2000-10-03,,0.0,,,84.02,62.059999999999995
2000-10-04,,0.0,,,75.02,64.04
2000-10-05,,0.0,,,69.08,64.94
2000-10-06,,0.0,,,82.04,62.059999999999995
2000-10-07,,0.0,,,64.94,50.0
2000-10-08,,0.0,,,57.92,42.980000000000004
2000-10-09,,0.0,,,51.98,39.92
2000-10-10,,0.0,,,53.96,39.02
2000-10-11,,0.0,,,68.0,50.0
2000-10-12,,0.0,,,71.96,48.92
2000-10-13,,0.0,,,73.94,51.08
2000-10-14,,0.0,,,78.98,55.04
2000-10-15,,0.0,,,80.06,57.02
2000-10-16,,0.0,,,68.0,60.980000000000004
2000-10-17,,0.0,,,62.959999999999994,60.980000000000004
2000-10-18,,0.011811023622047244,,,71.06,55.94
2000-10-19,,0.0,,,69.08,51.08
2000-10-20,,0.0,,,66.02,48.92
2000-10-21,,0.0,,,66.92,57.02
2000-10-22,,0.0,,,60.980000000000004,51.08
2000-10-23,,0.0,,,62.059999999999995,46.94
2000-10-24,,0.0,,,62.959999999999994,50.0
2000-10-25,,0.0,,,68.0,53.06
2000-10-26,,0.0,,,66.92,53.06
2000-10-27,,0.0,,,64.94,57.92
2000-10-28,,0.0,,,66.02,42.980000000000004
2000-10-29,,0.0,,,55.04,37.94
2000-10-30,,0.0,,,53.96,37.94
2000-10-31,,0.0,,,59.0,41.0
2000-11-01,,0.0,,,62.059999999999995,42.08
2000-11-02,,0.0,,,64.04,44.06
2000-11-03,,0.0,,,62.959999999999994,46.94
2000-11-04,,0.0,,,66.02,51.98
2000-11-05,,0.0,,,57.02,42.980000000000004
2000-11-06,,0.0,,,60.08,39.02
2000-11-07,,0.0,,,62.959999999999994,42.08
2000-11-08,,0.0,,,60.980000000000004,44.96
2000-11-09,,0.24015748031496062,,,60.980000000000004,51.98
2000-11-10,,0.38188976377952755,,,64.04,53.96
2000-11-11,,0.0,,,60.08,48.02
2000-11-12,,0.0,,,53.96,44.96
2000-11-13,,0.0,,,55.04,51.08
2000-11-14,,0.2913385826771654,,,57.02,39.92
2000-11-15,,0.0,,,50.0,35.96
2000-11-16,,0.0,,,53.06,33.98
2000-11-17,,0.011811023622047244,,,59.0,39.92
2000-11-18,,0.0,,,48.92,35.06
2000-11-19,,0.0,,,42.08,33.98
2000-11-20,,0.011811023622047244,,,48.02,33.08
2000-11-21,,0.0,,,41.0,30.92
2000-11-22,,0.0,,,35.96,28.04
2000-11-23,,0.0,,,39.92,26.060000000000002
2000-11-24,,0.0,,,42.08,26.96
2000-11-25,,0.01968503937007874,,,51.98,30.92
2000-11-26,,1.0393700787401574,,,60.08,46.04
2000-11-27,,0.0,,,55.94,42.980000000000004
2000-11-28,,0.0,,,55.04,39.92
2000-11-29,,0.11023622047244094,,,51.08,35.06
2000-11-30,,0.03149606299212599,,,46.94,39.92
2000-12-01,,0.0,,,46.04,33.98
2000-12-02,,0.0,,,37.94,28.94
2000-12-03,,0.0,,,33.08,24.08
2000-12-04,,0.0,,,53.06,26.060000000000002
2000-12-05,,0.0,,,48.02,33.08
2000-12-06,,0.0,,,35.96,26.060000000000002
2000-12-07,,0.0,,,37.94,32.0
2000-12-08,,0.0,,,44.06,33.08
2000-12-09,,0.0,,,39.92,30.02
2000-12-10,,0.0984251968503937,,,46.04,33.98
2000-12-11,,0.0,,,48.02,37.94
2000-12-12,,0.0,,,53.96,30.92
2000-12-13,,0.0,,,41.0,24.08
2000-12-14,,0.5118110236220472,,,53.96,37.04
2000-12-15,,0.0,,,39.92,33.08
2000-12-16,,0.03937007874015748,,,55.04,37.04
2000-12-17,,0.16141732283464566,,,62.959999999999994,33.08
2000-12-18,,0.0,,,37.94,28.04
2000-12-19,,0.0,,,48.02,28.04
2000-12-20,,0.011811023622047244,,,39.02,24.98
2000-12-21,,0.0,,,37.04,23.0
2000-12-22,,0.14960629921259844,,,37.04,15.079999999999998
2000-12-23,,0.0,,,30.92,12.920000000000002
2000-12-24,,0.0,,,35.06,21.02
2000-12-25,,0.0,,,28.04,17.06
2000-12-26,,0.0,,,30.02,14.0
2000-12-27,,0.0,,,33.98,21.02
2000-12-28,,0.0,,,28.04,19.939999999999998
2000-12-29,,0.0,,,35.06,17.06
2000-12-30,,0.4488188976377953,,,32.0,26.060000000000002
2000-12-31,,0.0,,,37.04,23.0
2001-01-01,,0.0,,,35.96,23.0
2001-01-02,,0.0,,,32.0,21.02
2001-01-03,,0.0,,,35.96,17.96
2001-01-04,,0.0,,,37.94,19.939999999999998
2001-01-05,,0.11811023622047245,,,39.02,23.0
2001-01-06,,0.0,,,42.08,28.94
2001-01-07,,0.0,,,44.06,26.060000000000002
2001-01-08,,0.12992125984251968,,,41.0,33.08
2001-01-09,,0.0,,,35.96,26.060000000000002
2001-01-10,,0.0,,,37.04,26.060000000000002
2001-01-11,,0.0,,,53.06,30.92
2001-01-12,,0.0,,,41.0,28.94
2001-01-13,,0.0,,,44.96,26.060000000000002
2001-01-14,,0.14173228346456693,,,41.0,28.94
2001-01-15,,0.05118110236220473,,,42.08,39.02
2001-01-16,,0.011811023622047244,,,46.04,35.06
2001-01-17,,0.0,,,46.94,30.92
2001-01-18,,0.011811023622047244,,,42.08,32.0
2001-01-19,,0.7795275590551182,,,46.04,39.02
2001-01-20,,1.0590551181102361,,,39.92,37.04
2001-01-21,,0.07874015748031496,,,37.94,24.98
2001-01-22,,0.0,,,39.92,21.92
2001-01-23,,0.0,,,42.08,24.98
2001-01-24,,0.0,,,48.92,28.94
2001-01-25,,0.0,,,41.0,28.04
2001-01-26,,0.0,,,39.92,23.0
2001-01-27,,0.0,,,44.96,33.08
2001-01-28,,0.0,,,39.92,28.94
2001-01-29,,0.0,,,39.02,26.060000000000002
2001-01-30,,0.2992125984251969,,,55.94,37.94
2001-01-31,,0.0,,,53.06,39.92
2001-02-01,,0.0,,,51.08,35.96
2001-02-02,,0.0,,,46.94,32.0
2001-02-03,,0.0,,,37.04,26.060000000000002
2001-02-04,,0.0,,,42.08,24.98
2001-02-05,,1.4015748031496065,,,44.06,33.98
2001-02-06,,0.0,,,48.02,35.06
2001-02-07,,0.0,,,50.0,33.98
2001-02-08,,0.0,,,44.96,30.92
2001-02-09,,0.0,,,48.92,39.92
2001-02-10,,0.011811023622047244,,,57.02,33.98
2001-02-11,,0.0,,,37.04,24.98
2001-02-12,,0.0,,,37.94,21.02
2001-02-13,,0.0984251968503937,,,53.96,35.06
2001-02-14,,0.01968503937007874,,,46.04,39.02
2001-02-15,,0.01968503937007874,,,55.04,41.0
2001-02-16,,0.25984251968503935,,,42.08,41.0
2001-02-17,,0.25984251968503935,,,42.08,26.96
2001-02-18,,0.0,,,33.98,21.02
2001-02-19,,0.0,,,42.08,26.060000000000002
2001-02-20,,0.0,,,55.04,39.92
2001-02-21,,0.0,,,55.04,26.96
2001-02-22,,,,,33.98,21.02
2001-02-23,,0.0,,,42.980000000000004,24.08
2001-02-24,,0.0,,,35.96,28.04
2001-02-25,,0.20866141732283466,,,50.0,35.96
2001-02-26,,0.0,,,53.06,39.02
2001-02-27,,0.0,,,53.96,33.98
2001-02-28,,0.011811023622047244,,,42.08,30.02
2001-03-01,,0.0,,,41.0,26.060000000000002
2001-03-02,,0.0,,,48.02,35.06
2001-03-03,,0.0,,,51.98,37.94
2001-03-04,,0.2992125984251969,,,41.0,37.94
2001-03-05,,0.07086614173228346,,,41.0,30.92
2001-03-06,,0.0,,,35.96,23.0
2001-03-07,,0.0,,,42.08,33.08
2001-03-08,,0.0,,,44.06,33.98
2001-03-09,,0.1811023622047244,,,46.94,35.06
2001-03-10,,0.0,,,48.02,32.0
2001-03-11,,0.0,,,53.96,33.08
2001-03-12,,0.05118110236220473,,,44.06,33.08
2001-03-13,,0.6496062992125985,,,57.02,44.06
2001-03-14,,0.0,,,53.96,42.08
2001-03-15,,0.3582677165354331,,,50.0,41.0
2001-03-16,,0.07086614173228346,,,51.08,41.0
2001-03-17,,0.011811023622047244,,,46.04,41.0
2001-03-18,,0.0,,,48.92,35.96
2001-03-19,,0.0,,,55.04,35.06
2001-03-20,,0.0,,,48.92,35.96
2001-03-21,,0.909448818897638,,,48.92,44.06
2001-03-22,,0.3188976377952756,,,48.92,42.08
2001-03-23,,0.0,,,57.92,42.08
2001-03-24,,0.011811023622047244,,,53.96,39.02
2001-03-25,,0.0,,,48.92,30.92
2001-03-26,,0.05118110236220473,,,42.08,30.02
2001-03-27,,0.0,,,39.92,26.060000000000002
2001-03-28,,0.0,,,51.08,30.02
2001-03-29,,0.38188976377952755,,,46.04,37.94
2001-03-30,,0.6811023622047244,,,53.96,46.04
2001-03-31,,0.0,,,46.04,41.0
2001-04-01,,0.0,,,46.04,39.92
2001-04-02,,0.0,,,51.08,39.02
2001-04-03,,0.0,,,48.92,37.94
2001-04-04,,0.0,,,48.02,42.08
2001-04-05,,0.0,,,59.0,39.02
2001-04-06,,0.0,,,57.92,46.04
2001-04-07,,0.0,,,60.08,42.980000000000004
2001-04-08,,0.14960629921259844,,,53.06,44.06
2001-04-09,,0.27165354330708663,,,64.04,44.06
2001-04-10,,0.0,,,60.08,46.04
2001-04-11,,0.5,,,48.92,46.04
2001-04-12,,0.0,,,57.92,48.02
2001-04-13,,0.0,,,75.02,57.02
2001-04-14,,0.0,,,69.08,48.02
2001-04-15,,0.24015748031496062,,,57.92,48.92
2001-04-16,,0.07874015748031496,,,59.0,46.04
2001-04-17,,0.0,,,53.06,41.0
2001-04-18,,0.0,,,53.96,39.02
2001-04-19,,0.0,,,57.02,35.06
2001-04-20,,0.0,,,55.04,48.02
2001-04-21,,0.11023622047244094,,,59.0,51.98
2001-04-22,,0.0,,,66.92,55.04
2001-04-23,,0.0,,,78.98,57.92
2001-04-24,,0.05905511811023623,,,73.04,55.94
2001-04-25,,0.0,,,59.0,46.94
2001-04-26,,0.0,,,53.96,42.980000000000004
2001-04-27,,0.011811023622047244,,,75.02,41.0
2001-04-28,,0.0,,,64.94,50.0
2001-04-29,,0.0,,,55.04,42.980000000000004
2001-04-30,,0.0,,,62.059999999999995,46.94
2001-05-01,,0.0,,,75.92,53.96
2001-05-02,,0.0,,,71.96,57.02
2001-05-03,,0.0,,,75.92,60.08
2001-05-04,,0.0,,,75.92,62.959999999999994
2001-05-05,,0.0,,,78.08,53.06
2001-05-06,,0.0,,,55.04,48.02
2001-05-07,,0.0,,,55.94,46.04
2001-05-08,,0.0,,,64.04,48.92
2001-05-09,,0.0,,,64.04,50.0
2001-05-10,,0.0,,,78.08,59.0
2001-05-11,,0.0,,,80.06,62.059999999999995
2001-05-12,,0.0,,,84.02,62.959999999999994
2001-05-13,,0.0,,,66.92,55.04
2001-05-14,,0.0,,,69.08,50.0
2001-05-15,,0.0,,,73.94,50.0
2001-05-16,,0.0,,,59.0,53.96
2001-05-17,,0.0,,,60.08,53.06
2001-05-18,,0.0,,,60.980000000000004,57.02
2001-05-19,,0.0,,,69.08,57.92
2001-05-20,,0.0,,,62.959999999999994,55.04
2001-05-21,,0.3188976377952756,,,60.08,55.94
2001-05-22,,0.46062992125984253,,,77.0,59.0
2001-05-23,,0.0,,,71.06,59.0
2001-05-24,,0.0,,,66.92,57.92
2001-05-25,,0.0,,,60.08,57.92
2001-05-26,,0.0,,,68.0,57.92
2001-05-27,,0.0,,,66.92,57.92
2001-05-28,,0.0,,,71.06,60.08
2001-05-29,,0.0,,,71.06,60.980000000000004
2001-05-30,,0.0,,,68.0,57.02
2001-05-31,,0.0,,,71.06,59.0
2001-06-01,,0.0,,,66.92,53.96
2001-06-02,,0.3582677165354331,,,69.08,62.959999999999994
2001-06-03,,0.0,,,73.94,60.980000000000004
2001-06-04,,0.0,,,75.92,57.02
2001-06-05,,0.0,,,77.0,64.94
2001-06-06,,0.0,,,78.08,66.02
2001-06-07,,0.01968503937007874,,,73.04,64.94
2001-06-08,,0.0,,,80.06,60.980000000000004
2001-06-09,,0.0,,,78.08,62.059999999999995
2001-06-10,,0.0,,,78.98,64.04
2001-06-11,,0.0,,,75.92,68.0
2001-06-12,,0.0,,,75.02,66.02
2001-06-13,,0.0,,,82.94,66.92
2001-06-14,,0.0,,,73.94,68.0
2001-06-15,,0.0,,,78.08,71.06
2001-06-16,,0.0,,,78.98,71.96
2001-06-17,,3.5118110236220477,,,84.91999999999999,68.0
2001-06-18,,0.0,,,82.94,69.98
2001-06-19,,0.0,,,80.06,71.06
2001-06-20,,0.0,,,80.06,71.96
2001-06-21,,0.0,,,82.04,71.96
2001-06-22,,0.0,,,78.98,71.96
2001-06-23,,0.7007874015748032,,,78.08,69.98
2001-06-24,,0.0,,,78.08,66.02
2001-06-25,,0.0,,,78.08,66.92
2001-06-26,,0.0,,,86.0,69.98
2001-06-27,,0.0,,,91.03999999999999,73.04
2001-06-28,,0.0,,,93.91999999999999,75.02
2001-06-29,,0.0,,,82.04,73.94
2001-06-30,,0.0,,,87.08000000000001,77.0
2001-07-01,,0.07874015748031496,,,87.08000000000001,71.96
2001-07-02,,0.0,,,75.02,59.0
2001-07-03,,0.0,,,71.96,60.980000000000004
2001-07-04,,0.7401574803149606,,,77.0,69.08
2001-07-05,,0.5,,,78.08,68.0
2001-07-06,,0.0,,,78.08,64.94
2001-07-07,,0.0,,,75.02,64.04
2001-07-08,,0.0,,,73.94,69.98
2001-07-09,,0.0,,,82.04,68.0
2001-07-10,,0.01968503937007874,,,89.96000000000001,69.98
2001-07-11,,0.0,,,86.0,69.98
2001-07-12,,0.0,,,80.96,64.94
2001-07-13,,0.0,,,78.08,64.04
2001-07-14,,0.0,,,82.94,64.94
2001-07-15,,0.0,,,84.91999999999999,66.02
2001-07-16,,0.0,,,80.96,69.98
2001-07-17,,0.0,,,82.94,73.94
2001-07-18,,0.4488188976377953,,,75.02,69.98
2001-07-19,,0.0,,,71.96,68.0
2001-07-20,,0.0,,,73.04,64.04
2001-07-21,,0.0,,,80.06,62.959999999999994
2001-07-22,,0.0,,,77.0,64.94
2001-07-23,,0.0,,,80.06,71.06
2001-07-24,,0.0,,,82.04,75.02
2001-07-25,,0.0,,,86.0,75.92
2001-07-26,,0.6692913385826772,,,82.04,68.0
2001-07-27,,0.0,,,71.06,66.02
2001-07-28,,0.0,,,75.02,62.959999999999994
2001-07-29,,0.05905511811023623,,,71.96,66.02
2001-07-30,,0.0,,,71.96,66.92
2001-07-31,,0.0,,,75.92,62.059999999999995
2001-08-01,,0.0,,,80.96,64.04
2001-08-02,,0.0,,,80.06,68.0
2001-08-03,,0.0,,,77.0,69.98
2001-08-04,,0.0,,,77.0,71.06
2001-08-05,,0.0,,,82.94,71.96
2001-08-06,,0.0,,,84.02,75.02
2001-08-07,,0.0,,,93.02,77.0
2001-08-08,,0.0,,,95.0,78.98
2001-08-09,,0.0,,,91.03999999999999,78.98
2001-08-10,,0.0905511811023622,,,80.06,75.02
2001-08-11,,1.6496062992125984,,,78.98,71.96
2001-08-12,,0.38188976377952755,,,78.98,73.04
2001-08-13,,0.07874015748031496,,,75.92,71.96
2001-08-14,,0.0,,,78.98,71.06
2001-08-15,,0.0,,,77.0,69.98
2001-08-16,,0.0,,,80.06,69.08
2001-08-17,,0.0,,,80.06,75.02
2001-08-18,,0.0,,,84.91999999999999,75.02
2001-08-19,,0.0,,,82.04,73.04
2001-08-20,,0.14173228346456693,,,80.06,75.02
2001-08-21,,0.0,,,80.96,71.06
2001-08-22,,0.0,,,84.02,69.08
2001-08-23,,0.5196850393700787,,,78.98,71.96
2001-08-24,,0.01968503937007874,,,78.98,69.08
2001-08-25,,0.0,,,75.92,71.06
2001-08-26,,0.0,,,78.98,64.04
2001-08-27,,0.0,,,78.98,73.04
2001-08-28,,0.0,,,80.06,73.94
2001-08-29,,0.0,,,80.96,69.98
2001-08-30,,0.0,,,80.06,73.94
2001-08-31,,0.0,,,80.06,75.02
2001-09-01,,0.0,,,77.0,66.02
2001-09-02,,0.0,,,73.04,59.0
2001-09-03,,0.0,,,77.0,62.059999999999995
2001-09-04,,0.0,,,78.98,69.08
2001-09-05,,0.0,,,77.0,64.94
2001-09-06,,0.0,,,78.08,60.980000000000004
2001-09-07,,0.0,,,75.92,66.02
2001-09-08,,0.0,,,78.98,69.98
2001-09-09,,0.0,,,82.04,71.06
2001-09-10,,0.011811023622047244,,,80.06,71.96
2001-09-11,,0.0,,,82.94,66.02
2001-09-12,,0.0,,,77.0,62.059999999999995
2001-09-13,,0.0,,,78.98,66.02
2001-09-14,,0.1889763779527559,,,71.96,55.04
2001-09-15,,0.0,,,66.02,53.06
2001-09-16,,0.0,,,69.98,53.06
2001-09-17,,0.0,,,75.02,55.94
2001-09-18,,0.0,,,75.92,60.980000000000004
2001-09-19,,0.0,,,75.92,62.959999999999994
2001-09-20,,0.12992125984251968,,,75.02,68.0
2001-09-21,,0.20866141732283466,,,78.08,69.98
2001-09-22,,0.0,,,75.92,69.08
2001-09-23,,0.0,,,77.0,66.92
2001-09-24,,0.03149606299212599,,,77.0,71.06
2001-09-25,,0.2204724409448819,,,75.02,57.92
2001-09-26,,0.0,,,66.02,50.0
2001-09-27,,0.0,,,69.08,57.92
2001-09-28,,0.0,,,68.0,51.08
2001-09-29,,0.0,,,62.959999999999994,51.98
2001-09-30,,0.48031496062992124,,,59.0,51.08
2001-10-01,,0.3897637795275591,,,55.94,48.02
2001-10-02,,0.0,,,77.0,53.06
2001-10-03,,0.0,,,75.02,60.980000000000004
2001-10-04,,0.0,,,77.0,64.94
2001-10-05,,0.0,,,73.04,66.02
2001-10-06,,0.20078740157480315,,,69.08,53.06
2001-10-07,,0.0,,,59.0,44.96
2001-10-08,,0.0,,,55.94,39.92
2001-10-09,,0.0,,,59.0,41.0
2001-10-10,,0.0,,,66.02,51.98
2001-10-11,,0.0,,,71.06,60.980000000000004
2001-10-12,,0.0,,,69.98,60.08
2001-10-13,,0.0,,,73.94,62.059999999999995
2001-10-14,,0.0,,,69.08,62.959999999999994
2001-10-15,,0.33070866141732286,,,71.06,57.02
2001-10-16,,0.07086614173228346,,,69.98,51.08
2001-10-17,,0.0,,,60.08,48.02
2001-10-18,,0.0,,,60.08,42.08
2001-10-19,,0.0,,,62.059999999999995,48.02
2001-10-20,,0.0,,,71.96,59.0
2001-10-21,,0.0,,,68.0,59.0
2001-10-22,,0.0,,,77.0,60.980000000000004
2001-10-23,,0.0,,,68.0,60.08
2001-10-24,,0.0,,,73.04,64.04
2001-10-25,,0.0,,,78.98,57.92
2001-10-26,,0.0,,,59.0,44.96
2001-10-27,,0.0,,,55.04,42.08
2001-10-28,,0.0,,,53.06,39.02
2001-10-29,,0.0,,,60.980000000000004,37.04
2001-10-30,,0.0,,,60.08,46.94
2001-10-31,,0.0,,,64.04,46.04
2001-11-01,,0.0,,,64.04,51.08
2001-11-02,,0.0,,,66.02,62.059999999999995
2001-11-03,,0.011811023622047244,,,69.98,55.04
2001-11-04,,0.0,,,64.94,48.92
2001-11-05,,0.0,,,55.94,42.980000000000004
2001-11-06,,0.0,,,57.02,39.92
2001-11-07,,0.0,,,66.92,46.04
2001-11-08,,0.0,,,59.0,44.96
2001-11-09,,0.0,,,59.0,44.96
2001-11-10,,0.0,,,60.08,44.06
2001-11-11,,0.0,,,53.06,39.02
2001-11-12,,0.0,,,53.06,35.06
2001-11-13,,0.0,,,53.96,37.04
2001-11-14,,0.0,,,60.08,44.96
2001-11-15,,0.0,,,66.02,50.0
2001-11-16,,0.0,,,73.04,51.08
2001-11-17,,0.0,,,55.94,46.94
2001-11-18,,0.0,,,55.94,41.0
2001-11-19,,0.0,,,60.08,48.92
2001-11-20,,0.01968503937007874,,,60.08,37.94
2001-11-21,,0.0,,,50.0,33.98
2001-11-22,,0.0,,,55.04,42.08
2001-11-23,,0.0,,,62.959999999999994,44.06
2001-11-24,,0.01968503937007874,,,62.959999999999994,51.98
2001-11-25,,0.751968503937008,,,64.04,55.94
2001-11-26,,0.05118110236220473,,,66.92,51.08
2001-11-27,,0.0,,,59.0,46.94
2001-11-28,,0.0,,,66.02,55.04
2001-11-29,,0.0,,,60.08,55.04
2001-11-30,,0.0,,,64.04,60.08
2001-12-01,,0.0,,,69.98,53.06
2001-12-02,,0.0,,,55.04,46.94
2001-12-03,,0.0,,,60.08,42.08
2001-12-04,,0.0,,,62.959999999999994,46.04
2001-12-05,,0.0,,,66.92,55.04
2001-12-06,,0.0,,,68.0,57.02
2001-12-07,,0.0,,,64.94,53.06
2001-12-08,,0.33070866141732286,,,53.06,46.94
2001-12-09,,0.05118110236220473,,,53.96,39.02
2001-12-10,,0.0,,,50.0,35.96
2001-12-11,,0.0984251968503937,,,51.98,44.06
2001-12-12,,0.0,,,53.96,42.08
2001-12-13,,0.0,,,57.02,53.06
2001-12-14,,0.0,,,60.08,55.04
2001-12-15,,0.0,,,62.959999999999994,37.04
2001-12-16,,0.0,,,46.94,33.08
2001-12-17,,0.07086614173228346,,,55.94,42.08
2001-12-18,,0.2283464566929134,,,57.92,42.980000000000004
2001-12-19,,0.0,,,53.96,41.0
2001-12-20,,0.0,,,53.96,37.94
2001-12-21,,0.0,,,46.04,33.98
2001-12-22,,0.0,,,46.04,28.94
2001-12-23,,0.0,,,55.04,35.06
2001-12-24,,0.48031496062992124,,,57.02,35.96
2001-12-25,,0.0,,,42.980000000000004,30.92
2001-12-26,,0.0,,,41.0,28.94
2001-12-27,,0.0,,,37.04,26.96
2001-12-28,,0.0,,,44.06,28.94
2001-12-29,,0.0,,,46.94,28.94
2001-12-30,,0.0,,,33.98,24.08
2001-12-31,,0.0,,,33.98,21.92
2002-01-01,,0.0,,,35.96,19.939999999999998
2002-01-02,,0.0,,,39.92,21.92
2002-01-03,,0.0,,,33.98,28.94
2002-01-04,,0.0,,,42.980000000000004,26.96
2002-01-05,,0.0,,,46.94,30.02
2002-01-06,,0.641732283464567,,,51.98,35.96
2002-01-07,,0.01968503937007874,,,37.94,30.02
2002-01-08,,0.0,,,39.92,24.98
2002-01-09,,0.0,,,46.94,35.06
2002-01-10,,0.0,,,51.08,41.0
2002-01-11,,0.24015748031496062,,,48.92,42.08
2002-01-12,,0.0,,,48.02,35.06
2002-01-13,,0.2204724409448819,,,46.94,37.04
2002-01-14,,0.07086614173228346,,,50.0,33.98
2002-01-15,,0.0,,,55.04,41.0
2002-01-16,,0.0,,,48.02,35.06
2002-01-17,,0.0,,,44.06,37.94
2002-01-18,,0.0,,,42.980000000000004,33.08
2002-01-19,,0.421259842519685,,,41.0,30.02
2002-01-20,,0.0905511811023622,,,42.08,28.94
2002-01-21,,0.03149606299212599,,,41.0,33.98
2002-01-22,,0.0,,,51.08,37.04
2002-01-23,,0.0,,,46.94,44.06
2002-01-24,,0.03149606299212599,,,55.04,44.96
2002-01-25,,0.011811023622047244,,,53.06,39.02
2002-01-26,,0.0,,,51.98,37.94
2002-01-27,,0.0,,,59.0,39.02
2002-01-28,,0.0,,,62.059999999999995,48.02
2002-01-29,,0.0,,,71.06,48.02
2002-01-30,,0.0,,,71.06,48.02
2002-01-31,,0.011811023622047244,,,48.02,42.980000000000004
2002-02-01,,0.01968503937007874,,,62.959999999999994,42.980000000000004
2002-02-02,,0.0,,,42.980000000000004,33.08
2002-02-03,,0.0,,,42.980000000000004,33.98
2002-02-04,,0.01968503937007874,,,46.04,26.060000000000002
2002-02-05,,0.0,,,35.06,19.939999999999998
2002-02-06,,0.0,,,42.08,30.02
2002-02-07,,0.33858267716535434,,,41.0,33.98
2002-02-08,,0.0,,,53.06,35.06
2002-02-09,,0.0,,,44.06,35.96
2002-02-10,,0.07874015748031496,,,55.04,42.08
2002-02-11,,0.01968503937007874,,,51.98,28.94
2002-02-12,,0.0,,,48.02,26.96
2002-02-13,,0.0,,,46.04,30.02
2002-02-14,,0.0,,,39.02,24.08
2002-02-15,,0.0,,,48.02,37.04
2002-02-16,,0.0,,,59.0,46.04
2002-02-17,,0.0,,,51.08,33.08
2002-02-18,,0.0,,,48.92,30.92
2002-02-19,,0.0,,,46.94,30.92
2002-02-20,,0.01968503937007874,,,53.06,44.96
2002-02-21,,0.0,,,66.92,48.92
2002-02-22,,0.0,,,55.04,41.0
2002-02-23,,0.0,,,44.06,35.06
2002-02-24,,0.0,,,44.96,32.0
2002-02-25,,0.0,,,48.02,35.06
2002-02-26,,0.0,,,53.06,46.04
2002-02-27,,0.05905511811023623,,,53.06,30.92
2002-02-28,,0.0,,,44.06,28.94
2002-03-01,,0.0,,,44.06,28.04
2002-03-02,,0.3188976377952756,,,51.08,37.04
2002-03-03,,0.38188976377952755,,,55.04,44.06
2002-03-04,,0.0,,,44.06,24.98
2002-03-05,,0.0,,,39.92,19.939999999999998
2002-03-06,,0.0,,,48.02,39.02
2002-03-07,,0.0,,,57.02,44.06
2002-03-08,,0.0,,,59.0,42.980000000000004
2002-03-09,,0.0,,,60.08,51.98
2002-03-10,,0.0,,,55.94,33.98
2002-03-11,,0.0,,,44.96,28.94
2002-03-12,,0.01968503937007874,,,51.08,41.0
2002-03-13,,0.2795275590551181,,,48.02,44.96
2002-03-14,,0.0,,,64.04,44.96
2002-03-15,,0.0,,,55.04,48.02
2002-03-16,,0.0,,,75.92,44.96
2002-03-17,,0.0905511811023622,,,46.04,39.02
2002-03-18,,0.8503937007874017,,,44.96,42.980000000000004
2002-03-19,,0.0,,,46.04,41.0
2002-03-20,,1.1181102362204725,,,53.06,42.980000000000004
2002-03-21,,0.0,,,48.92,35.96
2002-03-22,,0.0,,,35.96,24.98
2002-03-23,,0.0,,,46.94,28.04
2002-03-24,,0.0,,,53.96,39.02
2002-03-25,,0.0,,,46.04,42.08
2002-03-26,,0.25984251968503935,,,57.02,42.980000000000004
2002-03-27,,0.7913385826771655,,,55.94,41.0
2002-03-28,,0.0,,,51.98,37.04
2002-03-29,,0.0,,,51.98,42.980000000000004
2002-03-30,,0.0,,,71.06,50.0
2002-03-31,,0.5118110236220472,,,55.94,46.94
2002-04-01,,0.1889763779527559,,,60.980000000000004,46.94
2002-04-02,,0.0,,,55.04,42.08
2002-04-03,,0.6299212598425197,,,57.02,46.04
2002-04-04,,0.0,,,55.04,42.980000000000004
2002-04-05,,0.0,,,46.04,35.96
2002-04-06,,0.0,,,48.02,35.06
2002-04-07,,0.0,,,44.96,32.0
2002-04-08,,0.0,,,55.04,44.96
2002-04-09,,0.05118110236220473,,,60.08,53.96
2002-04-10,,0.421259842519685,,,60.08,48.02
2002-04-11,,0.0,,,55.04,46.04
2002-04-12,,0.01968503937007874,,,57.02,48.02
2002-04-13,,0.0,,,62.059999999999995,55.94
2002-04-14,,0.0,,,66.02,57.92
2002-04-15,,0.011811023622047244,,,69.98,57.02
2002-04-16,,0.0,,,87.98,64.04
2002-04-17,,0.0,,,78.98,64.04
2002-04-18,,0.0,,,84.91999999999999,64.94
2002-04-19,,0.03937007874015748,,,75.02,64.94
2002-04-20,,0.0,,,71.96,60.08
2002-04-21,,0.0,,,60.980000000000004,48.92
2002-04-22,,0.0984251968503937,,,60.980000000000004,48.02
2002-04-23,,0.0,,,57.02,41.0
2002-04-24,,0.0,,,55.04,42.980000000000004
2002-04-25,,0.2795275590551181,,,57.02,48.92
2002-04-26,,0.0,,,62.059999999999995,42.980000000000004
2002-04-27,,0.0,,,53.96,46.04
2002-04-28,,3.460629921259843,,,66.02,53.06
2002-04-29,,0.0,,,62.959999999999994,46.94
2002-04-30,,0.03149606299212599,,,59.0,42.08
2002-05-01,,0.0,,,64.94,55.04
2002-05-02,,0.5708661417322834,,,71.06,55.04
2002-05-03,,0.0,,,68.0,51.08
2002-05-04,,0.0,,,59.0,46.04
2002-05-05,,0.0,,,62.059999999999995,51.08
2002-05-06,,0.0,,,60.980000000000004,53.06
2002-05-07,,0.0,,,80.06,57.92
2002-05-08,,0.0,,,69.98,55.04
2002-05-09,,0.03149606299212599,,,60.980000000000004,53.96
2002-05-10,,0.0,,,78.08,60.980000000000004
2002-05-11,,0.0,,,62.959999999999994,55.94
2002-05-12,,0.24015748031496062,,,71.06,53.96
2002-05-13,,0.6692913385826772,,,69.98,62.059999999999995
2002-05-14,,0.0,,,66.02,53.06
2002-05-15,,0.0,,,69.08,50.0
2002-05-16,,0.0,,,69.08,55.04
2002-05-17,,0.14173228346456693,,,80.06,60.980000000000004
2002-05-18,,0.6811023622047244,,,64.04,48.02
2002-05-19,,0.0,,,57.92,46.04
2002-05-20,,0.0,,,57.02,48.92
2002-05-21,,0.0,,,60.08,44.06
2002-05-22,,0.0,,,62.059999999999995,48.02
2002-05-23,,0.0,,,68.0,51.98
2002-05-24,,0.0,,,82.04,55.04
2002-05-25,,0.0,,,71.06,57.02
2002-05-26,,0.0,,,71.96,57.02
2002-05-27,,0.0,,,71.06,62.959999999999994
2002-05-28,,0.0,,,73.04,62.059999999999995
2002-05-29,,0.0,,,78.08,64.94
2002-05-30,,0.0,,,77.0,64.94
2002-05-31,,0.011811023622047244,,,75.92,68.0
2002-06-01,,0.03149606299212599,,,82.94,69.08
2002-06-02,,0.0,,,86.0,66.02
2002-06-03,,0.0,,,71.96,60.08
2002-06-04,,0.0,,,71.06,64.94
2002-06-05,,0.03937007874015748,,,71.96,68.0
2002-06-06,,1.7401574803149609,,,78.98,66.92
2002-06-07,,0.07086614173228346,,,69.08,57.92
2002-06-08,,0.0,,,62.959999999999994,55.94
2002-06-09,,0.0,,,69.08,57.92
2002-06-10,,0.0,,,73.94,64.04
2002-06-11,,0.0,,,75.02,64.04
2002-06-12,,0.6496062992125985,,,87.98,69.98
2002-06-13,,1.0,,,73.94,59.0
2002-06-14,,1.4409448818897639,,,62.059999999999995,59.0
2002-06-15,,0.011811023622047244,,,66.02,60.08
2002-06-16,,0.0,,,73.04,62.059999999999995
2002-06-17,,0.0,,,75.02,62.959999999999994
2002-06-18,,0.0,,,73.94,62.959999999999994
2002-06-19,,0.0,,,75.02,64.94
2002-06-20,,0.0,,,77.0,64.94
2002-06-21,,0.0,,,77.0,66.02
2002-06-22,,0.0,,,77.0,68.0
2002-06-23,,0.0,,,77.0,66.92
2002-06-24,,0.011811023622047244,,,95.0,71.96
2002-06-25,,0.01968503937007874,,,87.08000000000001,75.02
2002-06-26,,0.0,,,82.94,75.02
2002-06-27,,0.011811023622047244,,,84.02,71.06
2002-06-28,,0.0,,,84.02,69.98
2002-06-29,,0.0,,,82.94,69.98
2002-06-30,,0.0,,,80.96,71.06
2002-07-01,,0.0,,,84.02,71.06
2002-07-02,,0.0,,,84.91999999999999,71.96
2002-07-03,,0.0,,,93.91999999999999,75.92
2002-07-04,,0.0,,,93.91999999999999,78.98
2002-07-05,,0.0,,,87.98,69.98
2002-07-06,,0.0,,,78.08,64.94
2002-07-07,,0.0,,,87.08000000000001,66.02
2002-07-08,,0.0,,,84.91999999999999,66.92
2002-07-09,,0.4409448818897638,,,82.94,73.04
2002-07-10,,0.11811023622047245,,,80.96,69.98
2002-07-11,,0.0,,,73.94,62.959999999999994
2002-07-12,,0.0,,,75.02,62.959999999999994
2002-07-13,,0.0,,,78.98,68.0
2002-07-14,,0.011811023622047244,,,77.0,69.98
2002-07-15,,0.0,,,87.98,68.0
2002-07-16,,0.0,,,89.06,73.94
2002-07-17,,0.0,,,89.06,68.0
2002-07-18,,0.0,,,91.03999999999999,77.0
2002-07-19,,0.05118110236220473,,,87.08000000000001,71.96
2002-07-20,,0.0,,,82.04,71.96
2002-07-21,,0.0,,,80.06,73.04
2002-07-22,,0.0,,,80.96,71.96
2002-07-23,,0.0,,,82.04,75.02
2002-07-24,,0.03149606299212599,,,75.02,69.08
2002-07-25,,0.0905511811023622,,,73.04,66.02
2002-07-26,,0.11811023622047245,,,71.96,64.04
2002-07-27,,0.0,,,77.0,64.04
2002-07-28,,0.0,,,84.02,71.96
2002-07-29,,0.0,,,96.08000000000001,78.08
2002-07-30,,0.0,,,98.96000000000001,78.98
2002-07-31,,0.0,,,89.06,75.02
2002-08-01,,0.0,,,87.08000000000001,75.02
2002-08-02,,0.12992125984251968,,,84.91999999999999,73.04
2002-08-03,,0.0,,,84.91999999999999,73.94
2002-08-04,,0.0,,,89.06,78.98
2002-08-05,,0.0,,,86.0,78.08
2002-08-06,,0.0,,,82.94,68.0
2002-08-07,,0.0,,,77.0,62.059999999999995
2002-08-08,,0.0,,,84.02,60.980000000000004
2002-08-09,,0.0,,,78.98,66.02
2002-08-10,,0.0,,,82.04,68.0
2002-08-11,,0.0,,,80.06,69.08
2002-08-12,,0.0,,,82.04,73.04
2002-08-13,,0.0,,,86.0,75.02
2002-08-14,,0.0,,,82.04,77.0
2002-08-15,,0.0,,,80.96,75.92
2002-08-16,,0.0,,,84.02,77.0
2002-08-17,,0.0,,,91.94,78.08
2002-08-18,,0.0,,,87.98,78.08
2002-08-19,,0.0,,,87.08000000000001,78.08
2002-08-20,,0.0,,,80.06,73.94
2002-08-21,,0.0,,,80.96,69.98
2002-08-22,,0.0,,,78.98,68.0
2002-08-23,,0.0,,,82.94,71.96
2002-08-24,,0.7598425196850395,,,82.04,71.06
2002-08-25,,0.0,,,80.96,69.98
2002-08-26,,0.0,,,80.06,71.96
2002-08-27,,0.0,,,80.96,69.98
2002-08-28,,0.2283464566929134,,,75.92,68.0
2002-08-29,,0.7992125984251969,,,75.92,64.94
2002-08-30,,0.0,,,69.98,62.959999999999994
2002-08-31,,0.14173228346456693,,,73.94,64.94
2002-09-01,,1.3503937007874016,,,71.06,66.92
2002-09-02,,0.01968503937007874,,,71.06,64.94
2002-09-03,,0.0,,,86.0,66.92
2002-09-04,,0.0,,,91.03999999999999,73.04
2002-09-05,,0.0,,,80.06,66.92
2002-09-06,,0.0,,,71.96,62.059999999999995
2002-09-07,,0.0,,,77.0,60.980000000000004
2002-09-08,,0.0,,,77.0,64.04
2002-09-09,,0.0,,,82.04,64.04
2002-09-10,,0.0,,,82.04,71.06
2002-09-11,,0.0,,,82.04,64.04
2002-09-12,,0.0,,,77.0,57.92
2002-09-13,,0.0,,,77.0,64.04
2002-09-14,,0.0,,,77.0,69.08
2002-09-15,,0.3897637795275591,,,77.0,71.06
2002-09-16,,0.12992125984251968,,,80.06,69.98
2002-09-17,,0.0,,,78.08,64.94
2002-09-18,,0.0,,,75.02,62.959999999999994
2002-09-19,,0.0,,,78.08,68.0
2002-09-20,,0.0,,,78.08,71.06
2002-09-21,,0.0,,,78.08,73.04
2002-09-22,,0.0,,,84.02,69.98
2002-09-23,,0.0,,,75.02,66.02
2002-09-24,,0.0,,,75.92,60.08
2002-09-25,,0.0,,,71.06,60.980000000000004
2002-09-26,,0.5118110236220472,,,69.08,64.04
2002-09-27,,0.01968503937007874,,,78.98,69.08
2002-09-28,,0.05118110236220473,,,75.92,64.04
2002-09-29,,0.0,,,69.08,60.08
2002-09-30,,0.0,,,75.02,62.959999999999994
2002-10-01,,0.0,,,75.92,66.02
2002-10-02,,0.0,,,80.06,69.08
2002-10-03,,0.0,,,89.96000000000001,69.98
2002-10-04,,0.0,,,77.0,69.98
2002-10-05,,0.0,,,87.98,66.02
2002-10-06,,0.0,,,69.08,59.0
2002-10-07,,0.0,,,80.96,60.08
2002-10-08,,0.0,,,62.059999999999995,51.98
2002-10-09,,0.0,,,66.92,57.92
2002-10-10,,0.16929133858267717,,,68.0,64.04
2002-10-11,,0.48031496062992124,,,69.08,64.94
2002-10-12,,0.25984251968503935,,,69.08,64.04
2002-10-13,,0.07086614173228346,,,66.02,60.08
2002-10-14,,0.0,,,60.08,51.08
2002-10-15,,0.03937007874015748,,,62.959999999999994,48.92
2002-10-16,,0.46850393700787407,,,71.06,53.96
2002-10-17,,0.0,,,66.02,50.0
2002-10-18,,0.0,,,60.980000000000004,44.96
2002-10-19,,0.0,,,64.94,53.06
2002-10-20,,0.0,,,60.980000000000004,51.08
2002-10-21,,0.0,,,60.980000000000004,48.92
2002-10-22,,0.0,,,62.059999999999995,46.04
2002-10-23,,0.0,,,62.959999999999994,50.0
2002-10-24,,0.0,,,50.0,44.06
2002-10-25,,0.07874015748031496,,,60.08,46.04
2002-10-26,,3.3582677165354333,,,68.0,55.04
2002-10-27,,0.0,,,64.04,48.92
2002-10-28,,0.0,,,53.06,48.02
2002-10-29,,1.0708661417322836,,,50.0,42.08
2002-10-30,,0.3897637795275591,,,55.94,44.06
2002-10-31,,0.03937007874015748,,,53.96,39.92
2002-11-01,,0.0,,,51.98,37.04
2002-11-02,,0.0,,,48.02,35.06
2002-11-03,,0.0,,,51.98,35.96
2002-11-04,,0.0,,,51.98,42.980000000000004
2002-11-05,,0.25984251968503935,,,55.94,39.92
2002-11-06,,0.6614173228346457,,,60.980000000000004,44.06
2002-11-07,,0.0,,,53.06,41.0
2002-11-08,,0.0,,,57.02,41.0
2002-11-09,,0.0,,,60.08,53.96
2002-11-10,,0.0,,,62.959999999999994,59.0
2002-11-11,,0.24015748031496062,,,64.94,62.059999999999995
2002-11-12,,1.031496062992126,,,62.059999999999995,53.06
2002-11-13,,0.07086614173228346,,,55.04,42.980000000000004
2002-11-14,,0.0,,,57.92,39.02
2002-11-15,,0.0,,,59.0,51.98
2002-11-16,,1.3700787401574803,,,57.92,51.98
2002-11-17,,2.051181102362205,,,57.02,46.04
2002-11-18,,0.0,,,51.98,39.02
2002-11-19,,0.0,,,55.04,35.96
2002-11-20,,0.0,,,55.04,42.08
2002-11-21,,0.6614173228346457,,,59.0,42.980000000000004
2002-11-22,,0.11023622047244094,,,57.02,44.06
2002-11-23,,0.0,,,48.02,37.94
2002-11-24,,0.0,,,55.94,39.92
2002-11-25,,0.0,,,57.92,41.0
2002-11-26,,0.0,,,50.0,41.0
2002-11-27,,0.11023622047244094,,,48.92,30.92
2002-11-28,,0.0,,,39.02,26.060000000000002
2002-11-29,,0.0,,,48.02,30.02
2002-11-30,,0.011811023622047244,,,50.0,39.92
2002-12-01,,0.0,,,39.92,30.92
2002-12-02,,0.0,,,46.94,30.92
2002-12-03,,0.0,,,44.96,23.0
2002-12-04,,0.0,,,35.96,19.939999999999998
2002-12-05,,0.7401574803149606,,,39.92,28.04
2002-12-06,,0.33070866141732286,,,37.94,28.04
2002-12-07,,0.0,,,39.92,24.08
2002-12-08,,0.0,,,48.02,33.08
2002-12-09,,0.0,,,35.96,24.08
2002-12-10,,0.0,,,39.02,24.98
2002-12-11,,1.7519685039370079,,,46.94,39.02
2002-12-12,,0.03149606299212599,,,46.94,37.04
2002-12-13,,0.9803149606299213,,,53.96,30.02
2002-12-14,,0.12992125984251968,,,53.96,41.0
2002-12-15,,0.0,,,48.92,39.02
2002-12-16,,0.011811023622047244,,,42.980000000000004,28.04
2002-12-17,,0.0,,,39.02,21.02
2002-12-18,,0.0,,,42.980000000000004,26.060000000000002
2002-12-19,,0.0,,,53.96,30.92
2002-12-20,,0.40944881889763785,,,55.04,39.92
2002-12-21,,0.0,,,51.08,39.92
2002-12-22,,0.0,,,53.96,42.08
2002-12-23,,0.0,,,48.02,39.02
2002-12-24,,0.05118110236220473,,,41.0,33.98
2002-12-25,,0.751968503937008,,,50.0,35.06
2002-12-26,,0.0,,,41.0,33.08
2002-12-27,,0.0,,,39.02,33.08
2002-12-28,,0.0,,,44.06,28.94
2002-12-29,,0.0,,,48.02,33.98
2002-12-30,,0.0,,,44.96,33.08
2002-12-31,,0.0,,,55.04,44.96
2003-01-01,,1.7401574803149609,,,51.08,44.06
2003-01-02,,0.03937007874015748,,,44.96,37.04
2003-01-03,,0.27165354330708663,,,42.980000000000004,41.0
2003-01-04,,0.0,,,42.980000000000004,37.04
2003-01-05,,0.12992125984251968,,,39.92,32.0
2003-01-06,,0.0,,,39.92,33.08
2003-01-07,,,,,33.98,28.94
2003-01-08,,0.0,,,44.96,33.98
2003-01-09,,0.0,,,57.02,42.08
2003-01-10,,0.0,,,48.02,37.04
2003-01-11,,0.0,,,37.04,26.96
2003-01-12,,0.0,,,37.94,24.08
2003-01-13,,0.0,,,42.08,26.96
2003-01-14,,0.0,,,33.98,23.0
2003-01-15,,0.0,,,32.0,23.0
2003-01-16,,,,,30.92,19.04
2003-01-17,,0.05118110236220473,,,33.08,19.04
2003-01-18,,0.0,,,26.96,10.04
2003-01-19,,0.0,,,32.0,21.02
2003-01-20,,0.0,,,37.94,23.0
2003-01-21,,0.0,,,30.02,19.939999999999998
2003-01-22,,0.0,,,28.04,15.079999999999998
2003-01-23,,0.0,,,21.02,12.020000000000003
2003-01-24,,0.0,,,30.02,10.940000000000001
2003-01-25,,0.0,,,33.08,17.06
2003-01-26,,0.0,,,41.0,28.04
2003-01-27,,0.0,,,32.0,12.920000000000002
2003-01-28,,0.0,,,30.02,12.020000000000003
2003-01-29,,0.07874015748031496,,,37.94,28.94
2003-01-30,,0.0,,,35.06,28.04
2003-01-31,,0.011811023622047244,,,37.94,35.06
2003-02-01,,0.14960629921259844,,,37.94,33.98
2003-02-02,,0.0,,,44.06,33.98
2003-02-03,,0.0,,,48.92,32.0
2003-02-04,,0.3503937007874016,,,51.98,37.94
2003-02-05,,0.0,,,37.94,26.96
2003-02-06,,0.01968503937007874,,,32.0,24.08
2003-02-07,,0.3897637795275591,,,35.06,28.94
2003-02-08,,0.0,,,32.0,21.02
2003-02-09,,0.0,,,42.980000000000004,24.08
2003-02-10,,0.05118110236220473,,,37.94,33.08
2003-02-11,,0.0,,,35.96,24.98
2003-02-12,,0.0,,,39.02,21.92
2003-02-13,,0.0,,,33.08,19.939999999999998
2003-02-14,,0.0,,,37.04,19.04
2003-02-15,,,,,37.94,23.0
2003-02-16,,0.9488188976377954,,,33.98,19.939999999999998
2003-02-17,,0.531496062992126,,,33.08,24.98
2003-02-18,,0.0,,,37.94,26.96
2003-02-19,,0.0,,,39.92,26.96
2003-02-20,,0.0,,,51.08,33.98
2003-02-21,,0.0,,,48.92,32.0
2003-02-22,,1.0,,,46.94,37.94
2003-02-23,,0.24015748031496062,,,46.94,33.98
2003-02-24,,0.0,,,37.94,26.96
2003-02-25,,0.0,,,37.04,26.96
2003-02-26,,0.0,,,32.0,24.98
2003-02-27,,,,,35.06,30.02
2003-02-28,,0.07874015748031496,,,35.96,30.02
2003-03-01,,0.0,,,41.0,32.0
2003-03-02,,0.641732283464567,,,50.0,39.02
2003-03-03,,0.0,,,39.92,21.92
2003-03-04,,0.0,,,42.08,21.92
2003-03-05,,0.16141732283464566,,,57.02,42.08
2003-03-06,,0.33858267716535434,,,48.92,26.96
2003-03-07,,0.0,,,35.96,23.0
2003-03-08,,0.0,,,46.94,30.02
2003-03-09,,0.0,,,60.980000000000004,30.92
2003-03-10,,0.0,,,35.06,24.98
2003-03-11,,0.0,,,39.02,26.060000000000002
2003-03-12,,0.0,,,44.96,35.96
2003-03-13,,0.07086614173228346,,,48.92,39.02
2003-03-14,,0.0,,,39.02,28.94
2003-03-15,,0.0,,,46.04,33.08
2003-03-16,,0.11023622047244094,,,64.94,41.0
2003-03-17,,0.05118110236220473,,,62.059999999999995,46.94
2003-03-18,,0.0,,,59.0,44.06
2003-03-19,,0.0,,,44.06,37.04
2003-03-20,,0.24015748031496062,,,60.08,39.02
2003-03-21,,0.01968503937007874,,,53.96,44.96
2003-03-22,,0.0,,,64.04,46.94
2003-03-23,,0.0,,,62.059999999999995,46.04
2003-03-24,,0.0,,,50.0,42.980000000000004
2003-03-25,,0.0,,,51.98,42.08
2003-03-26,,0.07874015748031496,,,57.02,48.02
2003-03-27,,0.0,,,55.04,42.980000000000004
2003-03-28,,0.011811023622047244,,,51.98,44.06
2003-03-29,,0.9685039370078741,,,57.92,51.08
2003-03-30,,0.4881889763779528,,,55.04,35.96
2003-03-31,,0.0,,,44.06,33.08
2003-04-01,,0.0,,,48.92,35.06
2003-04-02,,0.0,,,57.92,44.06
2003-04-03,,0.0,,,55.04,44.06
2003-04-04,,0.0,,,42.980000000000004,39.92
2003-04-05,,0.0,,,44.06,39.92
2003-04-06,,0.0,,,50.0,39.92
2003-04-07,,0.33858267716535434,,,46.94,37.04
2003-04-08,,0.0,,,46.04,37.04
2003-04-09,,0.5905511811023623,,,39.92,37.04
2003-04-10,,0.0,,,42.980000000000004,39.02
2003-04-11,,0.4409448818897638,,,42.980000000000004,39.92
2003-04-12,,0.7283464566929134,,,68.0,42.980000000000004
2003-04-13,,0.0,,,55.94,46.04
2003-04-14,,0.0,,,55.04,42.08
2003-04-15,,0.0,,,57.02,48.02
2003-04-16,,0.0,,,73.04,48.02
2003-04-17,,0.07874015748031496,,,48.02,39.02
2003-04-18,,0.0,,,44.06,39.92
2003-04-19,,0.0,,,50.0,41.0
2003-04-20,,0.0,,,53.96,44.96
2003-04-21,,0.0,,,50.0,44.96
2003-04-22,,0.14960629921259844,,,64.04,48.02
2003-04-23,,0.0,,,57.92,42.980000000000004
2003-04-24,,0.0,,,64.94,39.92
2003-04-25,,0.11811023622047245,,,57.92,48.02
2003-04-26,,0.0905511811023622,,,60.08,48.92
2003-04-27,,0.0,,,64.94,51.98
2003-04-28,,0.0,,,68.0,51.98
2003-04-29,,0.0,,,73.04,53.06
2003-04-30,,0.0,,,62.059999999999995,51.08
2003-05-01,,0.0,,,62.959999999999994,53.06
2003-05-02,,0.0,,,66.02,57.02
2003-05-03,,0.0,,,57.92,48.02
2003-05-04,,0.0,,,57.02,48.02
2003-05-05,,0.03937007874015748,,,55.04,44.96
2003-05-06,,0.0,,,62.959999999999994,48.92
2003-05-07,,0.011811023622047244,,,64.94,53.96
2003-05-08,,0.01968503937007874,,,59.0,51.08
2003-05-09,,0.05118110236220473,,,55.94,51.98
2003-05-10,,0.0,,,60.08,53.06
2003-05-11,,0.0,,,69.98,57.02
2003-05-12,,0.0,,,71.96,57.92
2003-05-13,,0.0,,,62.059999999999995,53.96
2003-05-14,,0.0,,,66.02,51.08
2003-05-15,,0.0,,,60.08,51.98
2003-05-16,,0.5118110236220472,,,55.94,46.94
2003-05-17,,0.011811023622047244,,,48.92,46.04
2003-05-18,,0.0,,,53.96,46.94
2003-05-19,,0.0,,,64.94,46.04
2003-05-20,,0.0,,,69.08,51.08
2003-05-21,,0.14960629921259844,,,60.980000000000004,51.98
2003-05-22,,0.12992125984251968,,,53.96,51.08
2003-05-23,,0.5,,,53.06,51.08
2003-05-24,,0.03937007874015748,,,57.02,51.98
2003-05-25,,0.0,,,55.04,51.98
2003-05-26,,0.48031496062992124,,,57.92,51.08
2003-05-27,,0.0,,,59.0,50.0
2003-05-28,,0.01968503937007874,,,64.94,50.0
2003-05-29,,0.0,,,66.92,55.94
2003-05-30,,0.0,,,80.06,57.02
2003-05-31,,0.03149606299212599,,,64.94,60.08
2003-06-01,,0.24015748031496062,,,64.04,53.96
2003-06-02,,0.0,,,73.04,50.0
2003-06-03,,0.11811023622047245,,,68.0,51.98
2003-06-04,,0.5984251968503937,,,59.0,53.06
2003-06-05,,0.01968503937007874,,,73.04,55.04
2003-06-06,,0.0,,,75.02,57.92
2003-06-07,,1.968503937007874,,,66.02,59.0
2003-06-08,,0.01968503937007874,,,62.059999999999995,57.02
2003-06-09,,0.0,,,78.08,55.94
2003-06-10,,0.0,,,75.92,62.959999999999994
2003-06-11,,0.0,,,73.94,62.959999999999994
2003-06-12,,0.14960629921259844,,,78.98,64.94
2003-06-13,,0.07874015748031496,,,75.92,62.959999999999994
2003-06-14,,0.03149606299212599,,,80.96,62.059999999999995
2003-06-15,,0.0,,,73.94,66.92
2003-06-16,,0.0,,,69.08,57.02
2003-06-17,,0.05118110236220473,,,62.059999999999995,57.02
2003-06-18,,1.8582677165354333,,,68.0,60.08
2003-06-19,,0.7283464566929134,,,69.98,62.059999999999995
2003-06-20,,0.07874015748031496,,,69.08,60.980000000000004
2003-06-21,,0.011811023622047244,,,64.94,60.980000000000004
2003-06-22,,0.0,,,69.98,60.08
2003-06-23,,0.0,,,86.0,62.059999999999995
2003-06-24,,0.0,,,89.06,68.0
2003-06-25,,0.0,,,93.02,71.96
2003-06-26,,0.0,,,95.0,75.02
2003-06-27,,0.0,,,91.94,73.94
2003-06-28,,0.0,,,78.08,69.08
2003-06-29,,0.01968503937007874,,,78.08,68.0
2003-06-30,,0.0,,,82.04,71.06
2003-07-01,,0.0,,,78.08,68.0
2003-07-02,,0.07874015748031496,,,78.08,66.92
2003-07-03,,1.8897637795275593,,,75.92,66.02
2003-07-04,,0.0,,,89.06,69.08
2003-07-05,,0.0,,,91.03999999999999,75.92
2003-07-06,,0.2992125984251969,,,89.96000000000001,71.96
2003-07-07,,0.011811023622047244,,,89.06,69.98
2003-07-08,,0.0,,,91.03999999999999,75.02
2003-07-09,,0.01968503937007874,,,91.03999999999999,68.0
2003-07-10,,1.1181102362204725,,,69.98,66.92
2003-07-11,,0.0,,,84.02,68.0
2003-07-12,,0.0,,,80.96,71.96
2003-07-13,,0.0,,,82.04,69.08
2003-07-14,,0.421259842519685,,,75.02,68.0
2003-07-15,,0.0,,,73.94,66.02
2003-07-16,,0.0,,,78.98,71.06
2003-07-17,,0.0,,,84.02,69.08
2003-07-18,,0.0,,,82.04,69.98
2003-07-19,,0.0,,,78.08,68.0
2003-07-20,,0.0,,,80.06,66.92
2003-07-21,,0.0,,,78.98,73.04
2003-07-22,,0.01968503937007874,,,77.0,69.08
2003-07-23,,0.011811023622047244,,,73.94,68.0
2003-07-24,,0.0,,,75.92,66.92
2003-07-25,,0.0,,,82.94,69.08
2003-07-26,,0.0,,,80.96,69.08
2003-07-27,,0.0,,,87.08000000000001,71.06
2003-07-28,,0.011811023622047244,,,84.91999999999999,69.08
2003-07-29,,0.31102362204724415,,,73.94,64.94
2003-07-30,,0.01968503937007874,,,71.96,64.94
2003-07-31,,0.05905511811023623,,,73.04,68.0
2003-08-01,,0.0,,,77.0,68.0
2003-08-02,,0.01968503937007874,,,80.06,69.08
2003-08-03,,0.0,,,78.98,71.06
2003-08-04,,0.0,,,78.08,71.06
2003-08-05,,0.16141732283464566,,,75.02,69.08
2003-08-06,,0.14173228346456693,,,77.0,66.92
2003-08-07,,0.8385826771653544,,,73.94,69.98
2003-08-08,,0.0,,,78.08,69.08
2003-08-09,,0.40944881889763785,,,75.92,71.06
2003-08-10,,0.0,,,75.92,71.06
2003-08-11,,0.0,,,75.92,69.08
2003-08-12,,0.0,,,78.08,66.92
2003-08-13,,0.011811023622047244,,,80.96,69.98
2003-08-14,,0.0,,,91.03999999999999,73.94
2003-08-15,,0.0,,,89.96000000000001,73.04
2003-08-16,,0.20078740157480315,,,84.91999999999999,71.96
2003-08-17,,0.2913385826771654,,,82.04,69.08
2003-08-18,,0.0,,,75.92,66.02
2003-08-19,,0.0,,,78.08,69.08
2003-08-20,,0.0,,,80.96,69.98
2003-08-21,,0.0,,,82.94,73.04
2003-08-22,,0.05905511811023623,,,82.04,73.04
2003-08-23,,0.0,,,84.91999999999999,64.94
2003-08-24,,0.0,,,78.08,62.059999999999995
2003-08-25,,0.0,,,78.98,66.02
2003-08-26,,0.0,,,80.06,71.06
2003-08-27,,0.011811023622047244,,,87.98,71.06
2003-08-28,,0.0,,,82.94,69.98
2003-08-29,,0.07086614173228346,,,80.96,71.96
2003-08-30,,0.2519685039370079,,,87.08000000000001,68.0
2003-08-31,,0.0,,,71.06,64.04
2003-09-01,,0.05905511811023623,,,80.96,69.08
2003-09-02,,0.011811023622047244,,,82.94,68.0
2003-09-03,,0.011811023622047244,,,75.92,69.08
2003-09-04,,0.16141732283464566,,,78.08,71.06
2003-09-05,,0.0,,,80.06,64.04
2003-09-06,,0.0,,,73.04,60.980000000000004
2003-09-07,,0.0,,,78.98,64.04
2003-09-08,,0.0,,,75.02,64.04
2003-09-09,,0.0,,,71.06,64.94
2003-09-10,,0.0,,,69.98,62.059999999999995
2003-09-11,,0.0,,,73.04,60.08
2003-09-12,,0.0,,,69.08,66.92
2003-09-13,,0.20078740157480315,,,77.0,69.08
2003-09-14,,0.05905511811023623,,,78.08,71.96
2003-09-15,,0.6811023622047244,,,73.04,69.98
2003-09-16,,0.0,,,82.04,64.94
2003-09-17,,0.0,,,73.94,64.04
2003-09-18,,0.25984251968503935,,,75.02,68.0
2003-09-19,,0.011811023622047244,,,75.92,69.08
2003-09-20,,0.0,,,78.98,68.0
2003-09-21,,0.0,,,75.02,66.92
2003-09-22,,0.0,,,73.04,69.08
2003-09-23,,0.3503937007874016,,,73.94,62.959999999999994
2003-09-24,,0.0,,,73.94,60.08
2003-09-25,,0.0,,,75.02,68.0
2003-09-26,,0.0,,,75.92,68.0
2003-09-27,,0.0,,,77.0,69.98
2003-09-28,,0.531496062992126,,,75.92,59.0
2003-09-29,,0.0,,,68.0,53.96
2003-09-30,,0.0,,,66.02,48.92
2003-10-01,,0.0,,,68.0,55.94
2003-10-02,,0.0,,,60.980000000000004,44.96
2003-10-03,,0.0,,,60.980000000000004,41.0
2003-10-04,,0.0,,,66.02,53.06
2003-10-05,,0.0,,,62.959999999999994,51.08
2003-10-06,,0.0,,,62.959999999999994,51.08
2003-10-07,,0.0,,,64.94,50.0
2003-10-08,,0.0,,,73.04,62.059999999999995
2003-10-09,,0.0,,,73.94,60.980000000000004
2003-10-10,,0.0,,,69.08,60.980000000000004
2003-10-11,,0.16141732283464566,,,64.94,57.92
2003-10-12,,2.0,,,75.92,53.96
2003-10-13,,0.0,,,73.04,57.92
2003-10-14,,0.7598425196850395,,,68.0,53.96
2003-10-15,,0.03937007874015748,,,66.92,51.98
2003-10-16,,0.0,,,68.0,51.08
2003-10-17,,0.011811023622047244,,,60.980000000000004,46.94
2003-10-18,,0.0,,,60.08,46.04
2003-10-19,,0.0,,,64.04,48.92
2003-10-20,,0.0,,,62.959999999999994,44.06
2003-10-21,,0.0,,,73.94,59.0
2003-10-22,,0.05905511811023623,,,64.94,39.92
2003-10-23,,0.0,,,50.0,39.02
2003-10-24,,0.0,,,55.04,41.0
2003-10-25,,0.0,,,64.04,44.06
2003-10-26,,0.16141732283464566,,,64.94,62.059999999999995
2003-10-27,,0.4015748031496063,,,66.02,50.0
2003-10-28,,0.3188976377952756,,,60.980000000000004,46.94
2003-10-29,,2.078740157480315,,,60.980000000000004,51.08
2003-10-30,,0.0,,,62.959999999999994,48.02
2003-10-31,,0.0,,,64.04,53.06
2003-11-01,,0.0,,,69.08,57.92
2003-11-02,,0.0,,,66.92,60.08
2003-11-03,,0.0,,,71.06,60.08
2003-11-04,,0.0,,,71.96,60.08
2003-11-05,,0.6614173228346457,,,69.08,60.980000000000004
2003-11-06,,1.358267716535433,,,68.0,53.96
2003-11-07,,0.05118110236220473,,,60.980000000000004,51.08
2003-11-08,,0.0,,,53.96,37.04
2003-11-09,,0.0,,,46.04,33.08
2003-11-10,,0.0,,,51.98,33.98
2003-11-11,,0.0,,,60.08,41.0
2003-11-12,,0.8897637795275591,,,62.059999999999995,51.98
2003-11-13,,0.011811023622047244,,,62.059999999999995,39.92
2003-11-14,,0.0,,,46.94,37.04
2003-11-15,,0.0,,,53.96,42.980000000000004
2003-11-16,,0.0,,,57.92,42.980000000000004
2003-11-17,,0.0,,,60.08,48.02
2003-11-18,,0.05118110236220473,,,59.0,44.96
2003-11-19,,1.4488188976377951,,,62.959999999999994,55.94
2003-11-20,,0.20078740157480315,,,59.0,44.06
2003-11-21,,0.0,,,66.02,42.08
2003-11-22,,0.0,,,57.92,48.02
2003-11-23,,0.0,,,57.02,46.94
2003-11-24,,0.05118110236220473,,,60.980000000000004,42.08
2003-11-25,,0.0,,,46.94,35.06
2003-11-26,,0.0,,,51.98,37.04
2003-11-27,,0.0,,,57.92,41.0
2003-11-28,,0.2204724409448819,,,64.04,44.06
2003-11-29,,0.0,,,51.08,39.02
2003-11-30,,0.0,,,51.98,37.94
2003-12-01,,0.0,,,55.94,35.96
2003-12-02,,0.0,,,42.08,26.96
2003-12-03,,0.0,,,35.96,24.08
2003-12-04,,0.0,,,41.0,28.94
2003-12-05,,1.2283464566929134,,,44.06,35.96
2003-12-06,,0.610236220472441,,,44.96,26.96
2003-12-07,,0.0,,,33.08,26.96
2003-12-08,,0.0,,,37.94,26.060000000000002
2003-12-09,,0.0,,,44.96,30.02
2003-12-10,,0.0,,,53.96,33.98
2003-12-11,,0.8503937007874017,,,55.94,39.02
2003-12-12,,0.0,,,44.96,32.0
2003-12-13,,0.0,,,37.94,30.02
2003-12-14,,0.8110236220472442,,,51.98,33.98
2003-12-15,,0.0,,,48.02,33.08
2003-12-16,,0.0,,,51.08,32.0
2003-12-17,,0.42913385826771655,,,55.94,32.0
2003-12-18,,0.0,,,37.94,30.92
2003-12-19,,0.0,,,39.92,28.94
2003-12-20,,0.0,,,39.92,30.02
2003-12-21,,0.0,,,41.0,28.94
2003-12-22,,0.0,,,48.92,37.04
2003-12-23,,0.0,,,51.98,44.96
2003-12-24,,0.7795275590551182,,,55.04,39.92
2003-12-25,,0.0,,,42.980000000000004,33.08
2003-12-26,,0.0,,,41.0,32.0
2003-12-27,,0.0,,,51.08,33.98
2003-12-28,,0.0,,,51.08,32.0
2003-12-29,,0.0,,,51.08,35.06
2003-12-30,,0.01968503937007874,,,55.04,37.04
2003-12-31,,0.0,,,48.02,33.08
2004-01-01,,0.0,,,51.98,37.04
2004-01-02,,0.011811023622047244,,,48.92,39.02
2004-01-03,,0.0,,,60.08,42.980000000000004
2004-01-04,,0.0,,,57.92,41.0
2004-01-05,,0.5905511811023623,,,46.94,39.92
2004-01-06,,0.0,,,42.980000000000004,24.98
2004-01-07,,0.0,,,28.94,21.02
2004-01-08,,0.0,,,33.08,24.98
2004-01-09,,0.0,,,33.08,12.020000000000003
2004-01-10,,0.0,,,19.04,6.979999999999997
2004-01-11,,0.0,,,33.08,10.04
2004-01-12,,0.0,,,42.08,30.92
2004-01-13,,0.0,,,46.94,26.060000000000002
2004-01-14,,0.0,,,32.0,17.96
2004-01-15,,0.05118110236220473,,,33.98,10.04
2004-01-16,,0.0,,,26.96,8.96
2004-01-17,,0.01968503937007874,,,35.96,19.939999999999998
2004-01-18,,0.46850393700787407,,,37.94,28.94
2004-01-19,,0.0,,,33.98,24.08
2004-01-20,,0.0,,,30.92,21.92
2004-01-21,,0.0,,,30.92,19.04
2004-01-22,,0.0,,,39.92,23.0
2004-01-23,,0.0,,,28.04,15.979999999999997
2004-01-24,,0.0,,,26.060000000000002,15.979999999999997
2004-01-25,,0.0,,,23.0,10.940000000000001
2004-01-26,,,,,33.08,15.979999999999997
2004-01-27,,0.20866141732283466,,,35.96,24.08
2004-01-28,,0.01968503937007874,,,30.92,24.08
2004-01-29,,0.0,,,33.08,24.08
2004-01-30,,0.0,,,28.04,17.06
2004-01-31,,0.0,,,26.96,15.079999999999998
2004-02-01,,0.0,,,37.04,15.979999999999997
2004-02-02,,0.0,,,37.04,21.92
2004-02-03,,0.4881889763779528,,,46.94,32.0
2004-02-04,,0.0,,,44.06,32.0
2004-02-05,,0.0,,,37.04,28.94
2004-02-06,,1.2716535433070866,,,48.02,32.0
2004-02-07,,0.03937007874015748,,,44.96,32.0
2004-02-08,,0.0,,,35.06,26.96
2004-02-09,,0.0,,,41.0,28.04
2004-02-10,,0.01968503937007874,,,51.08,37.04
2004-02-11,,0.0,,,42.08,32.0
2004-02-12,,0.0,,,39.92,30.92
2004-02-13,,0.0,,,44.06,32.0
2004-02-14,,0.0,,,46.94,33.98
2004-02-15,,0.0,,,39.92,24.08
2004-02-16,,0.0,,,30.92,19.939999999999998
2004-02-17,,0.07874015748031496,,,37.94,26.060000000000002
2004-02-18,,0.03937007874015748,,,42.980000000000004,30.02
2004-02-19,,0.0,,,50.0,32.0
2004-02-20,,0.0,,,44.96,33.08
2004-02-21,,0.0,,,53.96,39.92
2004-02-22,,0.0,,,48.02,33.98
2004-02-23,,0.0,,,44.06,30.02
2004-02-24,,0.0,,,42.08,32.0
2004-02-25,,0.0,,,42.980000000000004,26.060000000000002
2004-02-26,,0.0,,,37.04,28.94
2004-02-27,,0.0,,,39.92,30.92
2004-02-28,,0.0,,,57.92,32.0
2004-02-29,,0.0,,,62.959999999999994,37.04
2004-03-01,,0.0,,,55.94,42.08
2004-03-02,,0.05118110236220473,,,57.92,44.06
2004-03-03,,0.0,,,62.059999999999995,44.96
2004-03-04,,0.05905511811023623,,,51.08,41.0
2004-03-05,,0.0,,,53.06,41.0
2004-03-06,,0.4881889763779528,,,62.959999999999994,46.04
2004-03-07,,0.0984251968503937,,,55.04,39.92
2004-03-08,,1.141732283464567,,,42.980000000000004,33.98
2004-03-09,,0.0,,,44.96,35.06
2004-03-10,,0.03149606299212599,,,41.0,37.04
2004-03-11,,0.0,,,55.94,35.06
2004-03-12,,0.0,,,46.94,33.98
2004-03-13,,0.0,,,44.96,32.0
2004-03-14,,0.011811023622047244,,,44.96,30.92
2004-03-15,,0.0,,,60.08,42.08
2004-03-16,,0.8818897637795275,,,48.02,35.06
2004-03-17,,0.01968503937007874,,,37.94,32.0
2004-03-18,,0.03149606299212599,,,44.96,32.0
2004-03-19,,1.4094488188976377,,,41.0,33.08
2004-03-20,,0.0,,,46.04,32.0
2004-03-21,,0.011811023622047244,,,51.98,33.98
2004-03-22,,0.0,,,41.0,30.02
2004-03-23,,0.0,,,42.980000000000004,28.94
2004-03-24,,0.0,,,48.92,35.96
2004-03-25,,0.03149606299212599,,,50.0,42.980000000000004
2004-03-26,,0.0,,,55.94,46.04
2004-03-27,,0.01968503937007874,,,69.08,46.04
2004-03-28,,0.0,,,51.08,39.92
2004-03-29,,0.0,,,42.08,37.04
2004-03-30,,0.7007874015748032,,,42.08,37.04
2004-03-31,,0.25984251968503935,,,48.02,39.92
2004-04-01,,0.03937007874015748,,,46.94,41.0
2004-04-02,,0.03937007874015748,,,42.980000000000004,39.02
2004-04-03,,0.01968503937007874,,,50.0,39.02
2004-04-04,,0.1811023622047244,,,48.02,33.98
2004-04-05,,0.0,,,46.04,32.0
2004-04-06,,0.0,,,53.96,32.0
2004-04-07,,0.0,,,69.98,44.96
2004-04-08,,0.03937007874015748,,,51.08,41.0
2004-04-09,,0.07086614173228346,,,64.04,41.0
2004-04-10,,0.0,,,55.94,44.06
2004-04-11,,0.2283464566929134,,,48.92,41.0
2004-04-12,,1.110236220472441,,,46.94,42.08
2004-04-13,,3.1181102362204727,,,55.94,42.08
2004-04-14,,0.2283464566929134,,,51.08,44.06
2004-04-15,,0.12992125984251968,,,53.06,42.980000000000004
2004-04-16,,0.0,,,51.08,41.0
2004-04-17,,0.0,,,55.94,44.96
2004-04-18,,0.0,,,68.0,48.92
2004-04-19,,0.0,,,64.94,50.0
2004-04-20,,0.0,,,75.02,50.0
2004-04-21,,0.011811023622047244,,,55.94,48.02
2004-04-22,,0.0,,,62.959999999999994,53.06
2004-04-23,,0.24015748031496062,,,69.98,44.96
2004-04-24,,0.0,,,71.06,44.96
2004-04-25,,0.0,,,57.92,46.94
2004-04-26,,0.6181102362204725,,,60.980000000000004,51.08
2004-04-27,,0.2283464566929134,,,66.92,46.94
2004-04-28,,0.0,,,59.0,41.0
2004-04-29,,0.0,,,57.92,50.0
2004-04-30,,0.0,,,60.08,53.06
2004-05-01,,0.0,,,62.959999999999994,55.04
2004-05-02,,0.01968503937007874,,,60.980000000000004,55.94
2004-05-03,,0.38188976377952755,,,62.059999999999995,44.96
2004-05-04,,0.0,,,60.08,42.980000000000004
2004-05-05,,0.0,,,60.08,51.08
2004-05-06,,0.01968503937007874,,,62.059999999999995,50.0
2004-05-07,,0.0,,,78.98,53.96
2004-05-08,,0.0,,,66.02,50.0
2004-05-09,,0.0,,,64.04,51.08
2004-05-10,,0.42913385826771655,,,69.98,53.06
2004-05-11,,0.0,,,75.02,59.0
2004-05-12,,0.0,,,78.98,62.959999999999994
2004-05-13,,0.0,,,73.94,62.059999999999995
2004-05-14,,0.0,,,69.08,57.92
2004-05-15,,0.0,,,71.96,60.980000000000004
2004-05-16,,0.0,,,80.06,62.059999999999995
2004-05-17,,0.0,,,69.08,60.980000000000004
2004-05-18,,0.0,,,69.98,62.959999999999994
2004-05-19,,1.3503937007874016,,,77.0,60.08
2004-05-20,,0.0,,,62.959999999999994,55.94
2004-05-21,,0.6496062992125985,,,66.92,57.92
2004-05-22,,0.01968503937007874,,,78.08,60.08
2004-05-23,,0.0,,,84.91999999999999,68.0
2004-05-24,,0.0,,,82.94,68.0
2004-05-25,,0.05118110236220473,,,77.0,60.08
2004-05-26,,0.1811023622047244,,,64.94,59.0
2004-05-27,,0.0,,,64.04,59.0
2004-05-28,,0.14173228346456693,,,80.06,62.059999999999995
2004-05-29,,0.0,,,71.06,57.02
2004-05-30,,0.0,,,66.92,55.94
2004-05-31,,0.7086614173228347,,,66.02,60.08
2004-06-01,,0.16141732283464566,,,66.92,59.0
2004-06-02,,0.07086614173228346,,,78.08,62.059999999999995
2004-06-03,,0.0,,,75.02,62.959999999999994
2004-06-04,,0.0,,,68.0,60.980000000000004
2004-06-05,,0.3700787401574803,,,64.04,60.980000000000004
2004-06-06,,0.011811023622047244,,,62.059999999999995,59.0
2004-06-07,,0.0,,,69.08,59.0
2004-06-08,,0.0,,,75.92,62.959999999999994
2004-06-09,,0.0,,,86.0,66.92
2004-06-10,,0.2283464566929134,,,91.03999999999999,64.04
2004-06-11,,0.33858267716535434,,,64.94,55.94
2004-06-12,,0.0,,,69.98,57.02
2004-06-13,,0.0,,,69.08,62.959999999999994
2004-06-14,,0.0,,,73.04,66.02
2004-06-15,,0.0,,,78.08,68.0
2004-06-16,,0.0,,,80.96,69.08
2004-06-17,,0.05118110236220473,,,82.04,69.08
2004-06-18,,0.0,,,89.96000000000001,71.96
2004-06-19,,0.0,,,86.0,66.02
2004-06-20,,0.0,,,69.98,59.0
2004-06-21,,0.0,,,71.96,62.059999999999995
2004-06-22,,0.03149606299212599,,,75.92,68.0
2004-06-23,,0.0,,,78.98,69.08
2004-06-24,,0.0,,,78.98,66.02
2004-06-25,,0.0,,,75.92,66.02
2004-06-26,,0.0,,,82.94,66.02
2004-06-27,,0.0,,,78.98,62.059999999999995
2004-06-28,,0.0,,,77.0,66.92
2004-06-29,,0.0,,,78.98,64.04
2004-06-30,,0.0,,,78.98,66.92
2004-07-01,,0.0,,,78.08,68.0
2004-07-02,,0.0,,,78.08,69.08
2004-07-03,,0.0,,,75.92,66.92
2004-07-04,,0.03937007874015748,,,77.0,69.98
2004-07-05,,0.011811023622047244,,,82.04,73.04
2004-07-06,,0.0,,,86.0,73.04
2004-07-07,,0.0,,,80.06,69.08
2004-07-08,,0.03937007874015748,,,82.94,71.96
2004-07-09,,0.0,,,82.94,69.08
2004-07-10,,0.0,,,82.04,66.02
2004-07-11,,0.0,,,80.96,71.06
2004-07-12,,1.8700787401574803,,,77.0,71.06
2004-07-13,,0.0,,,75.92,68.0
2004-07-14,,0.31102362204724415,,,75.92,66.02
2004-07-15,,0.0,,,82.94,68.0
2004-07-16,,0.0,,,82.94,69.08
2004-07-17,,0.0,,,82.04,73.04
2004-07-18,,0.14173228346456693,,,78.08,71.06
2004-07-19,,0.0,,,80.96,68.0
2004-07-20,,0.0,,,84.91999999999999,73.04
2004-07-21,,0.0,,,84.91999999999999,71.96
2004-07-22,,0.0,,,82.94,73.04
2004-07-23,,0.0,,,82.04,75.92
2004-07-24,,0.0,,,78.08,71.06
2004-07-25,,0.03937007874015748,,,73.04,69.08
2004-07-26,,0.0,,,73.04,68.0
2004-07-27,,0.0,,,80.06,69.98
2004-07-28,,1.3385826771653544,,,78.08,71.06
2004-07-29,,0.0,,,86.0,69.08
2004-07-30,,0.0,,,82.04,75.02
2004-07-31,,0.0,,,82.04,75.92
2004-08-01,,1.0905511811023623,,,78.98,71.06
2004-08-02,,0.0,,,80.96,73.94
2004-08-03,,0.12992125984251968,,,78.98,73.04
2004-08-04,,0.07874015748031496,,,89.96000000000001,71.06
2004-08-05,,0.05118110236220473,,,75.92,66.92
2004-08-06,,0.0,,,75.92,60.980000000000004
2004-08-07,,0.0,,,71.96,57.92
2004-08-08,,0.0,,,80.06,59.0
2004-08-09,,0.0,,,84.91999999999999,66.92
2004-08-10,,0.0,,,78.08,71.06
2004-08-11,,0.0,,,78.08,73.94
2004-08-12,,0.0,,,78.08,73.94
2004-08-13,,0.38188976377952755,,,78.08,71.96
2004-08-14,,1.4015748031496065,,,80.96,68.0
2004-08-15,,0.20078740157480315,,,78.08,68.0
2004-08-16,,0.8818897637795275,,,73.94,66.02
2004-08-17,,0.0,,,75.92,64.04
2004-08-18,,0.0,,,78.08,71.96
2004-08-19,,0.0,,,80.96,73.04
2004-08-20,,0.0,,,84.02,73.94
2004-08-21,,0.05118110236220473,,,82.94,64.94
2004-08-22,,0.0,,,71.96,60.08
2004-08-23,,0.0,,,75.92,64.94
2004-08-24,,0.0,,,75.92,69.08
2004-08-25,,0.0,,,73.04,69.08
2004-08-26,,0.0,,,75.02,71.06
2004-08-27,,0.0,,,78.98,71.06
2004-08-28,,0.0,,,82.94,71.96
2004-08-29,,0.0,,,80.96,71.96
2004-08-30,,0.011811023622047244,,,78.98,73.94
2004-08-31,,0.1811023622047244,,,82.94,69.08
2004-09-01,,0.0,,,80.96,66.02
2004-09-02,,0.0,,,77.0,64.94
2004-09-03,,0.0,,,77.0,69.98
2004-09-04,,0.0,,,80.06,68.0
2004-09-05,,0.0,,,73.94,66.92
2004-09-06,,0.0,,,73.04,66.92
2004-09-07,,0.03149606299212599,,,75.92,68.0
2004-09-08,,0.07874015748031496,,,78.08,73.04
2004-09-09,,0.0,,,80.06,69.08
2004-09-10,,0.0,,,84.91999999999999,66.92
2004-09-11,,0.0,,,73.94,68.0
2004-09-12,,0.0,,,75.92,62.059999999999995
2004-09-13,,0.0,,,80.96,66.02
2004-09-14,,0.0,,,75.02,68.0
2004-09-15,,0.2795275590551181,,,71.96,68.0
2004-09-16,,0.05905511811023623,,,80.06,69.08
2004-09-17,,0.0,,,78.08,73.04
2004-09-18,,0.421259842519685,,,78.08,59.0
2004-09-19,,0.0,,,69.08,53.96
2004-09-20,,0.0,,,69.08,51.08
2004-09-21,,0.0,,,80.06,55.04
2004-09-22,,0.011811023622047244,,,84.91999999999999,62.059999999999995
2004-09-23,,0.0,,,80.06,66.02
2004-09-24,,0.0,,,71.96,64.04
2004-09-25,,0.0,,,73.04,62.959999999999994
2004-09-26,,0.0,,,75.02,64.94
2004-09-27,,0.0,,,71.96,64.04
2004-09-28,,0.4881889763779528,,,75.92,68.0
2004-09-29,,0.07086614173228346,,,71.06,62.959999999999994
2004-09-30,,0.0,,,69.08,62.059999999999995
2004-10-01,,0.0,,,71.06,55.94
2004-10-02,,0.16141732283464566,,,71.06,64.04
2004-10-03,,0.0,,,66.92,59.0
2004-10-04,,0.0,,,71.06,57.92
2004-10-05,,0.0,,,66.02,50.0
2004-10-06,,0.0,,,64.04,46.04
2004-10-07,,0.0,,,71.96,53.06
2004-10-08,,0.0,,,73.04,57.92
2004-10-09,,0.0,,,71.06,62.059999999999995
2004-10-10,,0.0,,,66.92,50.0
2004-10-11,,0.0,,,62.959999999999994,42.980000000000004
2004-10-12,,0.0,,,64.04,42.980000000000004
2004-10-13,,0.0,,,62.959999999999994,48.02
2004-10-14,,0.4015748031496063,,,64.04,57.02
2004-10-15,,0.2992125984251969,,,64.04,59.0
2004-10-16,,0.03149606299212599,,,62.059999999999995,48.02
2004-10-17,,0.0,,,60.08,46.94
2004-10-18,,0.0,,,62.059999999999995,44.96
2004-10-19,,0.7401574803149606,,,64.04,55.94
2004-10-20,,0.03149606299212599,,,57.92,55.94
2004-10-21,,0.20078740157480315,,,57.92,50.0
2004-10-22,,0.07086614173228346,,,55.94,48.92
2004-10-23,,0.0,,,55.94,46.94
2004-10-24,,0.0,,,53.96,46.04
2004-10-25,,0.0,,,60.08,46.04
2004-10-26,,0.0,,,57.92,51.08
2004-10-27,,0.0,,,73.04,48.02
2004-10-28,,0.0,,,62.059999999999995,48.02
2004-10-29,,0.0,,,60.08,50.0
2004-10-30,,0.16929133858267717,,,64.04,57.02
2004-10-31,,0.0,,,75.92,57.92
2004-11-01,,0.0,,,66.92,51.98
2004-11-02,,0.0,,,66.02,51.08
2004-11-03,,0.0,,,66.92,46.04
2004-11-04,,1.1811023622047245,,,60.980000000000004,42.08
2004-11-05,,0.0,,,55.94,46.04
2004-11-06,,0.0,,,60.980000000000004,44.96
2004-11-07,,0.0,,,64.04,48.02
2004-11-08,,0.0,,,59.0,39.02
2004-11-09,,0.0,,,46.94,33.08
2004-11-10,,0.0,,,51.08,32.0
2004-11-11,,0.0,,,55.94,46.04
2004-11-12,,2.078740157480315,,,53.96,44.06
2004-11-13,,0.6496062992125985,,,48.02,33.08
2004-11-14,,0.0,,,50.0,30.92
2004-11-15,,0.0,,,57.92,35.06
2004-11-16,,0.0,,,60.980000000000004,39.92
2004-11-17,,0.0,,,60.980000000000004,41.0
2004-11-18,,0.0,,,55.94,44.96
2004-11-19,,0.0,,,62.059999999999995,50.0
2004-11-20,,0.05905511811023623,,,59.0,50.0
2004-11-21,,0.0,,,60.980000000000004,48.92
2004-11-22,,0.03937007874015748,,,55.94,48.02
2004-11-23,,0.011811023622047244,,,53.96,48.92
2004-11-24,,0.14173228346456693,,,60.08,53.06
2004-11-25,,0.03149606299212599,,,62.959999999999994,37.94
2004-11-26,,0.0,,,48.02,33.98
2004-11-27,,0.0,,,55.94,39.02
2004-11-28,,1.2283464566929134,,,62.059999999999995,44.96
2004-11-29,,0.0,,,53.06,37.94
2004-11-30,,0.0,,,55.04,37.04
2004-12-01,,0.25984251968503935,,,59.0,41.0
2004-12-02,,0.0,,,51.08,37.94
2004-12-03,,0.0,,,50.0,35.96
2004-12-04,,0.0,,,48.02,32.0
2004-12-05,,0.0,,,57.92,41.0
2004-12-06,,0.011811023622047244,,,53.06,41.0
2004-12-07,,0.3582677165354331,,,57.92,46.04
2004-12-08,,0.011811023622047244,,,60.980000000000004,44.96
2004-12-09,,0.38188976377952755,,,51.98,42.08
2004-12-10,,0.40944881889763785,,,57.92,50.0
2004-12-11,,0.011811023622047244,,,57.92,41.0
2004-12-12,,0.011811023622047244,,,50.0,39.02
2004-12-13,,0.011811023622047244,,,50.0,35.96
2004-12-14,,0.0,,,42.980000000000004,28.94
2004-12-15,,0.01968503937007874,,,35.06,24.08
2004-12-16,,0.0,,,44.06,26.96
2004-12-17,,0.0,,,48.92,33.08
2004-12-18,,0.0,,,48.02,32.0
2004-12-19,,0.20078740157480315,,,46.94,21.02
2004-12-20,,0.0,,,26.96,12.020000000000003
2004-12-21,,0.0,,,41.0,17.06
2004-12-22,,0.0,,,53.96,39.02
2004-12-23,,0.5511811023622047,,,57.92,37.94
2004-12-24,,0.0,,,41.0,28.94
2004-12-25,,0.0,,,35.06,24.98
2004-12-26,,0.0,,,33.98,26.96
2004-12-27,,,,,30.92,19.04
2004-12-28,,0.0,,,35.96,17.96
2004-12-29,,0.0,,,48.92,33.08
2004-12-30,,0.0,,,44.96,33.98
2004-12-31,,0.0,,,48.92,37.04
2005-01-01,,0.0,,,66.02,39.92
2005-01-02,,0.0,,,50.0,39.92
2005-01-03,,0.0,,,53.06,44.96
2005-01-04,,0.01968503937007874,,,55.94,42.980000000000004
2005-01-05,,0.5393700787401575,,,44.96,39.02
2005-01-06,,0.07086614173228346,,,48.92,42.08
2005-01-07,,0.0,,,48.92,37.94
2005-01-08,,0.4881889763779528,,,51.98,39.02
2005-01-09,,0.0,,,42.08,35.96
2005-01-10,,0.0,,,51.98,39.02
2005-01-11,,0.11811023622047245,,,46.94,37.94
2005-01-12,,0.07086614173228346,,,48.02,42.980000000000004
2005-01-13,,0.011811023622047244,,,55.04,42.08
2005-01-14,,0.9212598425196851,,,57.02,35.96
2005-01-15,,0.0,,,37.94,30.02
2005-01-16,,0.0,,,35.96,28.94
2005-01-17,,0.0,,,30.02,19.04
2005-01-18,,0.0,,,19.939999999999998,12.020000000000003
2005-01-19,,,,,30.02,12.020000000000003
2005-01-20,,0.0,,,35.06,24.98
2005-01-21,,0.0,,,26.96,12.020000000000003
2005-01-22,,1.0984251968503937,,,41.0,10.940000000000001
2005-01-23,,0.05118110236220473,,,28.04,10.940000000000001
2005-01-24,,0.0,,,24.98,8.96
2005-01-25,,0.0,,,35.06,21.92
2005-01-26,,0.0,,,39.92,28.94
2005-01-27,,0.0,,,30.92,12.020000000000003
2005-01-28,,0.0,,,28.04,8.059999999999999
2005-01-29,,,,,33.98,17.06
2005-01-30,,,,,33.08,28.94
2005-01-31,,0.0,,,33.08,26.060000000000002
2005-02-01,,0.0,,,37.94,24.98
2005-02-02,,0.0,,,37.94,24.08
2005-02-03,,0.11023622047244094,,,37.04,28.04
2005-02-04,,0.14173228346456693,,,37.04,32.0
2005-02-05,,0.0,,,48.92,32.0
2005-02-06,,0.0,,,42.980000000000004,33.08
2005-02-07,,0.0,,,44.06,32.0
2005-02-08,,0.0,,,42.980000000000004,32.0
2005-02-09,,0.0,,,51.08,39.02
2005-02-10,,0.14173228346456693,,,46.04,33.08
2005-02-11,,0.0,,,42.08,30.92
2005-02-12,,0.0,,,42.980000000000004,30.02
2005-02-13,,0.0,,,44.96,32.0
2005-02-14,,0.8385826771653544,,,50.0,37.04
2005-02-15,,0.0,,,60.08,42.980000000000004
2005-02-16,,0.05118110236220473,,,51.08,37.04
2005-02-17,,0.0,,,42.08,30.92
2005-02-18,,0.0,,,33.08,24.98
2005-02-19,,0.0,,,33.08,19.939999999999998
2005-02-20,,0.0,,,39.92,28.94
2005-02-21,,0.2795275590551181,,,48.92,32.0
2005-02-22,,0.07874015748031496,,,51.08,35.06
2005-02-23,,0.011811023622047244,,,44.06,33.08
2005-02-24,,,,,35.06,28.04
2005-02-25,,,,,37.04,24.98
2005-02-26,,0.0,,,42.980000000000004,26.96
2005-02-27,,0.0,,,37.04,26.060000000000002
2005-02-28,,0.6614173228346457,,,37.04,32.0
2005-03-01,,0.05905511811023623,,,39.02,30.92
2005-03-02,,0.0,,,37.04,26.96
2005-03-03,,0.0,,,35.96,24.98
2005-03-04,,0.0,,,37.04,24.98
2005-03-05,,0.0,,,39.92,30.92
2005-03-06,,0.0,,,48.92,28.94
2005-03-07,,0.0,,,51.98,41.0
2005-03-08,,0.7283464566929134,,,48.92,23.0
2005-03-09,,0.0,,,32.0,19.939999999999998
2005-03-10,,0.0,,,35.06,26.060000000000002
2005-03-11,,0.011811023622047244,,,46.04,32.0
2005-03-12,,0.011811023622047244,,,46.04,32.0
2005-03-13,,0.0,,,48.92,33.08
2005-03-14,,0.0,,,44.06,32.0
2005-03-15,,0.0,,,46.94,28.94
2005-03-16,,0.0,,,48.02,32.0
2005-03-17,,0.0,,,39.92,33.98
2005-03-18,,0.0,,,48.92,33.08
2005-03-19,,0.0,,,41.0,33.08
2005-03-20,,0.24015748031496062,,,44.96,39.02
2005-03-21,,0.0,,,48.92,39.02
2005-03-22,,0.0,,,48.02,35.06
2005-03-23,,1.8818897637795275,,,44.06,37.04
2005-03-24,,0.011811023622047244,,,42.980000000000004,35.06
2005-03-25,,0.0,,,48.02,37.94
2005-03-26,,0.0,,,44.06,37.94
2005-03-27,,0.05118110236220473,,,46.04,39.92
2005-03-28,,0.8818897637795275,,,55.04,41.0
2005-03-29,,0.05118110236220473,,,57.02,42.980000000000004
2005-03-30,,0.0,,,51.08,41.0
2005-03-31,,0.0,,,44.96,39.92
2005-04-01,,0.011811023622047244,,,57.92,42.980000000000004
2005-04-02,,1.1614173228346458,,,60.08,48.02
2005-04-03,,0.0,,,51.98,42.08
2005-04-04,,0.0,,,62.959999999999994,44.06
2005-04-05,,0.0,,,68.0,44.06
2005-04-06,,0.0,,,62.059999999999995,46.94
2005-04-07,,0.03937007874015748,,,60.980000000000004,51.08
2005-04-08,,0.641732283464567,,,55.94,44.06
2005-04-09,,0.0,,,53.06,42.980000000000004
2005-04-10,,0.0,,,55.04,39.02
2005-04-11,,0.0,,,51.98,42.08
2005-04-12,,0.0,,,46.94,39.92
2005-04-13,,0.0,,,48.92,41.0
2005-04-14,,0.0,,,53.06,39.02
2005-04-15,,0.0,,,46.94,42.08
2005-04-16,,0.0,,,48.02,39.92
2005-04-17,,0.0,,,68.0,37.04
2005-04-18,,0.0,,,71.96,51.98
2005-04-19,,0.0,,,69.98,51.08
2005-04-20,,0.0,,,78.98,57.02
2005-04-21,,0.0,,,69.98,46.94
2005-04-22,,0.0,,,51.08,46.04
2005-04-23,,0.3897637795275591,,,55.94,48.02
2005-04-24,,0.0,,,53.96,44.06
2005-04-25,,0.0,,,60.08,42.980000000000004
2005-04-26,,0.0,,,57.92,48.02
2005-04-27,,0.2913385826771654,,,64.04,51.08
2005-04-28,,0.0,,,64.94,50.0
2005-04-29,,0.0,,,53.96,50.0
2005-04-30,,0.2519685039370079,,,57.92,51.08
2005-05-01,,0.6299212598425197,,,64.04,50.0
2005-05-02,,0.03937007874015748,,,57.02,46.04
2005-05-03,,0.0,,,60.08,42.980000000000004
2005-05-04,,0.0,,,59.0,46.94
2005-05-05,,0.0,,,55.04,44.06
2005-05-06,,0.7795275590551182,,,53.06,46.94
2005-05-07,,0.05905511811023623,,,62.959999999999994,46.04
2005-05-08,,0.0,,,66.02,46.04
2005-05-09,,0.0,,,60.08,50.0
2005-05-10,,0.0,,,55.04,46.04
2005-05-11,,0.0,,,62.059999999999995,46.04
2005-05-12,,0.0,,,71.06,50.0
2005-05-13,,0.0,,,53.96,48.92
2005-05-14,,0.0,,,60.980000000000004,51.98
2005-05-15,,0.011811023622047244,,,73.04,57.92
2005-05-16,,0.011811023622047244,,,68.0,53.96
2005-05-17,,0.0,,,60.08,53.06
2005-05-18,,0.0,,,62.959999999999994,51.98
2005-05-19,,0.0,,,60.980000000000004,50.0
2005-05-20,,2.161417322834646,,,55.94,48.92
2005-05-21,,0.0,,,60.980000000000004,48.02
2005-05-22,,0.011811023622047244,,,64.94,53.06
2005-05-23,,0.0,,,60.08,53.06
2005-05-24,,0.03149606299212599,,,57.92,48.92
2005-05-25,,0.5511811023622047,,,51.98,48.02
2005-05-26,,0.16141732283464566,,,57.92,50.0
2005-05-27,,0.0,,,78.08,53.06
2005-05-28,,0.0,,,73.04,55.94
2005-05-29,,0.0,,,75.92,53.96
2005-05-30,,0.0,,,73.94,57.02
2005-05-31,,0.0,,,71.96,57.92
2005-06-01,,0.0,,,62.959999999999994,53.06
2005-06-02,,0.0,,,59.0,53.06
2005-06-03,,1.141732283464567,,,62.059999999999995,55.94
2005-06-04,,0.11023622047244094,,,71.96,59.0
2005-06-05,,0.0,,,82.94,64.04
2005-06-06,,0.011811023622047244,,,73.94,64.04
2005-06-07,,0.0,,,78.08,66.02
2005-06-08,,0.0,,,91.03999999999999,69.08
2005-06-09,,0.0,,,73.04,66.02
2005-06-10,,0.0,,,73.04,66.02
2005-06-11,,0.0,,,73.94,66.02
2005-06-12,,0.0,,,75.92,64.94
2005-06-13,,0.0,,,75.92,66.92
2005-06-14,,0.0,,,91.94,71.06
2005-06-15,,0.0,,,87.98,73.04
2005-06-16,,0.07874015748031496,,,80.96,66.02
2005-06-17,,0.0,,,75.02,62.959999999999994
2005-06-18,,0.0,,,78.98,60.980000000000004
2005-06-19,,0.0,,,68.0,60.980000000000004
2005-06-20,,0.0,,,66.02,57.92
2005-06-21,,0.0,,,71.06,55.94
2005-06-22,,0.1811023622047244,,,84.91999999999999,64.04
2005-06-23,,0.0,,,69.08,62.059999999999995
2005-06-24,,0.0,,,73.94,64.94
2005-06-25,,0.0,,,77.0,66.92
2005-06-26,,0.0,,,78.98,69.08
2005-06-27,,0.9212598425196851,,,73.04,69.08
2005-06-28,,0.0,,,78.08,69.08
2005-06-29,,0.14960629921259844,,,75.02,69.08
2005-06-30,,0.0,,,77.0,68.0
2005-07-01,,0.03937007874015748,,,73.94,66.02
2005-07-02,,0.011811023622047244,,,77.0,66.92
2005-07-03,,0.0,,,73.94,64.94
2005-07-04,,0.0,,,75.02,66.02
2005-07-05,,0.05118110236220473,,,75.92,68.0
2005-07-06,,0.0,,,82.94,71.06
2005-07-07,,0.011811023622047244,,,75.02,66.02
2005-07-08,,1.2598425196850394,,,75.02,64.04
2005-07-09,,0.0,,,84.02,64.04
2005-07-10,,0.0,,,89.96000000000001,69.98
2005-07-11,,0.0,,,91.94,69.98
2005-07-12,,0.0,,,87.08000000000001,71.06
2005-07-13,,0.0,,,78.08,71.06
2005-07-14,,0.0,,,80.06,71.96
2005-07-15,,0.0,,,80.96,75.02
2005-07-16,,0.0,,,80.06,75.02
2005-07-17,,0.05905511811023623,,,82.04,73.94
2005-07-18,,0.0,,,84.91999999999999,77.0
2005-07-19,,0.0984251968503937,,,91.94,78.98
2005-07-20,,0.0,,,89.06,75.92
2005-07-21,,0.0,,,91.94,73.04
2005-07-22,,1.2913385826771653,,,89.06,71.06
2005-07-23,,0.0,,,82.94,71.96
2005-07-24,,0.0,,,82.04,69.08
2005-07-25,,0.05118110236220473,,,80.06,73.04
2005-07-26,,0.0,,,86.0,75.92
2005-07-27,,0.03149606299212599,,,87.08000000000001,73.04
2005-07-28,,0.0,,,75.92,69.08
2005-07-29,,0.2519685039370079,,,77.0,71.06
2005-07-30,,1.1692913385826773,,,75.92,69.08
2005-07-31,,0.0,,,77.0,71.06
2005-08-01,,0.0,,,78.98,71.06
2005-08-02,,0.16929133858267717,,,93.02,73.04
2005-08-03,,0.0,,,87.08000000000001,75.92
2005-08-04,,0.0,,,91.94,77.0
2005-08-05,,0.01968503937007874,,,89.96000000000001,73.04
2005-08-06,,0.05905511811023623,,,82.04,73.04
2005-08-07,,0.0,,,80.06,73.04
2005-08-08,,0.0,,,80.96,73.94
2005-08-09,,0.9881889763779529,,,78.98,69.98
2005-08-10,,0.0905511811023622,,,80.96,73.94
2005-08-11,,0.0,,,91.03999999999999,75.02
2005-08-12,,0.0,,,89.06,78.08
2005-08-13,,0.0,,,84.91999999999999,77.0
2005-08-14,,0.0,,,89.06,75.92
2005-08-15,,0.07874015748031496,,,80.06,73.04
2005-08-16,,0.011811023622047244,,,75.92,68.0
2005-08-17,,0.07086614173228346,,,82.94,66.92
2005-08-18,,0.0,,,78.98,69.98
2005-08-19,,0.05905511811023623,,,80.96,71.96
2005-08-20,,0.0,,,82.94,73.94
2005-08-21,,0.0,,,91.94,77.0
2005-08-22,,0.0,,,87.98,71.96
2005-08-23,,0.0,,,78.98,68.0
2005-08-24,,0.0,,,80.96,68.0
2005-08-25,,0.0,,,75.92,64.04
2005-08-26,,0.0,,,78.98,66.92
2005-08-27,,0.16141732283464566,,,80.06,75.02
2005-08-28,,0.0,,,82.04,75.92
2005-08-29,,0.0,,,80.96,75.02
2005-08-30,,0.011811023622047244,,,82.94,78.08
2005-08-31,,0.0,,,84.02,71.96
2005-09-01,,0.0,,,87.08000000000001,69.98
2005-09-02,,0.0,,,89.96000000000001,69.98
2005-09-03,,0.0,,,82.94,69.08
2005-09-04,,0.0,,,78.98,66.02
2005-09-05,,0.0,,,75.92,68.0
2005-09-06,,0.0,,,73.94,66.92
2005-09-07,,0.0,,,75.02,60.980000000000004
2005-09-08,,0.0,,,78.08,64.94
2005-09-09,,0.0,,,80.06,66.02
2005-09-10,,0.0,,,80.06,64.04
2005-09-11,,0.0,,,75.92,64.94
2005-09-12,,0.0,,,84.02,64.94
2005-09-13,,0.0,,,86.0,68.0
2005-09-14,,0.0,,,80.06,73.94
2005-09-15,,0.0,,,82.04,75.02
2005-09-16,,0.0,,,80.06,73.94
2005-09-17,,0.0,,,82.04,71.96
2005-09-18,,0.0,,,82.04,69.08
2005-09-19,,0.0,,,82.94,69.08
2005-09-20,,0.0,,,78.98,71.96
2005-09-21,,0.0,,,80.96,66.92
2005-09-22,,0.0,,,82.94,68.0
2005-09-23,,0.0,,,87.08000000000001,71.06
2005-09-24,,0.0,,,73.94,66.02
2005-09-25,,0.0,,,73.94,66.02
2005-09-26,,0.20866141732283466,,,77.0,71.06
2005-09-27,,0.0,,,78.98,62.959999999999994
2005-09-28,,0.0,,,73.04,59.0
2005-09-29,,0.0,,,75.02,55.94
2005-09-30,,0.0,,,64.94,51.98
2005-10-01,,0.0,,,69.98,57.02
2005-10-02,,0.0,,,73.94,57.02
2005-10-03,,0.0,,,71.96,59.0
2005-10-04,,0.011811023622047244,,,71.96,66.02
2005-10-05,,0.0,,,71.96,62.959999999999994
2005-10-06,,0.7283464566929134,,,71.96,68.0
2005-10-07,,0.03937007874015748,,,75.92,71.06
2005-10-08,,0.5905511811023623,,,75.02,64.94
2005-10-09,,0.01968503937007874,,,69.08,57.02
2005-10-10,,0.03937007874015748,,,64.94,60.08
2005-10-11,,0.751968503937008,,,62.959999999999994,60.08
2005-10-12,,1.3503937007874016,,,64.94,59.0
2005-10-13,,1.8582677165354333,,,66.92,62.059999999999995
2005-10-14,,0.16141732283464566,,,66.02,60.980000000000004
2005-10-15,,0.0,,,75.92,57.02
2005-10-16,,0.0,,,66.02,53.96
2005-10-17,,0.0,,,66.02,51.98
2005-10-18,,0.0,,,75.02,55.04
2005-10-19,,0.0,,,69.08,53.96
2005-10-20,,0.0,,,66.02,53.06
2005-10-21,,0.11811023622047245,,,60.08,51.98
2005-10-22,,1.2519685039370079,,,64.04,51.98
2005-10-23,,0.0,,,60.08,50.0
2005-10-24,,1.0,,,57.02,48.02
2005-10-25,,1.6614173228346458,,,55.94,42.08
2005-10-26,,0.01968503937007874,,,60.08,41.0
2005-10-27,,0.0,,,57.02,42.08
2005-10-28,,0.0,,,51.98,42.980000000000004
2005-10-29,,0.0,,,51.08,42.08
2005-10-30,,0.0,,,66.92,41.0
2005-10-31,,0.0,,,64.94,46.94
2005-11-01,,0.0,,,62.959999999999994,57.02
2005-11-02,,0.0,,,60.980000000000004,48.02
2005-11-03,,0.0,,,64.04,46.04
2005-11-04,,0.0,,,62.959999999999994,55.94
2005-11-05,,0.0,,,62.959999999999994,57.92
2005-11-06,,0.0,,,64.94,59.0
2005-11-07,,0.0,,,64.94,51.98
2005-11-08,,0.01968503937007874,,,69.08,51.98
2005-11-09,,0.0,,,66.02,55.94
2005-11-10,,0.16141732283464566,,,68.0,42.980000000000004
2005-11-11,,0.0,,,51.08,39.92
2005-11-12,,0.0,,,55.94,42.08
2005-11-13,,0.0,,,60.980000000000004,55.04
2005-11-14,,0.0,,,71.06,57.92
2005-11-15,,0.0,,,64.04,57.02
2005-11-16,,0.1889763779527559,,,66.02,44.06
2005-11-17,,0.33858267716535434,,,48.02,33.08
2005-11-18,,0.0,,,42.980000000000004,32.0
2005-11-19,,0.0,,,48.92,33.98
2005-11-20,,0.0,,,57.02,44.06
2005-11-21,,1.4094488188976377,,,53.96,48.92
2005-11-22,,0.6496062992125985,,,51.98,37.04
2005-11-23,,0.0,,,44.06,32.0
2005-11-24,,0.0,,,53.06,26.96
2005-11-25,,0.0,,,35.96,26.060000000000002
2005-11-26,,0.0,,,44.96,30.92
2005-11-27,,0.0,,,53.06,37.04
2005-11-28,,0.0,,,60.980000000000004,51.08
2005-11-29,,0.2795275590551181,,,60.980000000000004,57.02
2005-11-30,,0.5590551181102362,,,64.04,42.08
2005-12-01,,0.0,,,46.04,39.92
2005-12-02,,0.0,,,42.980000000000004,32.0
2005-12-03,,0.0,,,37.04,30.02
2005-12-04,,0.5787401574803149,,,51.08,33.08
2005-12-05,,,,,37.04,32.0
2005-12-06,,0.12992125984251968,,,39.02,30.02
2005-12-07,,0.0,,,35.06,26.060000000000002
2005-12-08,,0.0,,,35.06,23.0
2005-12-09,,0.8700787401574804,,,46.94,30.02
2005-12-10,,0.0,,,44.96,26.96
2005-12-11,,0.0,,,44.96,35.06
2005-12-12,,0.0,,,42.08,28.04
2005-12-13,,0.0,,,32.0,19.939999999999998
2005-12-14,,0.0,,,28.04,19.04
2005-12-15,,0.1811023622047244,,,51.98,21.02
2005-12-16,,0.2795275590551181,,,53.96,37.04
2005-12-17,,0.0,,,44.06,33.08
2005-12-18,,0.0,,,42.08,32.0
2005-12-19,,0.0,,,41.0,24.98
2005-12-20,,0.0,,,35.96,23.0
2005-12-21,,0.0,,,35.96,24.08
2005-12-22,,0.0,,,39.02,28.94
2005-12-23,,0.0,,,46.04,33.98
2005-12-24,,0.0,,,57.02,39.92
2005-12-25,,1.2913385826771653,,,55.94,41.0
2005-12-26,,0.011811023622047244,,,51.98,42.08
2005-12-27,,0.0,,,48.02,37.04
2005-12-28,,0.0,,,51.98,35.96
2005-12-29,,1.4606299212598426,,,51.98,44.96
2005-12-30,,0.0,,,50.0,35.96
2005-12-31,,0.0984251968503937,,,46.94,35.06
2006-01-01,,0.0,,,51.08,39.02
2006-01-02,,1.1181102362204725,,,51.98,39.02
2006-01-03,,0.7401574803149606,,,53.96,39.02
2006-01-04,,0.0,,,42.980000000000004,37.04
2006-01-05,,0.011811023622047244,,,53.06,41.0
2006-01-06,,0.0,,,44.06,33.98
2006-01-07,,0.0,,,39.92,28.94
2006-01-08,,0.0,,,51.98,37.94
2006-01-09,,0.0,,,59.0,46.04
2006-01-10,,0.0,,,51.98,39.92
2006-01-11,,0.0,,,57.02,39.92
2006-01-12,,0.0,,,57.02,42.08
2006-01-13,,0.05118110236220473,,,53.96,42.08
2006-01-14,,0.9409448818897638,,,55.04,32.0
2006-01-15,,,,,33.08,23.0
2006-01-16,,0.0,,,33.08,21.02
2006-01-17,,0.03149606299212599,,,51.98,28.04
2006-01-18,,0.421259842519685,,,57.92,35.06
2006-01-19,,0.0,,,46.94,33.98
2006-01-20,,0.0,,,53.06,44.06
2006-01-21,,0.0,,,59.0,39.92
2006-01-22,,0.05118110236220473,,,44.06,32.0
2006-01-23,,1.7716535433070868,,,50.0,39.02
2006-01-24,,0.0,,,50.0,35.06
2006-01-25,,0.03937007874015748,,,44.06,33.08
2006-01-26,,0.0,,,37.04,28.04
2006-01-27,,0.0,,,44.96,24.98
2006-01-28,,0.0,,,57.02,33.08
2006-01-29,,0.0,,,50.0,42.08
2006-01-30,,0.0,,,64.04,44.06
2006-01-31,,0.11023622047244094,,,46.04,39.02
2006-02-01,,0.0,,,46.04,37.94
2006-02-02,,0.0,,,48.92,39.02
2006-02-03,,0.25984251968503935,,,62.959999999999994,44.06
2006-02-04,,0.421259842519685,,,55.04,44.06
2006-02-05,,0.05118110236220473,,,55.04,37.04
2006-02-06,,0.0,,,42.980000000000004,33.98
2006-02-07,,0.0,,,42.08,32.0
2006-02-08,,0.0,,,39.92,28.94
2006-02-09,,0.0,,,35.96,28.04
2006-02-10,,0.0,,,39.92,30.02
2006-02-11,,0.7086614173228347,,,39.92,35.06
2006-02-12,,1.2007874015748032,,,37.04,26.060000000000002
2006-02-13,,0.0,,,37.94,23.0
2006-02-14,,0.0,,,42.980000000000004,32.0
2006-02-15,,0.0,,,48.92,39.92
2006-02-16,,0.0,,,51.98,44.06
2006-02-17,,0.0,,,62.059999999999995,35.06
2006-02-18,,0.0,,,37.94,17.96
2006-02-19,,0.0,,,30.02,17.06
2006-02-20,,0.0,,,39.92,26.96
2006-02-21,,0.0,,,44.96,32.0
2006-02-22,,0.11811023622047245,,,41.0,32.0
2006-02-23,,0.03149606299212599,,,46.94,37.04
2006-02-24,,0.0,,,41.0,30.92
2006-02-25,,0.0,,,51.98,30.02
2006-02-26,,0.0,,,39.92,21.92
2006-02-27,,0.0,,,33.98,21.02
2006-02-28,,0.0,,,37.04,26.96
2006-03-01,,0.0,,,44.96,32.0
2006-03-02,,0.16929133858267717,,,42.08,32.0
2006-03-03,,0.0,,,39.02,28.04
2006-03-04,,0.0,,,42.980000000000004,28.04
2006-03-05,,0.0,,,48.92,32.0
2006-03-06,,0.0,,,44.96,32.0
2006-03-07,,0.0,,,42.980000000000004,32.0
2006-03-08,,0.0,,,42.08,30.02
2006-03-09,,0.0,,,51.08,41.0
2006-03-10,,0.0,,,66.02,48.02
2006-03-11,,0.0,,,60.980000000000004,46.04
2006-03-12,,0.01968503937007874,,,59.0,44.06
2006-03-13,,0.0,,,60.980000000000004,48.92
2006-03-14,,0.01968503937007874,,,62.959999999999994,42.08
2006-03-15,,0.0,,,48.92,39.02
2006-03-16,,0.0,,,53.06,35.96
2006-03-17,,0.0,,,48.92,35.06
2006-03-18,,0.0,,,42.980000000000004,32.0
2006-03-19,,0.0,,,46.94,30.92
2006-03-20,,0.0,,,44.06,32.0
2006-03-21,,0.0,,,39.92,26.96
2006-03-22,,0.0,,,46.94,32.0
2006-03-23,,0.0,,,50.0,37.94
2006-03-24,,0.0,,,46.94,35.06
2006-03-25,,0.03149606299212599,,,44.06,35.06
2006-03-26,,0.07874015748031496,,,48.02,35.06
2006-03-27,,0.0,,,59.0,37.94
2006-03-28,,0.0,,,51.08,41.0
2006-03-29,,0.0,,,53.06,42.08
2006-03-30,,0.0,,,57.92,42.980000000000004
2006-03-31,,0.0,,,57.02,46.94
2006-04-01,,0.05905511811023623,,,69.08,50.0
2006-04-02,,0.0,,,64.94,48.02
2006-04-03,,0.03937007874015748,,,55.04,46.04
2006-04-04,,0.03937007874015748,,,57.02,44.96
2006-04-05,,0.011811023622047244,,,51.98,37.04
2006-04-06,,0.0,,,57.92,41.0
2006-04-07,,0.0,,,66.92,46.04
2006-04-08,,0.531496062992126,,,66.92,39.02
2006-04-09,,0.0,,,46.94,37.94
2006-04-10,,0.0,,,51.98,41.0
2006-04-11,,0.0,,,55.94,44.96
2006-04-12,,0.0,,,57.02,48.02
2006-04-13,,0.0,,,66.92,51.98
2006-04-14,,0.0,,,62.059999999999995,51.08
2006-04-15,,0.011811023622047244,,,80.06,59.0
2006-04-16,,0.0,,,69.98,53.06
2006-04-17,,0.0,,,55.94,46.04
2006-04-18,,0.0,,,60.08,46.04
2006-04-19,,0.0,,,64.04,48.02
2006-04-20,,0.0,,,73.94,55.04
2006-04-21,,0.03937007874015748,,,57.02,48.02
2006-04-22,,1.531496062992126,,,55.94,48.02
2006-04-23,,0.6889763779527559,,,66.92,53.06
2006-04-24,,0.20866141732283466,,,62.959999999999994,50.0
2006-04-25,,0.0,,,66.92,46.04
2006-04-26,,0.0984251968503937,,,55.04,44.96
2006-04-27,,0.0,,,62.959999999999994,48.92
2006-04-28,,0.0,,,57.02,48.02
2006-04-29,,0.0,,,55.04,42.980000000000004
2006-04-30,,0.0,,,60.08,42.08
2006-05-01,,0.0,,,59.0,44.96
2006-05-02,,0.0,,,59.0,46.94
2006-05-03,,0.0,,,69.08,50.0
2006-05-04,,0.0,,,68.0,53.96
2006-05-05,,0.0,,,77.0,59.0
2006-05-06,,0.05118110236220473,,,80.06,53.96
2006-05-07,,0.0,,,59.0,48.92
2006-05-08,,0.0,,,55.94,51.98
2006-05-09,,0.0,,,62.059999999999995,50.0
2006-05-10,,0.0,,,64.94,53.96
2006-05-11,,0.14173228346456693,,,62.059999999999995,51.98
2006-05-12,,0.531496062992126,,,71.96,57.02
2006-05-13,,0.0,,,64.04,53.06
2006-05-14,,0.0,,,57.92,51.98
2006-05-15,,0.9291338582677167,,,66.02,51.98
2006-05-16,,0.4881889763779528,,,69.08,57.02
2006-05-17,,0.0,,,66.92,57.02
2006-05-18,,0.0,,,68.0,60.08
2006-05-19,,1.141732283464567,,,64.94,55.94
2006-05-20,,0.0,,,71.06,55.94
2006-05-21,,0.0,,,71.06,53.06
2006-05-22,,0.0,,,66.92,48.02
2006-05-23,,0.0,,,69.08,46.94
2006-05-24,,0.0,,,73.94,53.06
2006-05-25,,0.0,,,68.0,59.0
2006-05-26,,0.0,,,78.98,62.059999999999995
2006-05-27,,0.01968503937007874,,,80.06,64.94
2006-05-28,,0.0,,,71.96,60.08
2006-05-29,,0.0,,,73.04,59.0
2006-05-30,,0.0,,,80.96,62.059999999999995
2006-05-31,,0.0,,,69.98,60.980000000000004
2006-06-01,,0.0,,,75.02,64.04
2006-06-02,,0.01968503937007874,,,80.06,66.92
2006-06-03,,0.16141732283464566,,,69.98,60.980000000000004
2006-06-04,,0.0,,,69.98,59.0
2006-06-05,,0.0,,,69.98,60.08
2006-06-06,,0.01968503937007874,,,69.08,59.0
2006-06-07,,0.46850393700787407,,,64.04,57.92
2006-06-08,,0.0,,,69.98,57.92
2006-06-09,,0.011811023622047244,,,77.0,62.059999999999995
2006-06-10,,0.0,,,71.06,57.92
2006-06-11,,0.0,,,69.98,53.96
2006-06-12,,0.14173228346456693,,,68.0,57.92
2006-06-13,,0.0,,,73.04,59.0
2006-06-14,,0.0,,,68.0,62.059999999999995
2006-06-15,,0.12992125984251968,,,80.96,62.059999999999995
2006-06-16,,0.0,,,82.94,62.959999999999994
2006-06-17,,0.0,,,82.04,66.92
2006-06-18,,0.0,,,75.92,68.0
2006-06-19,,0.011811023622047244,,,75.92,68.0
2006-06-20,,0.14173228346456693,,,82.94,69.08
2006-06-21,,0.0,,,77.0,69.98
2006-06-22,,0.03937007874015748,,,78.08,69.98
2006-06-23,,0.03149606299212599,,,80.96,69.08
2006-06-24,,0.16141732283464566,,,73.94,66.02
2006-06-25,,1.0590551181102361,,,75.02,66.92
2006-06-26,,0.0,,,75.02,69.98
2006-06-27,,0.0,,,75.92,69.98
2006-06-28,,0.07086614173228346,,,78.98,69.08
2006-06-29,,0.0,,,80.96,68.0
2006-06-30,,0.0,,,82.04,66.02
2006-07-01,,0.0,,,82.04,66.92
2006-07-02,,0.0,,,84.91999999999999,69.08
2006-07-03,,0.0,,,87.08000000000001,73.94
2006-07-04,,0.011811023622047244,,,84.91999999999999,73.04
2006-07-05,,0.3700787401574803,,,80.96,66.92
2006-07-06,,1.5000000000000002,,,77.0,64.04
2006-07-07,,0.0,,,75.92,62.059999999999995
2006-07-08,,0.0,,,77.0,64.94
2006-07-09,,0.0,,,77.0,66.92
2006-07-10,,0.0,,,77.0,69.98
2006-07-11,,0.0,,,78.98,69.98
2006-07-12,,0.0,,,78.98,71.06
2006-07-13,,0.11023622047244094,,,86.0,69.98
2006-07-14,,0.0,,,77.0,66.02
2006-07-15,,0.0,,,80.96,66.02
2006-07-16,,0.0,,,91.03999999999999,73.04
2006-07-17,,0.0,,,93.02,75.92
2006-07-18,,0.0,,,95.0,71.96
2006-07-19,,0.0,,,84.91999999999999,71.96
2006-07-20,,0.1889763779527559,,,84.02,71.06
2006-07-21,,0.0,,,82.04,75.02
2006-07-22,,0.7716535433070867,,,78.98,73.04
2006-07-23,,0.20078740157480315,,,78.98,69.98
2006-07-24,,0.0,,,82.04,69.08
2006-07-25,,0.0,,,78.98,73.04
2006-07-26,,0.0,,,80.06,71.96
2006-07-27,,0.0,,,82.04,73.94
2006-07-28,,0.05905511811023623,,,82.94,73.94
2006-07-29,,0.0,,,91.03999999999999,75.92
2006-07-30,,0.0,,,91.03999999999999,77.0
2006-07-31,,0.0,,,87.08000000000001,73.94
2006-08-01,,0.0,,,96.98,78.08
2006-08-02,,0.0,,,96.98,80.96
2006-08-03,,0.0,,,96.98,80.96
2006-08-04,,0.0,,,93.02,77.0
2006-08-05,,0.0,,,87.08000000000001,71.96
2006-08-06,,0.0,,,82.94,69.08
2006-08-07,,0.0,,,82.04,77.0
2006-08-08,,0.0,,,87.98,71.96
2006-08-09,,0.0,,,80.06,66.92
2006-08-10,,0.0,,,80.96,73.04
2006-08-11,,0.0,,,75.92,66.02
2006-08-12,,0.0,,,75.92,62.959999999999994
2006-08-13,,0.0,,,80.06,62.059999999999995
2006-08-14,,0.0,,,78.98,69.08
2006-08-15,,0.0,,,80.06,71.06
2006-08-16,,0.0,,,78.98,69.08
2006-08-17,,0.0,,,80.06,68.0
2006-08-18,,0.0,,,78.08,71.06
2006-08-19,,0.0,,,80.06,69.98
2006-08-20,,0.03937007874015748,,,89.96000000000001,73.94
2006-08-21,,0.0,,,84.91999999999999,69.08
2006-08-22,,0.0,,,82.04,69.08
2006-08-23,,0.0,,,84.91999999999999,71.96
2006-08-24,,0.0,,,77.0,69.08
2006-08-25,,0.0,,,82.04,71.06
2006-08-26,,0.0,,,77.0,71.06
2006-08-27,,0.0,,,78.08,71.06
2006-08-28,,0.0,,,80.96,73.04
2006-08-29,,0.0,,,75.92,71.06
2006-08-30,,0.0,,,73.04,66.92
2006-08-31,,0.4015748031496063,,,71.06,66.92
2006-09-01,,2.350393700787402,,,69.98,64.04
2006-09-02,,0.5196850393700787,,,71.96,64.94
2006-09-03,,0.0,,,75.92,62.959999999999994
2006-09-04,,0.0,,,80.96,64.94
2006-09-05,,1.0393700787401574,,,71.06,62.059999999999995
2006-09-06,,0.0,,,75.92,62.059999999999995
2006-09-07,,0.0,,,78.08,64.04
2006-09-08,,0.0,,,78.08,66.02
2006-09-09,,0.0,,,78.08,66.92
2006-09-10,,0.0,,,71.96,64.94
2006-09-11,,0.0,,,68.0,62.059999999999995
2006-09-12,,0.0,,,66.02,55.04
2006-09-13,,0.0,,,69.98,59.0
2006-09-14,,0.2795275590551181,,,71.06,66.02
2006-09-15,,1.0196850393700787,,,71.96,66.02
2006-09-16,,0.0,,,73.04,64.94
2006-09-17,,0.0,,,78.08,64.04
2006-09-18,,0.0,,,78.08,64.94
2006-09-19,,0.01968503937007874,,,75.92,69.08
2006-09-20,,0.0,,,71.96,55.94
2006-09-21,,0.0,,,69.08,51.98
2006-09-22,,0.0,,,69.08,57.02
2006-09-23,,0.0,,,78.98,68.0
2006-09-24,,0.0905511811023622,,,82.04,66.02
2006-09-25,,0.0,,,73.94,60.08
2006-09-26,,0.0,,,75.02,59.0
2006-09-27,,0.0,,,71.96,60.980000000000004
2006-09-28,,0.05118110236220473,,,73.04,60.980000000000004
2006-09-29,,0.01968503937007874,,,68.0,57.02
2006-09-30,,0.0,,,69.08,53.96
2006-10-01,,0.12992125984251968,,,69.98,57.02
2006-10-02,,0.0,,,71.96,53.96
2006-10-03,,0.0,,,73.94,60.08
2006-10-04,,0.0,,,75.92,68.0
2006-10-05,,0.011811023622047244,,,73.04,57.02
2006-10-06,,1.6181102362204727,,,60.980000000000004,55.94
2006-10-07,,0.03149606299212599,,,62.959999999999994,57.92
2006-10-08,,0.0,,,64.94,55.04
2006-10-09,,0.0,,,71.96,53.96
2006-10-10,,0.0,,,71.96,59.0
2006-10-11,,0.16929133858267717,,,68.0,62.959999999999994
2006-10-12,,0.0,,,73.04,48.92
2006-10-13,,0.0,,,55.94,44.06
2006-10-14,,0.0,,,60.980000000000004,46.04
2006-10-15,,0.0,,,60.980000000000004,44.96
2006-10-16,,0.0,,,64.94,48.92
2006-10-17,,1.2007874015748032,,,64.94,59.0
2006-10-18,,0.07874015748031496,,,75.02,62.059999999999995
2006-10-19,,0.0,,,69.98,60.980000000000004
2006-10-20,,0.33858267716535434,,,71.96,48.02
2006-10-21,,0.0,,,60.08,46.04
2006-10-22,,0.0,,,64.04,50.0
2006-10-23,,0.0,,,57.92,44.06
2006-10-24,,0.0,,,51.98,39.02
2006-10-25,,0.0,,,53.96,41.0
2006-10-26,,0.0,,,51.98,39.02
2006-10-27,,0.46062992125984253,,,57.02,37.94
2006-10-28,,0.6692913385826772,,,69.08,46.94
2006-10-29,,0.0,,,57.02,46.94
2006-10-30,,0.0,,,64.94,44.06
2006-10-31,,0.0,,,64.04,55.04
2006-11-01,,0.0,,,71.96,55.94
2006-11-02,,0.03149606299212599,,,60.980000000000004,42.08
2006-11-03,,0.0,,,48.02,35.96
2006-11-04,,0.0,,,48.92,33.98
2006-11-05,,0.0,,,53.06,37.04
2006-11-06,,0.0,,,55.04,41.0
2006-11-07,,0.4881889763779528,,,60.08,44.96
2006-11-08,,1.5905511811023623,,,62.059999999999995,55.94
2006-11-09,,0.011811023622047244,,,69.98,57.02
2006-11-10,,0.0,,,71.06,53.96
2006-11-11,,0.0,,,64.04,55.94
2006-11-12,,1.7007874015748035,,,62.959999999999994,57.92
2006-11-13,,0.3582677165354331,,,62.959999999999994,57.92
2006-11-14,,0.03937007874015748,,,60.980000000000004,57.02
2006-11-15,,0.0,,,66.02,55.94
2006-11-16,,0.5787401574803149,,,66.02,57.02
2006-11-17,,0.0,,,64.04,44.06
2006-11-18,,0.0,,,60.980000000000004,42.08
2006-11-19,,0.0,,,53.96,42.08
2006-11-20,,0.0,,,48.02,39.92
2006-11-21,,0.0,,,51.98,35.96
2006-11-22,,1.4015748031496065,,,53.96,48.02
2006-11-23,,1.8897637795275593,,,53.06,44.06
2006-11-24,,0.0,,,64.04,44.06
2006-11-25,,0.0,,,55.04,39.92
2006-11-26,,0.0,,,60.980000000000004,41.0
2006-11-27,,0.0,,,57.02,42.980000000000004
2006-11-28,,0.0,,,62.059999999999995,44.96
2006-11-29,,0.0,,,57.92,48.92
2006-11-30,,0.0,,,62.959999999999994,55.04
2006-12-01,,0.05118110236220473,,,66.02,48.02
2006-12-02,,0.0,,,60.980000000000004,37.94
2006-12-03,,0.0,,,46.94,35.96
2006-12-04,,0.24015748031496062,,,42.980000000000004,32.0
2006-12-05,,0.0,,,41.0,32.0
2006-12-06,,0.0,,,60.980000000000004,32.0
2006-12-07,,0.0,,,57.02,30.02
2006-12-08,,0.0,,,33.98,24.98
2006-12-09,,0.0,,,42.08,26.060000000000002
2006-12-10,,0.0,,,55.04,35.96
2006-12-11,,0.0,,,62.059999999999995,39.92
2006-12-12,,0.0,,,51.08,39.92
2006-12-13,,0.0,,,55.94,48.02
2006-12-14,,0.0,,,51.98,44.06
2006-12-15,,0.0,,,60.980000000000004,46.04
2006-12-16,,0.0,,,55.94,42.08
2006-12-17,,0.0,,,55.04,42.08
2006-12-18,,0.0,,,69.98,46.04
2006-12-19,,0.0,,,51.08,35.96
2006-12-20,,0.0,,,48.92,32.0
2006-12-21,,0.0,,,51.08,41.0
2006-12-22,,0.531496062992126,,,57.02,42.980000000000004
2006-12-23,,0.25984251968503935,,,62.059999999999995,46.04
2006-12-24,,0.0,,,55.94,42.08
2006-12-25,,0.7716535433070867,,,57.92,39.02
2006-12-26,,0.011811023622047244,,,57.92,44.96
2006-12-27,,0.0,,,48.92,39.02
2006-12-28,,0.0,,,48.92,37.04
2006-12-29,,0.0,,,51.08,37.94
2006-12-30,,0.0,,,53.96,44.96
2006-12-31,,0.03149606299212599,,,51.08,33.98
2007-01-01,,0.7992125984251969,,,57.92,48.92
2007-01-02,,0.0,,,51.98,39.92
2007-01-03,,0.0,,,51.08,37.04
2007-01-04,,0.0,,,59.0,46.94
2007-01-05,,0.03149606299212599,,,57.92,53.06
2007-01-06,,0.05905511811023623,,,71.96,53.06
2007-01-07,,0.40944881889763785,,,59.0,46.94
2007-01-08,,0.5393700787401575,,,57.92,39.92
2007-01-09,,0.0,,,48.92,35.96
2007-01-10,,0.0,,,39.92,30.92
2007-01-11,,0.0,,,46.04,28.04
2007-01-12,,0.0,,,53.06,42.980000000000004
2007-01-13,,0.0,,,62.959999999999994,50.0
2007-01-14,,0.0,,,60.980000000000004,35.96
2007-01-15,,0.0,,,60.08,35.96
2007-01-16,,0.0,,,60.08,30.02
2007-01-17,,0.0,,,35.06,23.0
2007-01-18,,0.46062992125984253,,,44.06,30.02
2007-01-19,,0.05118110236220473,,,51.08,33.08
2007-01-20,,0.0,,,37.04,26.96
2007-01-21,,0.0,,,33.08,23.0
2007-01-22,,0.12992125984251968,,,37.04,28.04
2007-01-23,,0.0,,,41.0,33.08
2007-01-24,,0.0,,,42.980000000000004,33.08
2007-01-25,,,,,39.92,21.02
2007-01-26,,0.0,,,26.060000000000002,12.020000000000003
2007-01-27,,0.0,,,55.04,26.060000000000002
2007-01-28,,0.05118110236220473,,,44.06,32.0
2007-01-29,,0.011811023622047244,,,33.98,24.98
2007-01-30,,0.0,,,39.92,24.98
2007-01-31,,0.0,,,33.98,26.060000000000002
2007-02-01,,0.011811023622047244,,,39.02,28.04
2007-02-02,,0.27165354330708663,,,39.92,32.0
2007-02-03,,0.0,,,37.04,30.92
2007-02-04,,0.0,,,37.04,21.92
2007-02-05,,0.0,,,24.98,14.0
2007-02-06,,0.0,,,23.0,12.020000000000003
2007-02-07,,,,,26.060000000000002,15.979999999999997
2007-02-08,,0.0,,,28.94,17.06
2007-02-09,,0.0,,,32.0,21.02
2007-02-10,,0.0,,,33.98,21.92
2007-02-11,,0.0,,,33.08,19.04
2007-02-12,,0.0,,,46.94,28.94
2007-02-13,,0.03149606299212599,,,39.02,28.04
2007-02-14,,1.5590551181102363,,,42.08,21.02
2007-02-15,,0.0,,,26.060000000000002,17.96
2007-02-16,,0.0,,,28.04,17.96
2007-02-17,,0.0,,,39.02,24.08
2007-02-18,,0.0,,,39.02,23.0
2007-02-19,,0.0,,,37.94,15.979999999999997
2007-02-20,,0.0,,,50.0,33.98
2007-02-21,,0.03937007874015748,,,53.06,33.08
2007-02-22,,0.0,,,48.92,33.08
2007-02-23,,0.0,,,39.92,28.94
2007-02-24,,0.0,,,42.08,23.0
2007-02-25,,0.7598425196850395,,,37.04,30.92
2007-02-26,,0.11811023622047245,,,41.0,33.98
2007-02-27,,0.0,,,55.94,37.04
2007-02-28,,0.0,,,48.92,33.08
2007-03-01,,0.16929133858267717,,,53.06,33.98
2007-03-02,,0.6614173228346457,,,64.94,42.980000000000004
2007-03-03,,0.0,,,59.0,39.92
2007-03-04,,0.0,,,44.96,33.08
2007-03-05,,0.0,,,44.96,26.96
2007-03-06,,0.0,,,32.0,19.939999999999998
2007-03-07,,0.14960629921259844,,,26.060000000000002,17.06
2007-03-08,,0.0,,,35.96,17.06
2007-03-09,,0.0,,,37.04,21.02
2007-03-10,,0.0,,,50.0,35.96
2007-03-11,,0.011811023622047244,,,60.08,37.04
2007-03-12,,0.0,,,51.08,33.98
2007-03-13,,0.0,,,48.92,39.92
2007-03-14,,0.0,,,53.06,46.04
2007-03-15,,0.3582677165354331,,,62.059999999999995,39.92
2007-03-16,,2.2519685039370083,,,44.06,33.08
2007-03-17,,0.0,,,35.96,32.0
2007-03-18,,0.0,,,42.08,30.92
2007-03-19,,0.0,,,46.04,32.0
2007-03-20,,0.0,,,57.92,35.06
2007-03-21,,0.0,,,44.96,30.92
2007-03-22,,0.01968503937007874,,,55.94,41.0
2007-03-23,,0.25984251968503935,,,68.0,48.02
2007-03-24,,0.07874015748031496,,,51.08,46.04
2007-03-25,,0.0,,,51.08,39.92
2007-03-26,,0.0,,,55.04,41.0
2007-03-27,,0.0,,,78.98,50.0
2007-03-28,,0.0,,,71.96,48.92
2007-03-29,,0.0,,,60.980000000000004,41.0
2007-03-30,,0.0,,,64.94,41.0
2007-03-31,,0.0,,,51.08,44.06
2007-04-01,,0.03149606299212599,,,51.08,44.06
2007-04-02,,0.0,,,57.02,46.04
2007-04-03,,0.011811023622047244,,,48.92,44.06
2007-04-04,,0.9685039370078741,,,50.0,42.980000000000004
2007-04-05,,0.0,,,46.94,35.96
2007-04-06,,0.0,,,48.02,35.06
2007-04-07,,0.0,,,46.04,35.06
2007-04-08,,0.0,,,42.980000000000004,33.08
2007-04-09,,0.0,,,44.96,33.08
2007-04-10,,0.0,,,51.98,33.98
2007-04-11,,0.0,,,46.94,35.96
2007-04-12,,1.031496062992126,,,60.980000000000004,35.96
2007-04-13,,0.0,,,53.96,42.08
2007-04-14,,0.011811023622047244,,,57.02,39.92
2007-04-15,,0.8385826771653544,,,57.02,44.06
2007-04-16,,0.3188976377952756,,,48.92,37.04
2007-04-17,,0.0,,,50.0,37.94
2007-04-18,,0.0,,,48.02,42.08
2007-04-19,,0.01968503937007874,,,51.08,44.96
2007-04-20,,0.0,,,60.980000000000004,42.08
2007-04-21,,0.0,,,69.98,42.980000000000004
2007-04-22,,0.0,,,71.06,55.94
2007-04-23,,0.0,,,66.92,55.94
2007-04-24,,0.0,,,82.04,53.96
2007-04-25,,0.03149606299212599,,,60.08,46.94
2007-04-26,,0.0,,,51.08,46.94
2007-04-27,,0.07086614173228346,,,60.980000000000004,50.0
2007-04-28,,0.011811023622047244,,,69.98,57.02
2007-04-29,,0.05118110236220473,,,73.04,55.04
2007-04-30,,0.0,,,84.91999999999999,53.96
2007-05-01,,0.0,,,66.92,53.96
2007-05-02,,0.0,,,69.98,51.98
2007-05-03,,0.0,,,59.0,51.08
2007-05-04,,0.0,,,60.980000000000004,48.92
2007-05-05,,0.0,,,66.02,50.0
2007-05-06,,0.0,,,57.92,48.02
2007-05-07,,0.0,,,53.96,35.96
2007-05-08,,0.0,,,57.92,46.04
2007-05-09,,0.0,,,68.0,53.96
2007-05-10,,0.011811023622047244,,,71.96,57.92
2007-05-11,,0.011811023622047244,,,73.04,57.02
2007-05-12,,0.2519685039370079,,,71.06,51.98
2007-05-13,,0.0984251968503937,,,62.959999999999994,53.06
2007-05-14,,0.0,,,60.980000000000004,51.08
2007-05-15,,0.0,,,68.0,55.94
2007-05-16,,0.46062992125984253,,,71.06,60.980000000000004
2007-05-17,,0.0,,,77.0,51.98
2007-05-18,,0.03149606299212599,,,53.96,48.92
2007-05-19,,0.03149606299212599,,,69.98,48.92
2007-05-20,,0.0,,,75.92,55.04
2007-05-21,,0.0,,,71.06,55.94
2007-05-22,,0.0,,,64.94,55.04
2007-05-23,,0.0,,,66.02,57.02
2007-05-24,,0.0,,,69.08,57.92
2007-05-25,,0.0,,,78.98,60.08
2007-05-26,,0.0,,,87.08000000000001,64.04
2007-05-27,,0.0,,,75.92,66.02
2007-05-28,,0.12992125984251968,,,86.0,64.94
2007-05-29,,0.0,,,71.06,62.959999999999994
2007-05-30,,0.0,,,71.96,62.059999999999995
2007-05-31,,0.0,,,78.98,64.04
2007-06-01,,0.0,,,71.96,64.94
2007-06-02,,0.0,,,71.06,62.959999999999994
2007-06-03,,1.0118110236220472,,,68.0,60.980000000000004
2007-06-04,,2.440944881889764,,,78.08,60.08
2007-06-05,,0.0,,,80.96,64.04
2007-06-06,,0.12992125984251968,,,71.96,60.08
2007-06-07,,0.0,,,71.96,60.08
2007-06-08,,0.0,,,80.06,64.94
2007-06-09,,0.0,,,80.06,62.959999999999994
2007-06-10,,0.0,,,68.0,62.959999999999994
2007-06-11,,0.0,,,77.0,62.959999999999994
2007-06-12,,0.14960629921259844,,,78.08,66.02
2007-06-13,,0.0,,,68.0,59.0
2007-06-14,,0.0,,,64.94,60.08
2007-06-15,,0.0,,,62.959999999999994,59.0
2007-06-16,,0.0,,,75.02,62.059999999999995
2007-06-17,,0.0,,,87.08000000000001,68.0
2007-06-18,,0.0,,,78.08,66.92
2007-06-19,,0.0,,,73.04,66.92
2007-06-20,,0.2204724409448819,,,78.08,69.08
2007-06-21,,0.0,,,82.04,64.04
2007-06-22,,0.0,,,75.92,64.04
2007-06-23,,0.0,,,78.98,60.08
2007-06-24,,0.0,,,73.94,62.059999999999995
2007-06-25,,0.1811023622047244,,,75.02,66.02
2007-06-26,,0.0,,,82.94,69.98
2007-06-27,,0.0,,,78.98,71.96
2007-06-28,,0.14173228346456693,,,84.91999999999999,71.96
2007-06-29,,0.14960629921259844,,,75.02,68.0
2007-06-30,,0.0,,,73.04,68.0
2007-07-01,,0.0,,,73.04,64.04
2007-07-02,,0.0,,,73.94,60.08
2007-07-03,,0.0,,,75.92,60.980000000000004
2007-07-04,,0.12992125984251968,,,71.96,62.059999999999995
2007-07-05,,0.11811023622047245,,,73.04,69.08
2007-07-06,,0.0,,,84.02,68.0
2007-07-07,,0.0,,,87.08000000000001,69.08
2007-07-08,,0.0,,,80.96,71.96
2007-07-09,,0.0,,,86.0,68.0
2007-07-10,,0.0,,,73.04,66.02
2007-07-11,,0.0,,,82.94,66.92
2007-07-12,,0.0,,,80.96,66.92
2007-07-13,,0.0,,,84.02,66.92
2007-07-14,,0.0,,,75.92,68.0
2007-07-15,,0.0,,,73.04,64.94
2007-07-16,,0.0,,,82.04,64.94
2007-07-17,,0.0,,,77.0,68.0
2007-07-18,,0.27165354330708663,,,77.0,69.98
2007-07-19,,0.0,,,87.08000000000001,69.08
2007-07-20,,0.0,,,80.96,69.08
2007-07-21,,0.0,,,75.02,62.959999999999994
2007-07-22,,0.0,,,73.94,64.94
2007-07-23,,0.2992125984251969,,,75.92,64.04
2007-07-24,,0.0,,,75.92,64.94
2007-07-25,,0.0,,,77.0,68.0
2007-07-26,,0.0,,,75.92,71.96
2007-07-27,,0.0,,,78.08,71.06
2007-07-28,,0.0,,,80.06,73.04
2007-07-29,,0.01968503937007874,,,78.98,73.04
2007-07-30,,1.7598425196850396,,,77.0,73.04
2007-07-31,,0.0,,,80.06,69.98
2007-08-01,,0.0,,,86.0,71.96
2007-08-02,,0.0,,,87.08000000000001,75.02
2007-08-03,,0.0,,,82.04,75.02
2007-08-04,,1.578740157480315,,,82.94,69.98
2007-08-05,,1.2283464566929134,,,77.0,71.06
2007-08-06,,0.11023622047244094,,,80.06,69.98
2007-08-07,,0.0,,,87.98,78.08
2007-08-08,,0.0,,,95.0,77.0
2007-08-09,,0.0984251968503937,,,87.08000000000001,75.02
2007-08-10,,0.0,,,84.91999999999999,64.04
2007-08-11,,0.0,,,71.06,60.980000000000004
2007-08-12,,0.0,,,82.94,68.0
2007-08-13,,0.0,,,87.98,73.04
2007-08-14,,0.0,,,77.0,66.02
2007-08-15,,0.0,,,80.96,73.04
2007-08-16,,0.07874015748031496,,,82.94,75.02
2007-08-17,,0.01968503937007874,,,84.02,75.02
2007-08-18,,0.0,,,78.08,64.94
2007-08-19,,0.3897637795275591,,,73.94,64.94
2007-08-20,,0.5905511811023623,,,69.08,64.04
2007-08-21,,1.0984251968503937,,,68.0,64.04
2007-08-22,,0.4488188976377953,,,66.02,64.04
2007-08-23,,0.011811023622047244,,,71.06,64.94
2007-08-24,,0.0,,,75.02,64.04
2007-08-25,,0.0,,,80.96,71.96
2007-08-26,,0.0,,,86.0,73.94
2007-08-27,,0.0,,,75.92,69.98
2007-08-28,,0.0,,,75.92,68.0
2007-08-29,,0.0,,,77.0,66.02
2007-08-30,,0.0,,,80.96,69.98
2007-08-31,,0.0,,,78.98,68.0
2007-09-01,,0.0,,,75.02,64.94
2007-09-02,,0.0,,,73.04,64.94
2007-09-03,,0.0,,,77.0,68.0
2007-09-04,,0.0,,,84.91999999999999,71.06
2007-09-05,,0.0,,,77.0,66.02
2007-09-06,,0.0,,,75.92,71.06
2007-09-07,,0.0,,,78.08,73.04
2007-09-08,,0.0,,,78.08,71.96
2007-09-09,,0.0,,,78.98,73.04
2007-09-10,,0.0,,,80.96,73.94
2007-09-11,,0.9488188976377954,,,84.02,71.06
2007-09-12,,0.0,,,77.0,66.92
2007-09-13,,0.0,,,73.94,64.04
2007-09-14,,0.0984251968503937,,,75.92,68.0
2007-09-15,,0.7992125984251969,,,69.98,59.0
2007-09-16,,0.0,,,66.92,51.98
2007-09-17,,0.0,,,66.92,53.96
2007-09-18,,0.0,,,64.94,59.0
2007-09-19,,0.0,,,66.92,57.02
2007-09-20,,0.0,,,75.02,57.92
2007-09-21,,0.0,,,75.02,64.04
2007-09-22,,0.0,,,75.92,69.98
2007-09-23,,0.0,,,78.98,66.92
2007-09-24,,0.0,,,71.96,60.08
2007-09-25,,0.0,,,75.02,64.04
2007-09-26,,0.0,,,77.0,69.08
2007-09-27,,0.0,,,75.02,71.06
2007-09-28,,0.0,,,78.08,66.02
2007-09-29,,0.0,,,71.06,57.92
2007-09-30,,0.0,,,71.96,57.92
2007-10-01,,0.0,,,68.0,64.94
2007-10-02,,0.0,,,71.06,60.08
2007-10-03,,0.0,,,73.04,68.0
2007-10-04,,0.0,,,71.96,66.92
2007-10-05,,0.0,,,73.04,66.92
2007-10-06,,0.0,,,77.0,68.0
2007-10-07,,0.0,,,84.02,68.0
2007-10-08,,0.0,,,84.02,68.0
2007-10-09,,1.3818897637795278,,,80.96,64.04
2007-10-10,,0.03937007874015748,,,73.04,64.94
2007-10-11,,0.6614173228346457,,,69.08,55.04
2007-10-12,,0.0,,,62.959999999999994,51.98
2007-10-13,,0.0,,,62.959999999999994,48.02
2007-10-14,,0.0,,,66.02,51.08
2007-10-15,,0.0,,,64.94,53.96
2007-10-16,,0.0,,,66.02,57.92
2007-10-17,,0.0,,,71.06,64.94
2007-10-18,,0.0,,,73.04,66.92
2007-10-19,,1.5000000000000002,,,71.96,69.98
2007-10-20,,0.03149606299212599,,,71.96,60.980000000000004
2007-10-21,,0.0,,,75.92,57.92
2007-10-22,,0.0,,,71.96,66.02
2007-10-23,,0.0,,,73.94,68.0
2007-10-24,,1.5118110236220472,,,71.96,59.0
2007-10-25,,0.0984251968503937,,,62.059999999999995,55.94
2007-10-26,,0.2519685039370079,,,66.02,57.02
2007-10-27,,0.2283464566929134,,,69.98,57.92
2007-10-28,,0.0,,,57.02,46.04
2007-10-29,,0.0,,,55.04,41.0
2007-10-30,,0.0,,,62.959999999999994,46.04
2007-10-31,,0.0,,,62.959999999999994,51.08
2007-11-01,,0.0,,,69.98,51.08
2007-11-02,,0.0,,,55.94,44.96
2007-11-03,,0.05905511811023623,,,55.04,46.04
2007-11-04,,0.0,,,57.92,44.96
2007-11-05,,0.0,,,60.08,42.08
2007-11-06,,0.3897637795275591,,,60.980000000000004,42.08
2007-11-07,,0.0,,,51.08,39.02
2007-11-08,,0.0,,,46.04,35.96
2007-11-09,,0.0,,,46.04,39.02
2007-11-10,,0.07874015748031496,,,44.96,39.92
2007-11-11,,0.0,,,48.92,35.96
2007-11-12,,0.07086614173228346,,,55.04,44.96
2007-11-13,,0.14173228346456693,,,60.08,48.02
2007-11-14,,0.0,,,60.08,46.04
2007-11-15,,0.14960629921259844,,,60.980000000000004,42.08
2007-11-16,,0.0,,,46.94,37.94
2007-11-17,,0.0,,,48.02,35.96
2007-11-18,,0.6889763779527559,,,51.08,46.04
2007-11-19,,0.01968503937007874,,,50.0,46.94
2007-11-20,,0.0,,,53.06,46.94
2007-11-21,,0.0,,,59.0,50.0
2007-11-22,,0.0,,,62.059999999999995,42.980000000000004
2007-11-23,,0.0,,,42.980000000000004,33.08
2007-11-24,,0.0,,,41.0,28.94
2007-11-25,,0.0,,,51.08,37.94
2007-11-26,,0.24015748031496062,,,59.0,46.04
2007-11-27,,0.14960629921259844,,,60.980000000000004,44.06
2007-11-28,,0.0,,,46.04,37.04
2007-11-29,,0.0,,,55.04,42.980000000000004
2007-11-30,,0.0,,,44.06,35.06
2007-12-01,,0.0,,,39.02,30.92
2007-12-02,,0.8110236220472442,,,51.08,28.04
2007-12-03,,0.4488188976377953,,,51.98,35.06
2007-12-04,,0.0,,,37.04,30.02
2007-12-05,,0.14960629921259844,,,33.98,28.94
2007-12-06,,0.0,,,33.08,21.92
2007-12-07,,0.05118110236220473,,,39.92,26.96
2007-12-08,,0.2795275590551181,,,48.02,37.04
2007-12-09,,0.05905511811023623,,,48.02,37.94
2007-12-10,,0.11023622047244094,,,51.98,42.08
2007-12-11,,0.03149606299212599,,,50.0,42.08
2007-12-12,,0.0,,,57.92,37.04
2007-12-13,,0.07086614173228346,,,46.04,33.98
2007-12-14,,0.0,,,44.96,33.98
2007-12-15,,0.03937007874015748,,,44.06,30.92
2007-12-16,,2.0393700787401574,,,51.98,33.98
2007-12-17,,0.0,,,37.04,30.02
2007-12-18,,0.0,,,39.02,28.94
2007-12-19,,0.0,,,44.06,35.06
2007-12-20,,0.0,,,44.96,33.08
2007-12-21,,0.01968503937007874,,,44.06,33.98
2007-12-22,,0.0,,,48.02,42.08
2007-12-23,,0.9212598425196851,,,57.02,46.94
2007-12-24,,0.0,,,53.06,37.94
2007-12-25,,0.0,,,48.02,37.04
2007-12-26,,0.421259842519685,,,42.08,33.98
2007-12-27,,0.0,,,44.06,37.04
2007-12-28,,0.05118110236220473,,,50.0,37.94
2007-12-29,,0.7716535433070867,,,55.04,41.0
2007-12-30,,0.5787401574803149,,,46.04,39.02
2007-12-31,,0.0905511811023622,,,48.02,37.04
2008-01-01,,0.0,,,53.96,37.04
2008-01-02,,0.0,,,37.04,19.939999999999998
2008-01-03,,0.0,,,24.08,19.04
2008-01-04,,0.0,,,37.94,19.04
2008-01-05,,0.0,,,42.08,35.06
2008-01-06,,0.011811023622047244,,,50.0,39.92
2008-01-07,,0.0,,,55.04,46.04
2008-01-08,,0.0,,,53.96,46.94
2008-01-09,,0.05118110236220473,,,64.94,48.02
2008-01-10,,0.2519685039370079,,,48.92,41.0
2008-01-11,,0.1889763779527559,,,55.04,42.980000000000004
2008-01-12,,0.0,,,50.0,39.92
2008-01-13,,0.4015748031496063,,,44.96,37.94
2008-01-14,,0.05118110236220473,,,42.08,35.06
2008-01-15,,0.0,,,37.04,30.02
2008-01-16,,0.0,,,39.92,30.02
2008-01-17,,0.5,,,44.96,30.92
2008-01-18,,0.0,,,51.08,39.02
2008-01-19,,0.0,,,39.02,33.98
2008-01-20,,0.0,,,35.06,17.06
2008-01-21,,0.0,,,28.04,15.979999999999997
2008-01-22,,0.16141732283464566,,,42.08,26.060000000000002
2008-01-23,,0.0,,,42.08,33.08
2008-01-24,,0.05118110236220473,,,33.08,26.060000000000002
2008-01-25,,0.0,,,33.08,21.02
2008-01-26,,0.0,,,33.98,24.08
2008-01-27,,0.0,,,37.04,30.02
2008-01-28,,0.0,,,42.08,28.04
2008-01-29,,0.0,,,44.06,30.02
2008-01-30,,0.011811023622047244,,,53.96,33.98
2008-01-31,,0.0,,,37.94,28.04
2008-02-01,,1.7401574803149609,,,53.96,37.04
2008-02-02,,0.0,,,48.02,35.96
2008-02-03,,0.0,,,44.96,35.06
2008-02-04,,0.0,,,46.04,37.94
2008-02-05,,0.0,,,62.059999999999995,44.06
2008-02-06,,0.011811023622047244,,,64.94,46.94
2008-02-07,,0.0,,,55.94,39.92
2008-02-08,,0.0,,,44.96,37.04
2008-02-09,,0.01968503937007874,,,46.94,35.96
2008-02-10,,0.0,,,48.02,19.04
2008-02-11,,0.0,,,23.0,12.920000000000002
2008-02-12,,0.5196850393700787,,,48.02,19.939999999999998
2008-02-13,,1.8818897637795275,,,57.02,37.04
2008-02-14,,0.05118110236220473,,,42.08,28.94
2008-02-15,,0.0,,,55.04,33.98
2008-02-16,,0.0,,,41.0,28.94
2008-02-17,,0.03937007874015748,,,51.98,33.98
2008-02-18,,0.27165354330708663,,,59.0,41.0
2008-02-19,,0.0,,,44.96,30.92
2008-02-20,,0.0984251968503937,,,35.96,26.96
2008-02-21,,0.0,,,35.06,21.92
2008-02-22,,0.5708661417322834,,,37.94,28.94
2008-02-23,,0.0,,,35.06,32.0
2008-02-24,,0.0,,,41.0,26.96
2008-02-25,,0.0,,,48.02,35.06
2008-02-26,,0.011811023622047244,,,50.0,39.02
2008-02-27,,0.0,,,48.02,28.94
2008-02-28,,0.0,,,30.02,21.02
2008-02-29,,0.011811023622047244,,,42.08,23.0
2008-03-01,,0.01968503937007874,,,44.96,35.06
2008-03-02,,0.0,,,44.96,30.02
2008-03-03,,0.0,,,48.92,37.94
2008-03-04,,0.0,,,55.94,46.04
2008-03-05,,0.4015748031496063,,,55.04,39.02
2008-03-06,,0.0,,,42.980000000000004,35.06
2008-03-07,,1.0984251968503937,,,55.94,39.02
2008-03-08,,0.20866141732283466,,,57.92,37.94
2008-03-09,,0.0,,,42.08,30.92
2008-03-10,,0.0,,,46.04,30.02
2008-03-11,,0.0,,,48.02,39.02
2008-03-12,,0.0,,,50.0,39.02
2008-03-13,,0.0,,,46.04,33.98
2008-03-14,,0.0,,,51.08,41.0
2008-03-15,,0.011811023622047244,,,55.04,42.980000000000004
2008-03-16,,0.05905511811023623,,,48.02,39.02
2008-03-17,,0.0,,,48.92,33.08
2008-03-18,,0.03149606299212599,,,42.980000000000004,39.92
2008-03-19,,0.1889763779527559,,,55.04,42.08
2008-03-20,,0.07874015748031496,,,57.92,37.94
2008-03-21,,0.0,,,48.92,35.96
2008-03-22,,0.0,,,44.06,39.02
2008-03-23,,0.0,,,42.08,32.0
2008-03-24,,0.0,,,44.06,32.0
2008-03-25,,0.0,,,44.06,33.08
2008-03-26,,0.0,,,62.059999999999995,44.96
2008-03-27,,0.0,,,48.92,44.96
2008-03-28,,0.0,,,73.94,44.96
2008-03-29,,0.0,,,50.0,33.98
2008-03-30,,0.0,,,42.08,33.08
2008-03-31,,0.011811023622047244,,,50.0,41.0
2008-04-01,,0.11023622047244094,,,53.96,48.92
2008-04-02,,0.0,,,60.980000000000004,44.06
2008-04-03,,0.31102362204724415,,,44.96,41.0
2008-04-04,,0.8385826771653544,,,55.04,44.06
2008-04-05,,0.0,,,64.94,48.92
2008-04-06,,0.33858267716535434,,,50.0,42.980000000000004
2008-04-07,,0.011811023622047244,,,44.06,42.08
2008-04-08,,0.12992125984251968,,,44.96,42.08
2008-04-09,,0.2283464566929134,,,46.94,42.08
2008-04-10,,0.011811023622047244,,,55.04,46.94
2008-04-11,,0.01968503937007874,,,51.98,46.94
2008-04-12,,0.3188976377952756,,,62.959999999999994,50.0
2008-04-13,,0.0,,,59.0,46.04
2008-04-14,,0.0,,,46.94,39.92
2008-04-15,,0.0,,,51.08,39.92
2008-04-16,,0.0,,,53.06,41.0
2008-04-17,,0.0,,,60.08,39.92
2008-04-18,,0.0,,,60.08,48.02
2008-04-19,,0.0,,,59.0,51.08
2008-04-20,,0.07086614173228346,,,59.0,53.06
2008-04-21,,0.0,,,53.96,51.98
2008-04-22,,0.0,,,55.94,51.08
2008-04-23,,0.0,,,59.0,53.06
2008-04-24,,0.0,,,77.0,55.94
2008-04-25,,0.0,,,59.0,55.04
2008-04-26,,0.11811023622047245,,,60.08,53.06
2008-04-27,,0.05905511811023623,,,53.06,48.02
2008-04-28,,0.7598425196850395,,,59.0,48.92
2008-04-29,,0.0905511811023622,,,59.0,50.0
2008-04-30,,0.0,,,59.0,44.06
2008-05-01,,0.0,,,55.94,50.0
2008-05-02,,0.0,,,69.08,51.08
2008-05-03,,0.0,,,57.02,51.08
2008-05-04,,0.011811023622047244,,,64.04,51.08
2008-05-05,,0.0,,,57.92,50.0
2008-05-06,,0.0,,,75.02,53.06
2008-05-07,,0.0,,,73.04,57.92
2008-05-08,,0.0,,,75.92,60.980000000000004
2008-05-09,,1.1181102362204725,,,62.059999999999995,50.0
2008-05-10,,0.0,,,57.92,48.02
2008-05-11,,0.03937007874015748,,,57.02,51.08
2008-05-12,,2.279527559055118,,,51.98,44.96
2008-05-13,,0.0,,,60.980000000000004,48.02
2008-05-14,,0.0,,,64.94,48.92
2008-05-15,,0.0,,,71.96,55.04
2008-05-16,,0.5393700787401575,,,60.08,51.98
2008-05-17,,0.0,,,71.96,50.0
2008-05-18,,0.07086614173228346,,,66.02,55.94
2008-05-19,,0.0,,,60.980000000000004,51.08
2008-05-20,,0.4881889763779528,,,57.02,50.0
2008-05-21,,0.03149606299212599,,,66.02,48.92
2008-05-22,,0.011811023622047244,,,62.959999999999994,51.08
2008-05-23,,0.0,,,69.08,50.0
2008-05-24,,0.0,,,66.92,55.04
2008-05-25,,0.0,,,69.98,53.96
2008-05-26,,0.0,,,66.02,57.92
2008-05-27,,0.011811023622047244,,,73.04,60.980000000000004
2008-05-28,,0.0,,,64.94,53.96
2008-05-29,,0.0,,,66.92,51.98
2008-05-30,,0.0,,,71.96,59.0
2008-05-31,,0.5984251968503937,,,66.92,60.980000000000004
2008-06-01,,0.0,,,84.02,64.04
2008-06-02,,0.0,,,77.0,60.08
2008-06-03,,0.011811023622047244,,,77.0,62.959999999999994
2008-06-04,,0.6496062992125985,,,69.98,62.059999999999995
2008-06-05,,0.0,,,68.0,60.980000000000004
2008-06-06,,0.0,,,68.0,60.08
2008-06-07,,0.0,,,80.06,62.059999999999995
2008-06-08,,0.0,,,93.91999999999999,75.02
2008-06-09,,0.0,,,96.08000000000001,77.0
2008-06-10,,0.0,,,87.98,77.0
2008-06-11,,0.0,,,82.04,73.04
2008-06-12,,0.0,,,78.98,71.06
2008-06-13,,0.0,,,75.02,66.92
2008-06-14,,0.0,,,78.98,69.08
2008-06-15,,0.0,,,78.98,66.02
2008-06-16,,0.07874015748031496,,,78.98,66.92
2008-06-17,,0.011811023622047244,,,80.06,62.959999999999994
2008-06-18,,0.11811023622047245,,,73.94,60.980000000000004
2008-06-19,,0.0,,,75.92,60.08
2008-06-20,,0.0,,,77.0,64.04
2008-06-21,,0.0,,,78.08,68.0
2008-06-22,,0.0,,,75.92,69.08
2008-06-23,,0.0,,,77.0,69.08
2008-06-24,,0.0,,,82.94,64.94
2008-06-25,,0.0,,,80.96,66.92
2008-06-26,,0.0,,,89.06,68.0
2008-06-27,,0.12992125984251968,,,89.96000000000001,69.98
2008-06-28,,0.0,,,82.94,71.06
2008-06-29,,0.0984251968503937,,,80.96,71.96
2008-06-30,,0.03149606299212599,,,80.96,69.08
2008-07-01,,0.0,,,84.02,68.0
2008-07-02,,0.0,,,82.94,69.08
2008-07-03,,0.0,,,78.98,68.0
2008-07-04,,0.38188976377952755,,,80.96,66.92
2008-07-05,,0.05905511811023623,,,78.98,66.02
2008-07-06,,0.2204724409448819,,,77.0,66.02
2008-07-07,,0.0,,,78.98,69.08
2008-07-08,,0.0,,,78.08,66.92
2008-07-09,,0.07874015748031496,,,78.98,64.94
2008-07-10,,0.0,,,84.02,68.0
2008-07-11,,0.0,,,78.98,68.0
2008-07-12,,0.0,,,80.06,68.0
2008-07-13,,0.0,,,78.98,71.06
2008-07-14,,0.0,,,80.06,69.98
2008-07-15,,0.0,,,84.91999999999999,69.98
2008-07-16,,0.0,,,84.02,69.08
2008-07-17,,0.0,,,84.02,71.96
2008-07-18,,0.0,,,87.08000000000001,73.04
2008-07-19,,0.0,,,82.94,71.06
2008-07-20,,0.011811023622047244,,,80.06,69.08
2008-07-21,,0.0,,,87.08000000000001,73.04
2008-07-22,,0.0,,,91.94,75.92
2008-07-23,,0.0,,,82.04,66.92
2008-07-24,,1.188976377952756,,,80.96,68.0
2008-07-25,,0.0,,,82.94,64.94
2008-07-26,,0.0,,,80.06,69.98
2008-07-27,,0.7204724409448819,,,75.92,66.02
2008-07-28,,0.0,,,84.02,64.94
2008-07-29,,0.0,,,86.0,69.08
2008-07-30,,0.0,,,82.04,71.06
2008-07-31,,0.0,,,86.0,73.94
2008-08-01,,0.0,,,91.03999999999999,73.04
2008-08-02,,0.5,,,80.06,69.98
2008-08-03,,0.0,,,84.91999999999999,68.0
2008-08-04,,0.0,,,87.08000000000001,68.0
2008-08-05,,0.0,,,86.0,71.06
2008-08-06,,0.0,,,89.06,75.92
2008-08-07,,0.0,,,87.08000000000001,71.96
2008-08-08,,0.0,,,82.94,66.92
2008-08-09,,0.0,,,82.04,64.04
2008-08-10,,1.1692913385826773,,,78.98,62.059999999999995
2008-08-11,,0.0,,,77.0,62.959999999999994
2008-08-12,,0.0,,,80.96,60.980000000000004
2008-08-13,,0.0,,,78.08,69.08
2008-08-14,,0.0,,,82.04,69.08
2008-08-15,,0.07874015748031496,,,80.96,69.98
2008-08-16,,0.0,,,84.02,66.02
2008-08-17,,0.0,,,86.0,66.92
2008-08-18,,0.0,,,82.94,71.06
2008-08-19,,0.0,,,89.96000000000001,64.94
2008-08-20,,0.0,,,71.96,60.08
2008-08-21,,0.0,,,75.02,64.04
2008-08-22,,0.0,,,73.94,66.02
2008-08-23,,0.0,,,78.08,69.08
2008-08-24,,0.0,,,77.0,69.98
2008-08-25,,0.33858267716535434,,,78.98,69.08
2008-08-26,,0.0,,,73.94,62.959999999999994
2008-08-27,,0.0,,,71.96,64.04
2008-08-28,,0.0,,,75.02,69.08
2008-08-29,,0.0,,,75.02,71.06
2008-08-30,,0.0,,,82.04,73.04
2008-08-31,,0.0,,,80.96,68.0
2008-09-01,,0.0,,,78.08,66.02
2008-09-02,,0.0,,,80.96,66.02
2008-09-03,,0.0,,,75.92,71.96
2008-09-04,,0.0,,,82.04,73.04
2008-09-05,,1.1692913385826773,,,82.04,73.94
2008-09-06,,1.141732283464567,,,80.06,71.96
2008-09-07,,0.0,,,82.04,69.08
2008-09-08,,0.0,,,80.06,69.08
2008-09-09,,0.8818897637795275,,,78.08,68.0
2008-09-10,,0.01968503937007874,,,71.96,64.04
2008-09-11,,0.0,,,71.96,66.92
2008-09-12,,0.16929133858267717,,,73.94,68.0
2008-09-13,,0.03149606299212599,,,82.94,69.98
2008-09-14,,0.0,,,82.04,73.04
2008-09-15,,0.0,,,84.91999999999999,68.0
2008-09-16,,0.0,,,71.96,62.059999999999995
2008-09-17,,0.0,,,71.96,57.92
2008-09-18,,0.0,,,75.92,60.08
2008-09-19,,0.0,,,68.0,59.0
2008-09-20,,0.0,,,68.0,57.02
2008-09-21,,0.0,,,73.04,57.02
2008-09-22,,0.0,,,69.08,60.980000000000004
2008-09-23,,0.0,,,66.92,60.08
2008-09-24,,0.0,,,66.92,57.02
2008-09-25,,0.5393700787401575,,,66.02,60.980000000000004
2008-09-26,,0.8110236220472442,,,71.06,62.959999999999994
2008-09-27,,0.03149606299212599,,,73.04,66.92
2008-09-28,,0.46850393700787407,,,73.04,66.92
2008-09-29,,0.0,,,77.0,64.94
2008-09-30,,0.0,,,73.04,57.02
2008-10-01,,0.27165354330708663,,,69.98,59.0
2008-10-02,,0.0,,,64.94,53.96
2008-10-03,,0.0,,,71.06,55.04
2008-10-04,,0.0,,,66.92,53.96
2008-10-05,,0.0,,,75.02,60.980000000000004
2008-10-06,,0.0,,,64.94,51.98
2008-10-07,,0.0,,,66.92,46.04
2008-10-08,,0.0,,,66.92,51.98
2008-10-09,,0.16929133858267717,,,75.02,64.04
2008-10-10,,0.0,,,71.96,59.0
2008-10-11,,0.0,,,68.0,55.94
2008-10-12,,0.0,,,69.08,55.04
2008-10-13,,0.0,,,78.08,59.0
2008-10-14,,0.0,,,69.98,62.959999999999994
2008-10-15,,0.0,,,73.04,64.04
2008-10-16,,0.0,,,78.98,57.92
2008-10-17,,0.0,,,62.959999999999994,51.98
2008-10-18,,0.0,,,59.0,48.92
2008-10-19,,0.0,,,53.96,44.06
2008-10-20,,0.0,,,62.959999999999994,39.02
2008-10-21,,0.0,,,68.0,48.92
2008-10-22,,0.0,,,57.02,42.08
2008-10-23,,0.0,,,51.98,41.0
2008-10-24,,0.0,,,62.059999999999995,42.08
2008-10-25,,0.751968503937008,,,66.92,53.96
2008-10-26,,0.0,,,64.04,50.0
2008-10-27,,0.0,,,64.94,42.08
2008-10-28,,0.2204724409448819,,,48.92,41.0
2008-10-29,,0.0,,,48.92,37.94
2008-10-30,,0.0,,,51.08,35.96
2008-10-31,,0.0,,,62.059999999999995,42.08
2008-11-01,,0.0,,,71.06,48.02
2008-11-02,,0.0,,,57.02,48.02
2008-11-03,,0.0,,,64.04,44.96
2008-11-04,,0.03937007874015748,,,60.08,51.98
2008-11-05,,1.8700787401574803,,,60.08,55.04
2008-11-06,,0.4488188976377953,,,60.08,57.02
2008-11-07,,0.011811023622047244,,,60.980000000000004,55.94
2008-11-08,,0.05905511811023623,,,60.08,50.0
2008-11-09,,0.0,,,59.0,48.02
2008-11-10,,0.0,,,53.06,37.94
2008-11-11,,0.0,,,51.08,35.96
2008-11-12,,0.0,,,53.06,42.08
2008-11-13,,1.2716535433070866,,,60.08,46.04
2008-11-14,,0.01968503937007874,,,62.059999999999995,57.02
2008-11-15,,1.220472440944882,,,64.94,57.02
2008-11-16,,0.07874015748031496,,,60.980000000000004,41.0
2008-11-17,,0.0,,,48.02,39.02
2008-11-18,,0.0,,,44.06,30.92
2008-11-19,,0.0,,,37.04,28.94
2008-11-20,,0.0,,,42.980000000000004,33.08
2008-11-21,,0.0,,,39.92,30.02
2008-11-22,,0.0,,,35.06,28.04
2008-11-23,,0.0,,,41.0,28.04
2008-11-24,,0.2519685039370079,,,53.06,33.98
2008-11-25,,0.7716535433070867,,,51.08,37.04
2008-11-26,,0.0,,,48.02,35.06
2008-11-27,,0.0,,,46.94,33.98
2008-11-28,,0.0,,,51.98,37.94
2008-11-29,,0.0,,,51.08,33.08
2008-11-30,,1.110236220472441,,,57.92,37.94
2008-12-01,,0.0,,,57.02,44.06
2008-12-02,,0.0,,,46.94,35.96
2008-12-03,,0.0,,,46.94,33.08
2008-12-04,,0.011811023622047244,,,51.98,41.0
2008-12-05,,0.01968503937007874,,,44.96,32.0
2008-12-06,,0.12992125984251968,,,41.0,28.04
2008-12-07,,0.01968503937007874,,,39.02,26.060000000000002
2008-12-08,,0.0,,,33.98,23.0
2008-12-09,,0.0,,,53.96,30.02
2008-12-10,,0.3582677165354331,,,59.0,46.94
2008-12-11,,4.118110236220472,,,60.980000000000004,42.980000000000004
2008-12-12,,0.7007874015748032,,,60.980000000000004,33.98
2008-12-13,,0.0,,,37.94,32.0
2008-12-14,,0.0,,,53.06,32.0
2008-12-15,,0.0,,,57.02,51.08
2008-12-16,,0.610236220472441,,,55.04,37.04
2008-12-17,,0.38188976377952755,,,46.94,39.02
2008-12-18,,0.0,,,48.02,35.06
2008-12-19,,0.5393700787401575,,,51.08,37.94
2008-12-20,,0.0,,,42.08,28.94
2008-12-21,,0.5787401574803149,,,39.92,30.02
2008-12-22,,0.0,,,33.98,19.04
2008-12-23,,0.0,,,41.0,19.939999999999998
2008-12-24,,0.0,,,53.06,37.04
2008-12-25,,0.07874015748031496,,,57.92,32.0
2008-12-26,,0.0,,,46.04,30.92
2008-12-27,,0.0,,,53.06,44.06
2008-12-28,,0.011811023622047244,,,64.94,48.02
2008-12-29,,0.0,,,53.96,39.02
2008-12-30,,0.0,,,48.02,37.04
2008-12-31,,0.0,,,50.0,24.98
2009-01-01,,0.0,,,30.92,21.92
2009-01-02,,0.0,,,39.02,26.96
2009-01-03,,0.0,,,41.0,32.0
2009-01-04,,0.0,,,46.04,28.04
2009-01-05,,0.0,,,48.02,39.92
2009-01-06,,0.3503937007874016,,,42.980000000000004,35.96
2009-01-07,,0.9606299212598425,,,48.92,37.94
2009-01-08,,0.0,,,42.980000000000004,30.92
2009-01-09,,0.0,,,37.04,30.02
2009-01-10,,0.03149606299212599,,,48.02,30.02
2009-01-11,,0.2992125984251969,,,48.92,28.04
2009-01-12,,0.0,,,37.04,24.98
2009-01-13,,0.0,,,42.980000000000004,32.0
2009-01-14,,0.0,,,37.04,24.08
2009-01-15,,0.0,,,32.0,17.96
2009-01-16,,0.0,,,21.02,12.020000000000003
2009-01-17,,0.0,,,32.0,10.04
2009-01-18,,,,,37.94,26.060000000000002
2009-01-19,,,,,35.06,26.060000000000002
2009-01-20,,0.0,,,32.0,21.02
2009-01-21,,0.0,,,28.94,19.939999999999998
2009-01-22,,0.0,,,41.0,24.08
2009-01-23,,0.0,,,42.980000000000004,32.0
2009-01-24,,0.0,,,48.02,24.08
2009-01-25,,0.0,,,33.08,19.939999999999998
2009-01-26,,0.0,,,33.98,24.08
2009-01-27,,,,,32.0,26.96
2009-01-28,,0.9409448818897638,,,48.02,30.02
2009-01-29,,0.0,,,39.92,28.04
2009-01-30,,0.0,,,37.94,28.04
2009-01-31,,0.0,,,33.98,23.0
2009-02-01,,0.0,,,48.02,32.0
2009-02-02,,0.0,,,48.02,37.94
2009-02-03,,0.1811023622047244,,,39.92,30.02
2009-02-04,,0.05118110236220473,,,32.0,21.92
2009-02-05,,0.0,,,24.98,17.06
2009-02-06,,0.0,,,35.96,17.96
2009-02-07,,0.0,,,48.92,32.0
2009-02-08,,0.0,,,64.94,39.02
2009-02-09,,0.0,,,46.94,33.08
2009-02-10,,0.0,,,48.92,39.02
2009-02-11,,0.0,,,53.96,42.08
2009-02-12,,0.011811023622047244,,,57.92,44.06
2009-02-13,,0.0,,,46.94,35.96
2009-02-14,,0.01968503937007874,,,44.06,32.0
2009-02-15,,0.0,,,44.06,30.92
2009-02-16,,0.0,,,37.94,28.94
2009-02-17,,0.0,,,37.94,26.96
2009-02-18,,0.14960629921259844,,,44.06,33.08
2009-02-19,,0.0,,,48.02,28.94
2009-02-20,,0.0,,,35.06,26.060000000000002
2009-02-21,,0.0,,,44.06,28.04
2009-02-22,,0.0905511811023622,,,46.94,30.92
2009-02-23,,0.0,,,37.04,28.04
2009-02-24,,0.0,,,37.94,23.0
2009-02-25,,0.0,,,39.02,24.98
2009-02-26,,0.0,,,46.94,37.04
2009-02-27,,0.03149606299212599,,,50.0,42.980000000000004
2009-02-28,,0.05118110236220473,,,51.98,35.96
2009-03-01,,0.5590551181102362,,,37.94,32.0
2009-03-02,,,,,33.08,19.04
2009-03-03,,0.0,,,28.04,15.079999999999998
2009-03-04,,,,,35.06,17.96
2009-03-05,,,,,42.08,28.04
2009-03-06,,0.0,,,48.92,39.02
2009-03-07,,0.0,,,69.08,44.96
2009-03-08,,0.0,,,73.04,42.980000000000004
2009-03-09,,0.0,,,60.980000000000004,39.02
2009-03-10,,0.0,,,44.06,37.94
2009-03-11,,0.0,,,62.059999999999995,41.0
2009-03-12,,0.0,,,53.06,37.04
2009-03-13,,0.0,,,39.02,33.08
2009-03-14,,0.011811023622047244,,,42.08,33.98
2009-03-15,,0.0905511811023622,,,42.08,37.94
2009-03-16,,0.0,,,46.94,39.92
2009-03-17,,0.011811023622047244,,,44.96,39.02
2009-03-18,,0.0,,,50.0,37.94
2009-03-19,,0.0905511811023622,,,57.92,41.0
2009-03-20,,0.05118110236220473,,,42.980000000000004,33.98
2009-03-21,,0.0,,,42.08,32.0
2009-03-22,,0.0,,,50.0,35.06
2009-03-23,,0.0,,,46.04,32.0
2009-03-24,,0.0,,,48.92,28.94
2009-03-25,,0.0,,,46.94,33.08
2009-03-26,,0.5,,,53.96,41.0
2009-03-27,,0.0,,,55.94,44.96
2009-03-28,,0.4015748031496063,,,48.92,44.06
2009-03-29,,0.5787401574803149,,,57.02,44.06
2009-03-30,,0.0,,,53.06,41.0
2009-03-31,,0.0,,,50.0,37.94
2009-04-01,,0.05118110236220473,,,51.98,42.980000000000004
2009-04-02,,0.27165354330708663,,,53.06,46.04
2009-04-03,,0.33858267716535434,,,64.94,48.02
2009-04-04,,0.0,,,62.059999999999995,50.0
2009-04-05,,0.0,,,66.02,46.04
2009-04-06,,0.909448818897638,,,57.02,46.94
2009-04-07,,0.0,,,51.98,39.02
2009-04-08,,0.0,,,51.98,37.04
2009-04-09,,0.0,,,57.02,44.06
2009-04-10,,0.0,,,55.04,48.02
2009-04-11,,1.220472440944882,,,53.96,41.0
2009-04-12,,0.0,,,51.08,37.04
2009-04-13,,0.07086614173228346,,,57.02,35.06
2009-04-14,,2.488188976377953,,,48.02,42.980000000000004
2009-04-15,,1.2519685039370079,,,46.94,41.0
2009-04-16,,0.0,,,51.98,39.02
2009-04-17,,0.0,,,57.92,39.92
2009-04-18,,0.0,,,77.0,50.0
2009-04-19,,0.0,,,60.08,46.94
2009-04-20,,1.4881889763779528,,,59.0,46.04
2009-04-21,,0.05905511811023623,,,62.959999999999994,48.02
2009-04-22,,0.24015748031496062,,,53.96,46.04
2009-04-23,,0.0,,,60.08,46.04
2009-04-24,,0.0,,,62.059999999999995,46.04
2009-04-25,,0.0,,,75.02,53.06
2009-04-26,,0.0,,,82.94,66.92
2009-04-27,,0.0,,,77.0,66.02
2009-04-28,,0.0,,,78.98,62.059999999999995
2009-04-29,,0.03149606299212599,,,71.06,48.02
2009-04-30,,0.011811023622047244,,,55.04,46.94
2009-05-01,,0.1889763779527559,,,62.059999999999995,50.0
2009-05-02,,0.011811023622047244,,,69.08,53.06
2009-05-03,,0.27165354330708663,,,55.04,48.92
2009-05-04,,0.8503937007874017,,,51.98,50.0
2009-05-05,,0.610236220472441,,,57.02,50.0
2009-05-06,,0.0984251968503937,,,59.0,50.0
2009-05-07,,0.24015748031496062,,,64.04,55.94
2009-05-08,,0.0,,,71.96,57.02
2009-05-09,,0.03149606299212599,,,80.06,57.92
2009-05-10,,0.0,,,75.92,57.92
2009-05-11,,0.0,,,60.980000000000004,51.98
2009-05-12,,0.0,,,64.94,53.06
2009-05-13,,0.0,,,60.08,51.08
2009-05-14,,0.01968503937007874,,,64.94,57.02
2009-05-15,,0.07874015748031496,,,75.02,57.92
2009-05-16,,0.0,,,64.94,57.92
2009-05-17,,0.33858267716535434,,,66.92,53.06
2009-05-18,,0.0,,,57.92,51.08
2009-05-19,,0.0,,,60.08,46.04
2009-05-20,,0.0,,,68.0,51.08
2009-05-21,,0.0,,,68.0,55.04
2009-05-22,,0.0,,,71.06,59.0
2009-05-23,,0.0,,,71.96,62.059999999999995
2009-05-24,,0.0,,,69.98,60.980000000000004
2009-05-25,,0.0,,,75.92,60.08
2009-05-26,,0.2204724409448819,,,64.04,53.06
2009-05-27,,0.03937007874015748,,,68.0,53.96
2009-05-28,,0.05905511811023623,,,64.94,55.04
2009-05-29,,0.11023622047244094,,,68.0,55.94
2009-05-30,,0.0,,,78.08,60.08
2009-05-31,,0.05118110236220473,,,77.0,59.0
2009-06-01,,0.0,,,66.02,55.94
2009-06-02,,0.6811023622047244,,,82.04,60.08
2009-06-03,,0.2519685039370079,,,71.96,60.08
2009-06-04,,0.3188976377952756,,,62.959999999999994,57.02
2009-06-05,,0.1811023622047244,,,60.980000000000004,57.02
2009-06-06,,0.0,,,71.96,57.02
2009-06-07,,0.0,,,73.04,60.980000000000004
2009-06-08,,0.0,,,71.06,60.08
2009-06-09,,1.2519685039370079,,,69.08,64.04
2009-06-10,,0.0,,,69.08,62.059999999999995
2009-06-11,,0.0,,,69.98,60.980000000000004
2009-06-12,,0.0984251968503937,,,80.06,66.92
2009-06-13,,0.0,,,73.04,62.959999999999994
2009-06-14,,0.0,,,71.06,62.059999999999995
2009-06-15,,0.0,,,66.92,60.980000000000004
2009-06-16,,0.0905511811023622,,,64.04,59.0
2009-06-17,,0.03149606299212599,,,66.02,60.08
2009-06-18,,1.1496062992125984,,,69.98,62.959999999999994
2009-06-19,,0.0,,,80.06,66.02
2009-06-20,,0.4409448818897638,,,73.94,66.02
2009-06-21,,0.4488188976377953,,,75.92,64.94
2009-06-22,,0.011811023622047244,,,75.92,66.02
2009-06-23,,0.2992125984251969,,,78.08,66.02
2009-06-24,,0.07874015748031496,,,73.04,64.94
2009-06-25,,0.0,,,71.96,66.02
2009-06-26,,0.0,,,80.96,68.0
2009-06-27,,0.0,,,84.91999999999999,68.0
2009-06-28,,0.0,,,75.92,66.02
2009-06-29,,0.0,,,84.91999999999999,68.0
2009-06-30,,0.0,,,78.98,69.08
2009-07-01,,0.48031496062992124,,,78.98,68.0
2009-07-02,,0.011811023622047244,,,82.94,69.98
2009-07-03,,0.0,,,80.96,68.0
2009-07-04,,0.0,,,82.04,66.02
2009-07-05,,0.0,,,75.92,64.94
2009-07-06,,0.0,,,78.98,66.92
2009-07-07,,0.0,,,78.08,69.98
2009-07-08,,0.0,,,78.98,66.02
2009-07-09,,0.0,,,71.06,64.04
2009-07-10,,0.0,,,69.98,60.980000000000004
2009-07-11,,0.0,,,73.94,64.04
2009-07-12,,1.4606299212598426,,,84.91999999999999,66.92
2009-07-13,,0.0,,,75.92,66.92
2009-07-14,,0.0,,,77.0,64.94
2009-07-15,,0.0,,,78.08,66.02
2009-07-16,,0.0,,,80.96,71.06
2009-07-17,,0.0,,,82.94,73.04
2009-07-18,,0.0,,,82.04,71.06
2009-07-19,,0.0,,,78.08,66.02
2009-07-20,,0.0,,,80.06,66.92
2009-07-21,,0.16141732283464566,,,78.08,69.98
2009-07-22,,0.0,,,80.96,69.08
2009-07-23,,0.9881889763779529,,,75.02,66.02
2009-07-24,,0.0,,,77.0,66.02
2009-07-25,,0.0,,,78.98,68.0
2009-07-26,,0.0,,,82.94,75.02
2009-07-27,,0.0,,,80.06,73.04
2009-07-28,,0.0,,,80.06,71.06
2009-07-29,,0.2913385826771654,,,80.06,73.04
2009-07-30,,0.0,,,89.06,73.04
2009-07-31,,0.5905511811023623,,,80.96,71.06
2009-08-01,,0.0,,,78.98,69.98
2009-08-02,,1.3307086614173227,,,78.98,69.98
2009-08-03,,0.0,,,80.96,71.06
2009-08-04,,0.0,,,80.96,71.96
2009-08-05,,0.0,,,87.08000000000001,73.94
2009-08-06,,0.2283464566929134,,,78.98,68.0
2009-08-07,,0.0,,,82.04,66.02
2009-08-08,,0.0,,,77.0,68.0
2009-08-09,,1.818897637795276,,,82.94,71.06
2009-08-10,,0.0,,,93.91999999999999,71.96
2009-08-11,,0.0,,,89.96000000000001,75.92
2009-08-12,,0.7716535433070867,,,82.94,71.96
2009-08-13,,0.0,,,75.92,73.04
2009-08-14,,0.0,,,78.98,68.0
2009-08-15,,0.0,,,82.04,71.06
2009-08-16,,0.0,,,86.0,73.04
2009-08-17,,0.0,,,87.98,75.02
2009-08-18,,0.0,,,82.94,75.02
2009-08-19,,0.03937007874015748,,,87.98,75.02
2009-08-20,,0.0,,,84.91999999999999,77.0
2009-08-21,,0.0,,,82.94,78.08
2009-08-22,,0.05905511811023623,,,82.94,73.04
2009-08-23,,0.0,,,82.04,73.94
2009-08-24,,0.0,,,84.91999999999999,73.04
2009-08-25,,0.0,,,84.02,69.98
2009-08-26,,0.0,,,87.98,73.94
2009-08-27,,0.0,,,80.06,71.96
2009-08-28,,2.610236220472441,,,77.0,68.0
2009-08-29,,0.7401574803149606,,,82.04,71.96
2009-08-30,,0.03937007874015748,,,84.02,71.06
2009-08-31,,0.0,,,73.94,62.959999999999994
2009-09-01,,0.0,,,71.96,60.08
2009-09-02,,0.0,,,73.04,60.08
2009-09-03,,0.0,,,73.04,62.959999999999994
2009-09-04,,0.0,,,78.08,66.92
2009-09-05,,0.0,,,82.94,68.0
2009-09-06,,0.0,,,75.02,66.92
2009-09-07,,0.0,,,73.94,69.08
2009-09-08,,0.011811023622047244,,,71.96,66.92
2009-09-09,,0.05905511811023623,,,71.96,66.02
2009-09-10,,1.468503937007874,,,69.08,62.959999999999994
2009-09-11,,3.1496062992125986,,,71.96,64.04
2009-09-12,,0.0,,,69.08,62.959999999999994
2009-09-13,,0.0,,,80.96,64.04
2009-09-14,,0.0,,,80.06,64.04
2009-09-15,,0.0,,,82.94,66.02
2009-09-16,,0.01968503937007874,,,73.04,66.02
2009-09-17,,0.0,,,68.0,59.0
2009-09-18,,0.0,,,73.04,59.0
2009-09-19,,0.0,,,69.08,59.0
2009-09-20,,0.0,,,71.06,57.02
2009-09-21,,0.0,,,73.04,59.0
2009-09-22,,0.0,,,75.92,69.08
2009-09-23,,0.5787401574803149,,,78.08,71.06
2009-09-24,,0.0905511811023622,,,84.91999999999999,69.08
2009-09-25,,0.0,,,71.96,64.04
2009-09-26,,0.05118110236220473,,,68.0,62.059999999999995
2009-09-27,,2.5393700787401574,,,75.02,62.959999999999994
2009-09-28,,0.14960629921259844,,,73.94,62.059999999999995
2009-09-29,,0.0,,,69.98,57.92
2009-09-30,,0.0,,,66.02,53.06
2009-10-01,,0.0,,,62.959999999999994,51.08
2009-10-02,,0.0,,,71.06,53.96
2009-10-03,,0.9212598425196851,,,71.06,64.94
2009-10-04,,0.07874015748031496,,,75.92,57.02
2009-10-05,,0.0,,,69.08,55.04
2009-10-06,,0.0,,,68.0,55.04
2009-10-07,,0.07086614173228346,,,73.94,55.94
2009-10-08,,0.0,,,69.08,53.06
2009-10-09,,0.0,,,73.94,60.08
2009-10-10,,0.0,,,75.92,53.06
2009-10-11,,0.0,,,66.92,51.08
2009-10-12,,0.0,,,60.980000000000004,46.04
2009-10-13,,0.0,,,69.08,48.92
2009-10-14,,0.0,,,53.96,44.96
2009-10-15,,1.2716535433070866,,,55.94,50.0
2009-10-16,,0.27165354330708663,,,55.04,48.92
2009-10-17,,0.2283464566929134,,,55.94,50.0
2009-10-18,,0.2204724409448819,,,53.96,41.0
2009-10-19,,0.0,,,57.92,39.02
2009-10-20,,0.0,,,66.92,44.96
2009-10-21,,0.0,,,69.98,51.98
2009-10-22,,0.0,,,66.92,57.02
2009-10-23,,0.0,,,64.94,57.02
2009-10-24,,1.1181102362204725,,,69.08,62.059999999999995
2009-10-25,,0.0,,,66.02,51.98
2009-10-26,,0.0,,,59.0,50.0
2009-10-27,,1.0118110236220472,,,62.959999999999994,57.02
2009-10-28,,1.8503937007874016,,,68.0,53.06
2009-10-29,,0.011811023622047244,,,55.94,51.98
2009-10-30,,0.0,,,60.980000000000004,48.92
2009-10-31,,0.38188976377952755,,,66.92,57.02
2009-11-01,,0.33858267716535434,,,60.08,51.98
2009-11-02,,0.0,,,57.02,50.0
2009-11-03,,0.0,,,62.959999999999994,46.04
2009-11-04,,0.0,,,53.96,42.08
2009-11-05,,0.0,,,60.08,42.08
2009-11-06,,0.0,,,51.08,39.02
2009-11-07,,0.0,,,57.92,37.04
2009-11-08,,0.0,,,66.92,51.08
2009-11-09,,0.0,,,64.94,48.02
2009-11-10,,0.0,,,66.02,55.04
2009-11-11,,0.421259842519685,,,57.92,50.0
2009-11-12,,2.8188976377952755,,,53.96,50.0
2009-11-13,,2.1181102362204722,,,57.02,51.08
2009-11-14,,0.14173228346456693,,,62.959999999999994,53.96
2009-11-15,,0.0,,,66.92,55.04
2009-11-16,,0.0,,,64.04,48.02
2009-11-17,,0.0,,,55.04,44.96
2009-11-18,,0.0,,,55.94,51.08
2009-11-19,,0.07874015748031496,,,62.059999999999995,55.04
2009-11-20,,0.011811023622047244,,,62.059999999999995,48.02
2009-11-21,,0.0,,,55.94,44.06
2009-11-22,,0.0,,,53.96,42.980000000000004
2009-11-23,,0.2519685039370079,,,53.96,51.08
2009-11-24,,0.011811023622047244,,,55.04,51.08
2009-11-25,,0.16141732283464566,,,55.04,51.08
2009-11-26,,0.01968503937007874,,,55.04,50.0
2009-11-27,,0.0,,,51.98,42.08
2009-11-28,,0.0,,,53.06,42.08
2009-11-29,,0.0,,,57.92,41.0
2009-11-30,,0.3700787401574803,,,57.92,37.94
2009-12-01,,0.0,,,51.98,37.04
2009-12-02,,0.5511811023622047,,,59.0,48.92
2009-12-03,,0.6692913385826772,,,66.02,48.02
2009-12-04,,0.0,,,57.02,42.980000000000004
2009-12-05,,0.8188976377952757,,,48.02,35.06
2009-12-06,,0.0,,,41.0,32.0
2009-12-07,,0.0,,,44.96,33.08
2009-12-08,,0.0,,,48.92,35.06
2009-12-09,,1.4409448818897639,,,60.980000000000004,46.94
2009-12-10,,0.0,,,53.06,30.92
2009-12-11,,0.0,,,33.98,26.96
2009-12-12,,0.0,,,42.980000000000004,30.02
2009-12-13,,0.6614173228346457,,,55.04,35.96
2009-12-14,,0.0,,,51.08,39.02
2009-12-15,,0.0,,,55.94,42.08
2009-12-16,,0.0,,,46.94,30.02
2009-12-17,,0.0,,,37.04,28.04
2009-12-18,,0.0,,,33.98,23.0
2009-12-19,,1.7283464566929134,,,35.96,24.98
2009-12-20,,0.011811023622047244,,,35.96,24.98
2009-12-21,,0.03149606299212599,,,37.94,28.94
2009-12-22,,0.0,,,41.0,30.02
2009-12-23,,0.0,,,33.08,24.98
2009-12-24,,0.0,,,39.92,24.08
2009-12-25,,0.11811023622047245,,,48.02,33.98
2009-12-26,,1.3818897637795278,,,53.96,46.04
2009-12-27,,0.011811023622047244,,,53.96,41.0
2009-12-28,,0.0,,,44.96,32.0
2009-12-29,,0.0,,,33.08,21.92
2009-12-30,,0.0,,,33.98,21.02
2009-12-31,,0.33858267716535434,,,39.02,32.0
2010-01-01,,0.0,,,41.0,33.08
2010-01-02,,0.0,,,37.04,23.0
2010-01-03,,0.011811023622047244,,,28.04,21.02
2010-01-04,,0.0,,,33.08,24.98
2010-01-05,,0.0,,,33.98,26.060000000000002
2010-01-06,,0.0,,,37.94,30.02
2010-01-07,,0.0,,,42.08,30.92
2010-01-08,,0.05905511811023623,,,33.98,26.96
2010-01-09,,0.0,,,33.08,21.02
2010-01-10,,0.0,,,32.0,17.06
2010-01-11,,0.0,,,33.08,21.02
2010-01-12,,0.0,,,37.04,28.04
2010-01-13,,0.0,,,37.94,28.04
2010-01-14,,0.0,,,44.06,30.02
2010-01-15,,0.0,,,53.96,35.06
2010-01-16,,0.0,,,48.92,32.0
2010-01-17,,1.2283464566929134,,,46.04,37.04
2010-01-18,,0.24015748031496062,,,53.06,37.04
2010-01-19,,0.0,,,48.02,37.04
2010-01-20,,0.0,,,46.04,33.08
2010-01-21,,0.0,,,41.0,30.02
2010-01-22,,0.0,,,42.08,33.98
2010-01-23,,0.0,,,42.08,30.02
2010-01-24,,0.0,,,53.96,35.96
2010-01-25,,0.9291338582677167,,,57.02,42.08
2010-01-26,,0.05905511811023623,,,46.94,35.06
2010-01-27,,0.0,,,41.0,32.0
2010-01-28,,0.0,,,50.0,24.08
2010-01-29,,0.0,,,28.94,19.939999999999998
2010-01-30,,0.2992125984251969,,,24.08,17.06
2010-01-31,,0.0,,,32.0,17.96
2010-02-01,,0.0,,,37.94,26.060000000000002
2010-02-02,,0.03149606299212599,,,37.94,28.04
2010-02-03,,0.2992125984251969,,,42.08,32.0
2010-02-04,,0.0,,,42.08,30.02
2010-02-05,,,,,39.02,32.0
2010-02-06,,,,,33.98,23.0
2010-02-07,,0.0,,,33.98,17.96
2010-02-08,,0.0,,,35.06,21.02
2010-02-09,,,,,39.02,24.98
2010-02-10,,,,,39.92,30.92
2010-02-11,,0.03937007874015748,,,39.92,30.02
2010-02-12,,0.0,,,39.02,26.060000000000002
2010-02-13,,0.0,,,32.0,26.96
2010-02-14,,0.0,,,37.94,28.04
2010-02-15,,0.11811023622047245,,,41.0,28.94
2010-02-16,,0.011811023622047244,,,39.02,28.94
2010-02-17,,0.0,,,37.94,28.04
2010-02-18,,0.0,,,44.96,32.0
2010-02-19,,0.0,,,44.96,32.0
2010-02-20,,0.0,,,46.94,33.98
2010-02-21,,0.0,,,48.02,32.0
2010-02-22,,0.1889763779527559,,,41.0,32.0
2010-02-23,,1.0984251968503937,,,44.06,37.04
2010-02-24,,0.2204724409448819,,,44.96,37.04
2010-02-25,,1.0984251968503937,,,41.0,30.02
2010-02-26,,,,,33.98,28.94
2010-02-27,,0.0,,,39.92,30.92
2010-02-28,,0.0,,,39.92,33.98
2010-03-01,,0.0,,,50.0,33.98
2010-03-02,,0.0,,,42.980000000000004,33.98
2010-03-03,,0.3503937007874016,,,41.0,35.96
2010-03-04,,0.0,,,46.94,35.06
2010-03-05,,0.0,,,42.980000000000004,35.96
2010-03-06,,0.0,,,51.98,32.0
2010-03-07,,0.0,,,59.0,37.04
2010-03-08,,0.0,,,62.059999999999995,39.02
2010-03-09,,0.0,,,62.059999999999995,42.980000000000004
2010-03-10,,0.0,,,53.06,39.92
2010-03-11,,0.0,,,57.92,42.08
2010-03-12,,0.5787401574803149,,,46.94,44.06
2010-03-13,,2.051181102362205,,,50.0,42.980000000000004
2010-03-14,,0.5708661417322834,,,55.04,42.08
2010-03-15,,0.7007874015748032,,,46.04,41.0
2010-03-16,,0.0,,,55.94,41.0
2010-03-17,,0.0,,,57.92,39.92
2010-03-18,,0.0,,,62.959999999999994,44.06
2010-03-19,,0.0,,,68.0,48.02
2010-03-20,,0.0,,,71.06,50.0
2010-03-21,,0.0,,,57.02,48.92
2010-03-22,,0.8188976377952757,,,55.94,48.02
2010-03-23,,0.2519685039370079,,,51.08,44.96
2010-03-24,,0.0,,,64.04,46.94
2010-03-25,,0.05118110236220473,,,55.94,48.02
2010-03-26,,0.8188976377952757,,,53.96,37.04
2010-03-27,,0.0,,,39.92,33.08
2010-03-28,,0.07086614173228346,,,50.0,37.94
2010-03-29,,2.850393700787402,,,53.96,48.02
2010-03-30,,0.2795275590551181,,,51.98,39.92
2010-03-31,,0.01968503937007874,,,62.059999999999995,41.0
2010-04-01,,0.0,,,57.02,46.04
2010-04-02,,0.0,,,59.0,42.980000000000004
2010-04-03,,0.0,,,51.98,42.08
2010-04-04,,0.0,,,66.92,48.92
2010-04-05,,0.0,,,66.92,51.08
2010-04-06,,0.0,,,73.04,57.02
2010-04-07,,0.0,,,87.08000000000001,57.02
2010-04-08,,0.0,,,66.02,53.96
2010-04-09,,0.2795275590551181,,,60.08,44.96
2010-04-10,,0.0,,,62.059999999999995,42.08
2010-04-11,,0.0,,,66.92,50.0
2010-04-12,,0.0,,,64.04,48.92
2010-04-13,,0.011811023622047244,,,53.96,44.06
2010-04-14,,0.0,,,60.980000000000004,42.08
2010-04-15,,0.0,,,73.94,48.02
2010-04-16,,0.20866141732283466,,,62.959999999999994,48.92
2010-04-17,,0.0,,,62.959999999999994,44.06
2010-04-18,,0.0,,,57.92,41.0
2010-04-19,,0.0,,,66.02,44.96
2010-04-20,,0.0,,,64.04,48.02
2010-04-21,,0.05118110236220473,,,60.08,51.08
2010-04-22,,0.011811023622047244,,,69.08,53.06
2010-04-23,,0.0,,,68.0,48.02
2010-04-24,,0.0,,,59.0,50.0
2010-04-25,,0.7716535433070867,,,59.0,48.92
2010-04-26,,0.05905511811023623,,,57.02,50.0
2010-04-27,,0.0,,,64.04,42.980000000000004
2010-04-28,,0.0,,,59.0,39.92
2010-04-29,,0.0,,,68.0,46.94
2010-04-30,,0.0,,,69.98,53.96
2010-05-01,,0.0,,,80.06,60.980000000000004
2010-05-02,,0.0,,,69.98,60.980000000000004
2010-05-03,,0.0,,,80.96,60.980000000000004
2010-05-04,,0.0,,,82.94,62.059999999999995
2010-05-05,,0.011811023622047244,,,73.94,57.02
2010-05-06,,0.03937007874015748,,,82.04,57.02
2010-05-07,,0.0,,,66.92,55.04
2010-05-08,,0.011811023622047244,,,80.06,51.98
2010-05-09,,0.0,,,59.0,46.04
2010-05-10,,0.0,,,62.059999999999995,42.980000000000004
2010-05-11,,0.011811023622047244,,,55.04,44.06
2010-05-12,,0.5118110236220472,,,60.08,48.02
2010-05-13,,0.0,,,57.02,46.04
2010-05-14,,0.5905511811023623,,,78.98,53.06
2010-05-15,,0.0,,,75.02,62.059999999999995
2010-05-16,,0.0,,,69.98,57.02
2010-05-17,,0.05905511811023623,,,64.94,51.98
2010-05-18,,1.968503937007874,,,55.04,51.08
2010-05-19,,0.0,,,66.92,51.98
2010-05-20,,0.0,,,69.98,55.04
2010-05-21,,0.0,,,80.06,60.980000000000004
2010-05-22,,0.0,,,66.02,60.08
2010-05-23,,0.05905511811023623,,,62.959999999999994,59.0
2010-05-24,,0.011811023622047244,,,66.02,57.92
2010-05-25,,0.0,,,71.96,57.92
2010-05-26,,0.0,,,80.06,60.980000000000004
2010-05-27,,0.0,,,80.06,57.92
2010-05-28,,0.0,,,64.04,57.92
2010-05-29,,0.14173228346456693,,,68.0,60.980000000000004
2010-05-30,,0.0,,,84.02,62.059999999999995
2010-05-31,,0.0,,,71.06,62.059999999999995
2010-06-01,,0.0,,,82.94,66.92
2010-06-02,,0.0,,,75.92,64.94
2010-06-03,,0.0,,,77.0,64.94
2010-06-04,,0.0,,,80.96,69.08
2010-06-05,,0.0,,,87.98,69.08
2010-06-06,,0.0,,,84.91999999999999,68.0
2010-06-07,,0.0,,,71.96,57.92
2010-06-08,,0.0,,,73.94,64.04
2010-06-09,,0.20078740157480315,,,69.08,62.959999999999994
2010-06-10,,0.0,,,69.98,62.059999999999995
2010-06-11,,0.0,,,68.0,62.059999999999995
2010-06-12,,0.0,,,71.06,64.04
2010-06-13,,0.07086614173228346,,,80.06,64.94
2010-06-14,,0.0,,,73.04,64.94
2010-06-15,,0.0,,,73.04,64.94
2010-06-16,,0.07086614173228346,,,71.06,64.94
2010-06-17,,0.0,,,82.04,66.02
2010-06-18,,0.0,,,71.06,62.059999999999995
2010-06-19,,0.0,,,73.04,68.0
2010-06-20,,0.0,,,80.06,71.06
2010-06-21,,0.0,,,82.04,73.94
2010-06-22,,0.011811023622047244,,,78.98,71.96
2010-06-23,,0.0,,,89.96000000000001,73.94
2010-06-24,,1.2401574803149606,,,89.96000000000001,71.96
2010-06-25,,0.0,,,77.0,73.04
2010-06-26,,0.0,,,82.04,71.96
2010-06-27,,0.0,,,82.94,73.94
2010-06-28,,0.01968503937007874,,,82.94,77.0
2010-06-29,,0.0,,,87.98,75.92
2010-06-30,,0.0,,,80.06,66.02
2010-07-01,,0.0,,,78.08,62.959999999999994
2010-07-02,,0.0,,,71.06,62.959999999999994
2010-07-03,,0.0,,,82.04,66.02
2010-07-04,,0.0,,,87.98,69.98
2010-07-05,,0.0,,,93.02,73.04
2010-07-06,,0.0,,,89.96000000000001,78.08
2010-07-07,,0.0,,,89.96000000000001,77.0
2010-07-08,,0.03149606299212599,,,78.08,75.02
2010-07-09,,0.0,,,78.98,75.92
2010-07-10,,0.2992125984251969,,,80.96,75.02
2010-07-11,,0.0,,,80.96,73.04
2010-07-12,,0.0,,,82.94,75.02
2010-07-13,,0.05118110236220473,,,80.06,75.92
2010-07-14,,0.20078740157480315,,,80.96,71.96
2010-07-15,,0.0,,,80.06,73.04
2010-07-16,,0.0,,,80.96,75.92
2010-07-17,,0.03149606299212599,,,89.06,75.02
2010-07-18,,0.0,,,91.03999999999999,77.0
2010-07-19,,0.0,,,84.02,78.08
2010-07-20,,0.11811023622047245,,,87.98,77.0
2010-07-21,,0.0,,,84.02,75.92
2010-07-22,,0.0,,,89.06,75.02
2010-07-23,,0.0,,,84.02,73.94
2010-07-24,,0.0,,,96.08000000000001,80.06
2010-07-25,,0.4015748031496063,,,93.91999999999999,71.06
2010-07-26,,0.0,,,84.91999999999999,68.0
2010-07-27,,0.0,,,80.96,71.96
2010-07-28,,0.0,,,80.06,75.02
2010-07-29,,1.078740157480315,,,84.02,73.04
2010-07-30,,0.0,,,75.02,66.02
2010-07-31,,0.0,,,75.02,66.92
2010-08-01,,0.0,,,75.92,71.06
2010-08-02,,0.0,,,77.0,69.08
2010-08-03,,0.0,,,78.08,73.94
2010-08-04,,0.3582677165354331,,,78.98,73.94
2010-08-05,,0.0,,,91.03999999999999,75.02
2010-08-06,,0.0,,,87.98,71.96
2010-08-07,,0.0,,,78.98,69.98
2010-08-08,,0.0,,,78.98,75.02
2010-08-09,,0.0,,,80.96,75.02
2010-08-10,,0.011811023622047244,,,84.02,75.02
2010-08-11,,0.0,,,82.04,75.02
2010-08-12,,0.0,,,78.98,75.02
2010-08-13,,0.0,,,75.92,73.04
2010-08-14,,0.0,,,75.02,71.06
2010-08-15,,0.0,,,78.08,73.94
2010-08-16,,0.0,,,80.06,75.92
2010-08-17,,1.8897637795275593,,,82.04,73.94
2010-08-18,,1.1496062992125984,,,78.98,69.08
2010-08-19,,0.0,,,78.08,69.98
2010-08-20,,0.0,,,87.08000000000001,73.94
2010-08-21,,0.0,,,78.08,73.94
2010-08-22,,1.2086614173228347,,,80.06,73.94
2010-08-23,,0.0,,,80.06,69.08
2010-08-24,,0.0984251968503937,,,69.98,64.94
2010-08-25,,0.0,,,75.92,66.02
2010-08-26,,0.0,,,84.02,69.08
2010-08-27,,0.0,,,80.06,64.04
2010-08-28,,0.0,,,75.92,64.94
2010-08-29,,0.0,,,86.0,68.0
2010-08-30,,0.0,,,86.0,73.04
2010-08-31,,0.0,,,89.96000000000001,75.02
2010-09-01,,0.0,,,89.06,78.98
2010-09-02,,0.0,,,82.04,75.92
2010-09-03,,0.0,,,82.04,75.92
2010-09-04,,0.0,,,78.98,68.0
2010-09-05,,0.0,,,75.92,64.94
2010-09-06,,0.0,,,73.94,64.04
2010-09-07,,0.0,,,77.0,71.06
2010-09-08,,0.0,,,89.06,69.08
2010-09-09,,0.0,,,75.02,62.059999999999995
2010-09-10,,0.0,,,71.96,60.980000000000004
2010-09-11,,0.0,,,71.96,60.08
2010-09-12,,0.2795275590551181,,,69.98,62.059999999999995
2010-09-13,,0.0,,,73.04,62.059999999999995
2010-09-14,,0.0,,,82.04,66.02
2010-09-15,,0.0,,,78.08,62.059999999999995
2010-09-16,,0.1889763779527559,,,75.02,66.02
2010-09-17,,0.0,,,78.98,62.959999999999994
2010-09-18,,0.0,,,69.98,55.94
2010-09-19,,0.0,,,71.06,64.04
2010-09-20,,0.0,,,75.92,62.059999999999995
2010-09-21,,0.0,,,69.08,57.02
2010-09-22,,0.0984251968503937,,,75.92,69.08
2010-09-23,,0.0,,,73.94,68.0
2010-09-24,,0.0,,,77.0,68.0
2010-09-25,,0.0,,,82.04,73.94
2010-09-26,,0.1811023622047244,,,75.02,68.0
2010-09-27,,0.07874015748031496,,,73.94,69.08
2010-09-28,,0.05905511811023623,,,73.94,71.06
2010-09-29,,0.03149606299212599,,,73.94,66.02
2010-09-30,,0.6889763779527559,,,75.02,71.06
2010-10-01,,0.9409448818897638,,,75.02,59.0
2010-10-02,,0.0,,,66.92,53.96
2010-10-03,,0.1811023622047244,,,64.94,57.92
2010-10-04,,1.8110236220472442,,,62.059999999999995,53.96
2010-10-05,,0.0905511811023622,,,57.02,53.96
2010-10-06,,0.011811023622047244,,,62.059999999999995,53.06
2010-10-07,,0.0,,,71.96,53.06
2010-10-08,,0.0,,,71.96,55.04
2010-10-09,,0.0,,,73.04,59.0
2010-10-10,,0.0,,,66.92,51.08
2010-10-11,,0.11811023622047245,,,75.02,64.04
2010-10-12,,0.27165354330708663,,,71.96,59.0
2010-10-13,,0.0,,,64.04,51.08
2010-10-14,,0.4488188976377953,,,60.980000000000004,51.98
2010-10-15,,0.011811023622047244,,,60.980000000000004,48.92
2010-10-16,,0.0,,,62.059999999999995,51.98
2010-10-17,,0.0,,,71.06,48.02
2010-10-18,,0.0,,,64.94,53.06
2010-10-19,,0.2795275590551181,,,57.92,51.08
2010-10-20,,0.2204724409448819,,,57.92,51.08
2010-10-21,,0.0,,,66.02,51.08
2010-10-22,,0.0,,,55.04,46.04
2010-10-23,,0.0,,,66.02,46.04
2010-10-24,,0.0,,,69.08,59.0
2010-10-25,,0.0,,,66.92,62.959999999999994
2010-10-26,,0.0,,,66.92,64.04
2010-10-27,,0.9291338582677167,,,69.08,66.02
2010-10-28,,0.0,,,75.92,60.08
2010-10-29,,0.0,,,62.959999999999994,46.04
2010-10-30,,0.0,,,57.02,42.980000000000004
2010-10-31,,0.0,,,64.04,46.04
2010-11-01,,0.0,,,50.0,39.92
2010-11-02,,0.0,,,48.92,37.94
2010-11-03,,0.0,,,55.04,44.06
2010-11-04,,1.1299212598425197,,,57.92,48.02
2010-11-05,,0.07086614173228346,,,53.96,46.94
2010-11-06,,0.0,,,50.0,42.08
2010-11-07,,0.0,,,50.0,37.04
2010-11-08,,0.05118110236220473,,,51.08,39.92
2010-11-09,,0.0,,,57.02,42.980000000000004
2010-11-10,,0.0,,,53.96,46.04
2010-11-11,,0.0,,,48.92,41.0
2010-11-12,,0.0,,,55.04,41.0
2010-11-13,,0.0,,,57.92,44.06
2010-11-14,,0.0,,,59.0,44.06
2010-11-15,,0.011811023622047244,,,55.04,48.02
2010-11-16,,0.4881889763779528,,,60.08,50.0
2010-11-17,,0.0984251968503937,,,60.980000000000004,51.08
2010-11-18,,0.0,,,55.94,44.96
2010-11-19,,0.0,,,51.08,41.0
2010-11-20,,0.0,,,60.08,42.980000000000004
2010-11-21,,0.0,,,53.06,42.08
2010-11-22,,0.0,,,57.92,51.08
2010-11-23,,0.0,,,64.04,55.94
2010-11-24,,0.0,,,62.059999999999995,42.08
2010-11-25,,0.0,,,55.04,42.08
2010-11-26,,0.01968503937007874,,,60.08,42.980000000000004
2010-11-27,,0.0,,,46.04,35.96
2010-11-28,,0.0,,,46.04,33.08
2010-11-29,,0.0,,,51.98,37.04
2010-11-30,,0.0,,,57.92,50.0
2010-12-01,,0.7598425196850395,,,60.980000000000004,39.02
2010-12-02,,0.0,,,42.08,35.06
2010-12-03,,0.0,,,41.0,33.98
2010-12-04,,0.0,,,39.92,32.0
2010-12-05,,0.0,,,37.04,32.0
2010-12-06,,0.0,,,37.04,32.0
2010-12-07,,0.0,,,35.96,30.02
2010-12-08,,0.0,,,35.06,26.96
2010-12-09,,0.0,,,33.08,26.060000000000002
2010-12-10,,0.0,,,42.08,26.060000000000002
2010-12-11,,0.03149606299212599,,,46.04,33.98
2010-12-12,,0.7992125984251969,,,55.04,44.96
2010-12-13,,0.03937007874015748,,,51.08,24.08
2010-12-14,,0.0,,,26.96,19.939999999999998
2010-12-15,,0.0,,,30.02,21.92
2010-12-16,,0.03149606299212599,,,28.04,23.0
2010-12-17,,0.0,,,35.96,21.92
2010-12-18,,0.0,,,35.96,26.060000000000002
2010-12-19,,0.0,,,37.94,28.94
2010-12-20,,0.0,,,35.96,26.96
2010-12-21,,0.0,,,39.92,30.02
2010-12-22,,0.0,,,39.02,28.94
2010-12-23,,0.0,,,37.94,30.92
2010-12-24,,0.0,,,39.02,30.02
2010-12-25,,0.0,,,33.98,28.04
2010-12-26,,1.5984251968503937,,,30.02,24.08
2010-12-27,,0.14960629921259844,,,30.92,23.0
2010-12-28,,0.0,,,37.94,24.98
2010-12-29,,0.0,,,39.02,30.02
2010-12-30,,0.0,,,41.0,26.96
2010-12-31,,0.0,,,42.08,35.06
2011-01-01,,0.0,,,46.94,37.94
2011-01-02,,0.11023622047244094,,,50.0,35.96
2011-01-03,,0.0,,,39.02,30.02
2011-01-04,,0.0,,,39.92,30.02
2011-01-05,,0.0,,,39.02,30.02
2011-01-06,,0.0,,,35.96,26.96
2011-01-07,,,,,37.04,28.04
2011-01-08,,,,,30.02,24.08
2011-01-09,,0.0,,,32.0,24.08
2011-01-10,,0.0,,,33.08,23.0
2011-01-11,,0.4015748031496063,,,37.04,24.08
2011-01-12,,0.05118110236220473,,,35.96,26.060000000000002
2011-01-13,,0.0,,,30.92,21.92
2011-01-14,,0.0,,,32.0,19.939999999999998
2011-01-15,,0.0,,,39.02,24.98
2011-01-16,,0.0,,,39.02,28.04
2011-01-17,,0.07086614173228346,,,35.96,26.060000000000002
2011-01-18,,1.2086614173228347,,,48.02,35.96
2011-01-19,,0.01968503937007874,,,46.04,35.06
2011-01-20,,0.0,,,41.0,33.08
2011-01-21,,0.14960629921259844,,,42.08,21.92
2011-01-22,,0.0,,,24.08,17.06
2011-01-23,,0.0,,,26.96,17.06
2011-01-24,,0.0,,,32.0,10.940000000000001
2011-01-25,,0.0,,,41.0,30.02
2011-01-26,,0.909448818897638,,,37.94,32.0
2011-01-27,,0.16141732283464566,,,35.96,30.02
2011-01-28,,0.03149606299212599,,,35.96,30.02
2011-01-29,,0.0,,,35.96,30.92
2011-01-30,,0.0,,,41.0,30.02
2011-01-31,,0.0,,,33.08,26.060000000000002
2011-02-01,,0.03149606299212599,,,39.92,32.0
2011-02-02,,0.7913385826771655,,,50.0,33.08
2011-02-03,,0.0,,,37.94,28.94
2011-02-04,,0.0,,,37.04,28.04
2011-02-05,,0.0984251968503937,,,48.92,35.96
2011-02-06,,0.0,,,46.94,35.96
2011-02-07,,0.12992125984251968,,,42.980000000000004,33.08
2011-02-08,,0.05905511811023623,,,42.980000000000004,26.060000000000002
2011-02-09,,0.0,,,32.0,17.96
2011-02-10,,0.0,,,30.92,24.08
2011-02-11,,0.0,,,37.04,24.08
2011-02-12,,0.0,,,44.06,32.0
2011-02-13,,0.0,,,50.0,32.0
2011-02-14,,0.0,,,62.059999999999995,42.08
2011-02-15,,0.0,,,46.04,30.92
2011-02-16,,0.0,,,42.980000000000004,28.94
2011-02-17,,0.0,,,51.08,42.980000000000004
2011-02-18,,0.0,,,64.94,44.06
2011-02-19,,0.0,,,62.959999999999994,30.92
2011-02-20,,0.0,,,44.06,26.060000000000002
2011-02-21,,0.14960629921259844,,,44.06,26.96
2011-02-22,,0.20078740157480315,,,35.96,24.08
2011-02-23,,0.0,,,37.94,24.08
2011-02-24,,0.0,,,42.08,30.92
2011-02-25,,0.7598425196850395,,,55.04,35.96
2011-02-26,,0.0,,,41.0,33.98
2011-02-27,,0.0,,,53.96,39.02
2011-02-28,,0.531496062992126,,,57.02,42.08
2011-03-01,,0.0,,,46.94,33.98
2011-03-02,,0.0,,,55.04,33.98
2011-03-03,,0.0,,,39.02,24.08
2011-03-04,,0.0,,,42.980000000000004,30.92
2011-03-05,,0.0,,,51.98,42.08
2011-03-06,,0.7283464566929134,,,51.98,48.02
2011-03-07,,0.03149606299212599,,,51.98,35.96
2011-03-08,,0.0,,,39.02,32.0
2011-03-09,,0.0,,,42.980000000000004,39.02
2011-03-10,,0.531496062992126,,,51.08,42.08
2011-03-11,,0.5118110236220472,,,53.96,42.980000000000004
2011-03-12,,0.0,,,50.0,41.0
2011-03-13,,0.0,,,55.04,42.08
2011-03-14,,0.0,,,46.04,37.04
2011-03-15,,0.0,,,42.980000000000004,35.06
2011-03-16,,0.7795275590551182,,,57.02,42.980000000000004
2011-03-17,,0.0,,,55.94,46.04
2011-03-18,,0.0,,,73.94,48.02
2011-03-19,,0.0,,,64.94,39.92
2011-03-20,,0.0,,,42.980000000000004,35.06
2011-03-21,,0.25984251968503935,,,53.06,42.08
2011-03-22,,0.0,,,53.96,44.96
2011-03-23,,0.7283464566929134,,,46.04,39.92
2011-03-24,,0.0905511811023622,,,41.0,35.06
2011-03-25,,0.0,,,44.06,30.02
2011-03-26,,0.0,,,42.08,30.02
2011-03-27,,0.0,,,44.96,32.0
2011-03-28,,0.0,,,44.96,28.94
2011-03-29,,0.0,,,50.0,32.0
2011-03-30,,0.011811023622047244,,,42.980000000000004,39.02
2011-03-31,,0.27165354330708663,,,42.08,39.92
2011-04-01,,0.16929133858267717,,,46.04,37.94
2011-04-02,,0.0,,,51.98,39.92
2011-04-03,,0.011811023622047244,,,57.02,42.08
2011-04-04,,0.0,,,55.94,46.04
2011-04-05,,0.0984251968503937,,,55.04,42.08
2011-04-06,,0.0,,,53.06,39.02
2011-04-07,,0.0,,,46.94,44.06
2011-04-08,,0.5590551181102362,,,44.96,42.08
2011-04-09,,0.03149606299212599,,,48.92,42.980000000000004
2011-04-10,,0.0,,,50.0,44.96
2011-04-11,,0.0,,,57.92,46.04
2011-04-12,,0.531496062992126,,,64.04,46.94
2011-04-13,,0.011811023622047244,,,55.94,46.94
2011-04-14,,0.0,,,60.980000000000004,48.92
2011-04-15,,0.0,,,51.98,44.96
2011-04-16,,1.1811023622047245,,,57.02,46.04
2011-04-17,,0.0,,,60.980000000000004,53.06
2011-04-18,,0.0,,,57.92,51.98
2011-04-19,,0.0,,,57.92,48.02
2011-04-20,,0.0,,,71.06,44.96
2011-04-21,,0.0,,,71.06,48.02
2011-04-22,,0.07874015748031496,,,50.0,42.980000000000004
2011-04-23,,0.2283464566929134,,,57.02,44.96
2011-04-24,,0.5905511811023623,,,69.98,55.94
2011-04-25,,0.2992125984251969,,,71.06,60.08
2011-04-26,,0.0,,,62.959999999999994,55.94
2011-04-27,,0.0,,,60.980000000000004,57.02
2011-04-28,,0.5511811023622047,,,64.04,57.92
2011-04-29,,0.0,,,69.08,55.04
2011-04-30,,0.0,,,59.0,48.92
2011-05-01,,0.0,,,62.959999999999994,53.06
2011-05-02,,0.0,,,60.08,53.96
2011-05-03,,0.0,,,64.04,57.92
2011-05-04,,0.641732283464567,,,64.04,48.02
2011-05-05,,0.0,,,64.04,46.94
2011-05-06,,0.0,,,60.980000000000004,51.08
2011-05-07,,0.0,,,71.06,55.04
2011-05-08,,0.0,,,64.04,53.06
2011-05-09,,0.0,,,64.04,55.04
2011-05-10,,0.0,,,62.959999999999994,53.06
2011-05-11,,0.0,,,60.08,51.08
2011-05-12,,0.0,,,62.959999999999994,55.04
2011-05-13,,0.0,,,59.0,55.04
2011-05-14,,0.0,,,60.980000000000004,57.92
2011-05-15,,0.24015748031496062,,,66.02,60.08
2011-05-16,,0.0,,,64.04,60.980000000000004
2011-05-17,,0.25984251968503935,,,62.959999999999994,60.08
2011-05-18,,0.5118110236220472,,,62.959999999999994,60.08
2011-05-19,,0.011811023622047244,,,64.94,60.08
2011-05-20,,0.1811023622047244,,,66.02,59.0
2011-05-21,,0.0,,,66.02,57.02
2011-05-22,,0.0,,,62.959999999999994,57.02
2011-05-23,,0.12992125984251968,,,66.92,60.08
2011-05-24,,0.0,,,75.02,64.04
2011-05-25,,0.0,,,73.94,66.02
2011-05-26,,0.0,,,73.04,64.94
2011-05-27,,0.0,,,73.04,68.0
2011-05-28,,0.0,,,73.04,66.92
2011-05-29,,0.0,,,73.04,68.0
2011-05-30,,0.0,,,80.96,69.08
2011-05-31,,0.0,,,78.08,66.02
2011-06-01,,0.0,,,77.0,69.08
2011-06-02,,0.0,,,82.04,64.04
2011-06-03,,0.0,,,75.92,60.08
2011-06-04,,0.0,,,71.96,57.92
2011-06-05,,0.0,,,66.92,62.959999999999994
2011-06-06,,0.0,,,71.96,62.959999999999994
2011-06-07,,0.0,,,82.04,66.92
2011-06-08,,0.0,,,91.94,71.06
2011-06-09,,0.3700787401574803,,,91.94,68.0
2011-06-10,,0.03149606299212599,,,80.96,68.0
2011-06-11,,0.0,,,73.94,69.98
2011-06-12,,0.0,,,73.04,66.02
2011-06-13,,0.0,,,69.98,66.02
2011-06-14,,0.0,,,69.08,62.059999999999995
2011-06-15,,0.0,,,80.06,57.92
2011-06-16,,0.0,,,77.0,68.0
2011-06-17,,0.5984251968503937,,,77.0,69.98
2011-06-18,,0.0,,,80.96,69.98
2011-06-19,,0.0,,,75.92,71.06
2011-06-20,,0.011811023622047244,,,73.04,69.08
2011-06-21,,0.0,,,75.02,68.0
2011-06-22,,0.0,,,78.98,71.06
2011-06-23,,0.0,,,87.08000000000001,69.98
2011-06-24,,0.0,,,78.08,71.96
2011-06-25,,0.0,,,78.08,71.96
2011-06-26,,0.0,,,80.96,69.98
2011-06-27,,0.01968503937007874,,,75.92,71.06
2011-06-28,,0.40944881889763785,,,78.08,71.96
2011-06-29,,0.011811023622047244,,,84.02,71.96
2011-06-30,,0.0,,,80.96,68.0
2011-07-01,,0.0,,,78.08,68.0
2011-07-02,,0.0,,,78.98,69.98
2011-07-03,,0.7007874015748032,,,80.06,71.06
2011-07-04,,0.0,,,87.98,75.02
2011-07-05,,0.0,,,80.96,75.92
2011-07-06,,0.0,,,82.04,73.94
2011-07-07,,0.05905511811023623,,,80.06,73.94
2011-07-08,,1.7283464566929134,,,78.98,71.96
2011-07-09,,0.0,,,80.96,71.06
2011-07-10,,0.0,,,82.04,69.98
2011-07-11,,0.0,,,82.04,75.02
2011-07-12,,0.0,,,91.03999999999999,73.94
2011-07-13,,0.0,,,89.06,75.02
2011-07-14,,0.0,,,77.0,66.92
2011-07-15,,0.0,,,78.98,66.02
2011-07-16,,0.0,,,80.06,69.98
2011-07-17,,0.0,,,80.06,71.96
2011-07-18,,0.0,,,80.96,71.96
2011-07-19,,0.011811023622047244,,,84.91999999999999,71.96
2011-07-20,,0.0,,,77.0,71.06
2011-07-21,,0.0,,,80.06,73.04
2011-07-22,,0.0,,,95.0,75.02
2011-07-23,,0.0,,,98.96000000000001,80.96
2011-07-24,,0.46062992125984253,,,89.96000000000001,73.94
2011-07-25,,0.0,,,78.08,71.96
2011-07-26,,0.0,,,86.0,73.94
2011-07-27,,0.0,,,82.04,73.04
2011-07-28,,0.0,,,82.04,73.94
2011-07-29,,0.909448818897638,,,82.94,73.04
2011-07-30,,0.0,,,91.03999999999999,77.0
2011-07-31,,0.0,,,82.94,75.02
2011-08-01,,0.01968503937007874,,,84.02,75.92
2011-08-02,,0.0,,,89.06,73.04
2011-08-03,,0.03937007874015748,,,80.96,73.94
2011-08-04,,0.2992125984251969,,,77.0,73.04
2011-08-05,,0.0,,,77.0,69.98
2011-08-06,,0.0,,,80.06,75.92
2011-08-07,,0.0984251968503937,,,84.91999999999999,78.08
2011-08-08,,0.0,,,89.96000000000001,78.08
2011-08-09,,0.7086614173228347,,,82.04,75.02
2011-08-10,,0.0,,,86.0,73.04
2011-08-11,,0.0,,,82.04,73.04
2011-08-12,,0.0,,,78.98,66.92
2011-08-13,,0.0,,,80.06,71.96
2011-08-14,,0.3700787401574803,,,78.98,73.04
2011-08-15,,0.9488188976377954,,,77.0,69.98
2011-08-16,,0.8385826771653544,,,75.92,68.0
2011-08-17,,0.0,,,78.98,69.98
2011-08-18,,0.0,,,78.98,75.02
2011-08-19,,0.16929133858267717,,,78.98,69.98
2011-08-20,,0.0,,,78.98,68.0
2011-08-21,,0.011811023622047244,,,80.06,73.94
2011-08-22,,0.0,,,78.98,69.08
2011-08-23,,0.0,,,75.02,64.04
2011-08-24,,0.0,,,78.08,69.98
2011-08-25,,0.7716535433070867,,,77.0,71.96
2011-08-26,,0.0,,,78.08,71.96
2011-08-27,,4.0984251968503935,,,75.92,73.94
2011-08-28,,1.0590551181102361,,,78.08,69.08
2011-08-29,,0.0,,,73.94,64.94
2011-08-30,,0.0,,,73.04,64.94
2011-08-31,,0.0,,,78.08,66.02
2011-09-01,,0.0,,,73.94,66.92
2011-09-02,,0.0,,,69.98,69.08
2011-09-03,,0.0,,,73.94,68.0
2011-09-04,,0.0,,,75.92,71.96
2011-09-05,,0.0,,,75.02,71.96
2011-09-06,,0.05905511811023623,,,73.94,66.02
2011-09-07,,0.011811023622047244,,,75.92,68.0
2011-09-08,,0.2519685039370079,,,73.94,68.0
2011-09-09,,0.011811023622047244,,,78.08,68.0
2011-09-10,,0.0,,,78.98,71.06
2011-09-11,,0.0,,,73.94,71.06
2011-09-12,,0.011811023622047244,,,78.08,68.0
2011-09-13,,0.0,,,78.98,71.06
2011-09-14,,0.0,,,78.08,73.04
2011-09-15,,2.110236220472441,,,78.08,55.04
2011-09-16,,0.0,,,62.959999999999994,51.98
2011-09-17,,0.11811023622047245,,,64.94,57.02
2011-09-18,,0.0,,,64.94,62.059999999999995
2011-09-19,,0.0,,,64.94,57.92
2011-09-20,,0.011811023622047244,,,69.98,64.04
2011-09-21,,0.421259842519685,,,69.98,64.04
2011-09-22,,0.03149606299212599,,,73.94,69.08
2011-09-23,,1.799212598425197,,,73.04,69.98
2011-09-24,,0.0,,,73.04,69.98
2011-09-25,,0.0905511811023622,,,75.02,69.98
2011-09-26,,0.0,,,71.96,69.08
2011-09-27,,0.0,,,71.06,68.0
2011-09-28,,0.0,,,73.94,69.98
2011-09-29,,0.7204724409448819,,,75.02,68.0
2011-09-30,,0.42913385826771655,,,73.94,60.08
2011-10-01,,0.11023622047244094,,,68.0,57.02
2011-10-02,,0.0,,,57.92,51.08
2011-10-03,,0.11811023622047245,,,57.02,50.0
2011-10-04,,0.0,,,66.02,48.92
2011-10-05,,0.0,,,71.96,55.94
2011-10-06,,0.0,,,68.0,50.0
2011-10-07,,0.0,,,64.04,51.98
2011-10-08,,0.0,,,69.08,55.04
2011-10-09,,0.0,,,82.94,60.08
2011-10-10,,0.0,,,77.0,64.94
2011-10-11,,0.0,,,69.98,64.04
2011-10-12,,0.0905511811023622,,,66.02,64.04
2011-10-13,,0.05118110236220473,,,69.98,64.04
2011-10-14,,0.011811023622047244,,,69.98,60.08
2011-10-15,,0.0,,,68.0,59.0
2011-10-16,,0.0,,,69.08,57.02
2011-10-17,,0.0,,,69.98,62.059999999999995
2011-10-18,,0.0,,,68.0,57.92
2011-10-19,,0.4409448818897638,,,71.06,64.94
2011-10-20,,0.0,,,69.98,57.92
2011-10-21,,0.0,,,60.08,51.08
2011-10-22,,0.0,,,60.980000000000004,46.94
2011-10-23,,0.0,,,60.980000000000004,46.94
2011-10-24,,0.0,,,60.980000000000004,53.06
2011-10-25,,0.0,,,64.04,51.08
2011-10-26,,0.0,,,68.0,55.94
2011-10-27,,0.24015748031496062,,,66.02,44.06
2011-10-28,,0.01968503937007874,,,50.0,39.92
2011-10-29,,1.3188976377952757,,,50.0,35.96
2011-10-30,,0.0,,,50.0,35.96
2011-10-31,,0.0,,,55.94,39.92
2011-11-01,,0.0,,,55.94,46.04
2011-11-02,,0.0,,,55.04,42.980000000000004
2011-11-03,,0.0,,,57.92,48.02
2011-11-04,,0.0,,,53.06,44.06
2011-11-05,,0.0,,,50.0,39.02
2011-11-06,,0.0,,,55.04,42.980000000000004
2011-11-07,,0.0,,,60.08,46.94
2011-11-08,,0.0,,,62.959999999999994,48.92
2011-11-09,,0.0,,,59.0,46.94
2011-11-10,,0.03149606299212599,,,60.08,44.96
2011-11-11,,0.011811023622047244,,,48.02,42.980000000000004
2011-11-12,,0.0,,,57.02,41.0
2011-11-13,,0.0,,,59.0,53.96
2011-11-14,,0.0,,,62.959999999999994,57.02
2011-11-15,,0.0,,,66.02,60.08
2011-11-16,,0.0,,,64.04,55.04
2011-11-17,,0.25984251968503935,,,57.02,37.94
2011-11-18,,0.0,,,46.04,35.96
2011-11-19,,0.0,,,55.94,41.0
2011-11-20,,0.0,,,64.94,53.06
2011-11-21,,0.421259842519685,,,59.0,51.98
2011-11-22,,0.5118110236220472,,,60.980000000000004,53.96
2011-11-23,,0.9015748031496063,,,62.959999999999994,46.04
2011-11-24,,0.0,,,55.04,39.92
2011-11-25,,0.0,,,64.04,48.02
2011-11-26,,0.0,,,59.0,48.02
2011-11-27,,0.0,,,60.08,51.98
2011-11-28,,0.0,,,64.04,57.92
2011-11-29,,0.20866141732283466,,,62.959999999999994,51.98
2011-11-30,,0.0,,,53.96,44.06
2011-12-01,,0.0,,,50.0,39.02
2011-12-02,,0.0,,,53.96,39.02
2011-12-03,,0.0,,,48.02,37.04
2011-12-04,,0.0,,,55.94,44.06
2011-12-05,,0.0,,,60.980000000000004,53.96
2011-12-06,,0.07874015748031496,,,59.0,57.92
2011-12-07,,1.299212598425197,,,60.980000000000004,46.04
2011-12-08,,0.05118110236220473,,,57.02,39.02
2011-12-09,,0.07086614173228346,,,53.96,39.02
2011-12-10,,0.07086614173228346,,,51.98,35.06
2011-12-11,,0.0,,,39.92,32.0
2011-12-12,,0.0,,,46.04,33.98
2011-12-13,,0.0,,,48.92,33.98
2011-12-14,,0.0,,,50.0,37.04
2011-12-15,,0.0,,,60.980000000000004,48.92
2011-12-16,,0.0,,,60.980000000000004,42.980000000000004
2011-12-17,,0.0,,,44.06,35.06
2011-12-18,,0.0,,,35.96,30.02
2011-12-19,,0.0,,,50.0,32.0
2011-12-20,,0.011811023622047244,,,51.08,46.04
2011-12-21,,0.3188976377952756,,,59.0,48.92
2011-12-22,,0.31102362204724415,,,60.980000000000004,48.92
2011-12-23,,0.2204724409448819,,,57.02,44.06
2011-12-24,,0.0,,,46.04,35.06
2011-12-25,,0.0,,,48.02,35.96
2011-12-26,,0.0,,,48.92,39.02
2011-12-27,,0.42913385826771655,,,57.92,39.02
2011-12-28,,0.0,,,53.96,32.0
2011-12-29,,0.0,,,44.96,28.04
2011-12-30,,0.0,,,51.98,42.980000000000004
2011-12-31,,0.0,,,59.0,48.02
2012-01-01,,0.0,,,53.96,42.08
2012-01-02,,0.0,,,53.96,35.06
2012-01-03,,0.0,,,35.06,21.02
2012-01-04,,0.0,,,35.06,15.979999999999997
2012-01-05,,0.0,,,39.92,30.92
2012-01-06,,0.0,,,51.98,35.06
2012-01-07,,0.0,,,53.96,46.04
2012-01-08,,0.0,,,53.06,35.06
2012-01-09,,0.05118110236220473,,,39.02,33.08
2012-01-10,,0.0,,,48.02,33.98
2012-01-11,,0.3188976377952756,,,48.02,35.06
2012-01-12,,0.5590551181102362,,,53.96,46.94
2012-01-13,,0.01968503937007874,,,51.98,32.0
2012-01-14,,0.0,,,35.96,30.02
2012-01-15,,0.0,,,32.0,21.92
2012-01-16,,0.0,,,44.06,19.04
2012-01-17,,0.2283464566929134,,,53.06,42.08
2012-01-18,,0.011811023622047244,,,55.94,30.02
2012-01-19,,0.0,,,42.08,26.060000000000002
2012-01-20,,0.0,,,42.08,30.92
2012-01-21,,0.40944881889763785,,,42.980000000000004,30.02
2012-01-22,,0.0,,,41.0,28.04
2012-01-23,,0.03937007874015748,,,53.96,39.92
2012-01-24,,0.0,,,55.94,42.08
2012-01-25,,0.0,,,46.94,37.04
2012-01-26,,0.0,,,53.06,39.92
2012-01-27,,0.1811023622047244,,,53.96,44.06
2012-01-28,,0.0,,,44.96,37.04
2012-01-29,,0.0,,,44.96,35.06
2012-01-30,,0.0,,,44.96,35.06
2012-01-31,,0.0,,,51.98,41.0
2012-02-01,,0.011811023622047244,,,64.04,50.0
2012-02-02,,0.0,,,57.92,39.92
2012-02-03,,0.0,,,46.04,33.08
2012-02-04,,0.20078740157480315,,,46.04,35.96
2012-02-05,,0.0,,,39.92,35.06
2012-02-06,,0.0,,,48.02,32.0
2012-02-07,,0.0,,,51.98,37.94
2012-02-08,,0.16141732283464566,,,42.08,35.06
2012-02-09,,0.0,,,44.06,33.08
2012-02-10,,0.0,,,44.96,35.96
2012-02-11,,0.14960629921259844,,,42.980000000000004,30.02
2012-02-12,,0.0,,,32.0,19.939999999999998
2012-02-13,,0.0,,,42.08,26.060000000000002
2012-02-14,,0.0,,,46.94,37.94
2012-02-15,,0.0,,,46.04,41.0
2012-02-16,,0.12992125984251968,,,44.96,37.94
2012-02-17,,0.0,,,53.06,41.0
2012-02-18,,0.0,,,46.04,35.96
2012-02-19,,0.0,,,44.06,35.96
2012-02-20,,0.0,,,46.94,35.06
2012-02-21,,0.0,,,48.02,33.98
2012-02-22,,0.0,,,55.94,44.96
2012-02-23,,0.0984251968503937,,,60.980000000000004,46.94
2012-02-24,,0.7204724409448819,,,50.0,44.96
2012-02-25,,0.0,,,50.0,37.04
2012-02-26,,0.0,,,46.04,33.08
2012-02-27,,0.0,,,51.08,39.92
2012-02-28,,0.0,,,51.98,39.92
2012-02-29,,0.6299212598425197,,,51.08,42.980000000000004
2012-03-01,,0.33858267716535434,,,55.04,42.980000000000004
2012-03-02,,0.14173228346456693,,,48.92,41.0
2012-03-03,,1.2086614173228347,,,55.94,46.94
2012-03-04,,0.0,,,48.92,37.94
2012-03-05,,0.0,,,42.980000000000004,35.06
2012-03-06,,0.0,,,42.08,28.94
2012-03-07,,0.0,,,51.08,42.08
2012-03-08,,0.0,,,55.04,50.0
2012-03-09,,0.0905511811023622,,,55.04,39.92
2012-03-10,,0.0,,,42.980000000000004,33.08
2012-03-11,,0.0,,,48.02,37.94
2012-03-12,,0.0,,,55.04,46.04
2012-03-13,,0.07874015748031496,,,60.08,51.08
2012-03-14,,0.0,,,73.04,55.94
2012-03-15,,0.0,,,59.0,46.04
2012-03-16,,0.0,,,53.06,46.04
2012-03-17,,0.0,,,46.94,44.06
2012-03-18,,0.0,,,50.0,46.04
2012-03-19,,0.0,,,62.059999999999995,48.02
2012-03-20,,0.0,,,59.0,51.98
2012-03-21,,0.011811023622047244,,,57.02,53.06
2012-03-22,,0.0,,,60.980000000000004,53.96
2012-03-23,,0.0,,,66.92,51.98
2012-03-24,,0.25984251968503935,,,55.04,51.08
2012-03-25,,0.03149606299212599,,,53.06,48.92
2012-03-26,,0.0,,,57.02,37.04
2012-03-27,,0.0,,,53.06,33.08
2012-03-28,,0.0,,,64.94,46.04
2012-03-29,,0.0,,,64.04,44.06
2012-03-30,,0.0,,,48.92,39.92
2012-03-31,,0.24015748031496062,,,48.02,44.06
2012-04-01,,0.20866141732283466,,,48.92,42.980000000000004
2012-04-02,,0.11023622047244094,,,57.02,42.980000000000004
2012-04-03,,0.0,,,64.94,42.08
2012-04-04,,0.0,,,71.96,51.08
2012-04-05,,0.0,,,57.02,46.04
2012-04-06,,0.0,,,51.08,39.92
2012-04-07,,0.0,,,60.980000000000004,42.08
2012-04-08,,0.0,,,66.92,44.96
2012-04-09,,0.0,,,64.04,51.98
2012-04-10,,0.0,,,62.059999999999995,48.02
2012-04-11,,0.0,,,55.04,42.08
2012-04-12,,0.0,,,57.02,42.980000000000004
2012-04-13,,0.0,,,55.04,44.96
2012-04-14,,0.0,,,64.04,48.92
2012-04-15,,0.0,,,69.98,55.94
2012-04-16,,0.0,,,69.08,57.92
2012-04-17,,0.0,,,78.98,60.980000000000004
2012-04-18,,0.0,,,64.94,53.06
2012-04-19,,0.011811023622047244,,,57.92,51.98
2012-04-20,,0.0,,,59.0,51.08
2012-04-21,,0.07874015748031496,,,62.959999999999994,53.06
2012-04-22,,1.818897637795276,,,62.959999999999994,51.08
2012-04-23,,0.011811023622047244,,,59.0,44.96
2012-04-24,,0.0,,,57.02,44.96
2012-04-25,,0.0,,,64.04,46.94
2012-04-26,,0.05905511811023623,,,60.08,53.06
2012-04-27,,0.011811023622047244,,,60.08,46.04
2012-04-28,,0.0905511811023622,,,53.96,42.980000000000004
2012-04-29,,0.11811023622047245,,,64.94,46.04
2012-04-30,,0.0,,,55.94,46.04
2012-05-01,,0.05905511811023623,,,77.0,55.94
2012-05-02,,0.2519685039370079,,,59.0,51.08
2012-05-03,,0.05905511811023623,,,59.0,51.98
2012-05-04,,0.0,,,69.08,55.04
2012-05-05,,0.0,,,69.08,55.94
2012-05-06,,0.0,,,55.94,53.06
2012-05-07,,0.0,,,57.02,51.98
2012-05-08,,0.01968503937007874,,,62.959999999999994,57.02
2012-05-09,,0.7204724409448819,,,62.959999999999994,59.0
2012-05-10,,0.12992125984251968,,,66.02,55.94
2012-05-11,,0.0,,,69.98,51.08
2012-05-12,,0.0,,,77.0,53.96
2012-05-13,,0.0,,,68.0,62.059999999999995
2012-05-14,,0.0,,,66.92,62.059999999999995
2012-05-15,,0.3897637795275591,,,66.02,62.959999999999994
2012-05-16,,0.03937007874015748,,,71.96,62.959999999999994
2012-05-17,,0.0,,,68.0,57.92
2012-05-18,,0.0,,,64.04,55.04
2012-05-19,,0.0,,,66.92,53.06
2012-05-20,,0.0905511811023622,,,64.04,55.04
2012-05-21,,0.2795275590551181,,,64.94,59.0
2012-05-22,,0.20078740157480315,,,66.92,60.980000000000004
2012-05-23,,0.0,,,66.02,60.980000000000004
2012-05-24,,0.0,,,71.06,64.04
2012-05-25,,0.0,,,73.04,66.02
2012-05-26,,0.0,,,73.94,68.0
2012-05-27,,0.0,,,73.94,69.98
2012-05-28,,0.0,,,89.06,69.08
2012-05-29,,0.0,,,77.0,69.98
2012-05-30,,0.33070866141732286,,,73.04,66.92
2012-05-31,,0.0,,,73.94,64.04
2012-06-01,,0.6496062992125985,,,71.06,62.959999999999994
2012-06-02,,0.0905511811023622,,,73.94,64.94
2012-06-03,,0.2204724409448819,,,75.92,62.059999999999995
2012-06-04,,0.2283464566929134,,,66.92,59.0
2012-06-05,,0.0,,,62.059999999999995,55.94
2012-06-06,,0.0,,,66.92,60.08
2012-06-07,,0.03937007874015748,,,73.94,60.980000000000004
2012-06-08,,0.0,,,82.04,60.980000000000004
2012-06-09,,0.0,,,86.0,68.0
2012-06-10,,0.0,,,78.08,71.06
2012-06-11,,0.0,,,71.96,69.08
2012-06-12,,1.4881889763779528,,,71.96,69.08
2012-06-13,,0.20078740157480315,,,71.96,64.94
2012-06-14,,0.0,,,69.08,64.94
2012-06-15,,0.0,,,71.06,62.959999999999994
2012-06-16,,0.0,,,69.98,60.980000000000004
2012-06-17,,0.0,,,64.94,62.059999999999995
2012-06-18,,0.0,,,66.02,60.980000000000004
2012-06-19,,0.0,,,71.96,64.94
2012-06-20,,0.0,,,87.08000000000001,69.98
2012-06-21,,0.0,,,93.91999999999999,77.0
2012-06-22,,0.9881889763779529,,,87.98,71.06
2012-06-23,,0.03149606299212599,,,84.91999999999999,69.98
2012-06-24,,0.0,,,78.98,69.98
2012-06-25,,1.4409448818897639,,,75.92,66.92
2012-06-26,,0.0,,,75.92,60.980000000000004
2012-06-27,,0.0,,,82.94,62.959999999999994
2012-06-28,,0.0,,,82.94,69.08
2012-06-29,,0.1811023622047244,,,93.02,71.96
2012-06-30,,1.1299212598425197,,,82.04,71.96
2012-07-01,,0.0,,,86.0,77.0
2012-07-02,,0.0,,,87.98,75.92
2012-07-03,,0.0,,,84.02,71.96
2012-07-04,,0.0,,,84.02,77.0
2012-07-05,,0.0,,,95.0,80.96
2012-07-06,,0.0,,,86.0,73.94
2012-07-07,,0.0,,,96.08000000000001,77.0
2012-07-08,,0.0,,,86.0,78.08
2012-07-09,,0.011811023622047244,,,80.96,75.92
2012-07-10,,0.0,,,78.98,71.06
2012-07-11,,0.0,,,78.98,73.94
2012-07-12,,0.0,,,77.0,71.96
2012-07-13,,0.0,,,80.06,71.96
2012-07-14,,0.0,,,78.98,75.02
2012-07-15,,0.0,,,82.94,75.02
2012-07-16,,0.0,,,89.96000000000001,75.02
2012-07-17,,0.0,,,87.98,78.98
2012-07-18,,0.011811023622047244,,,89.06,78.08
2012-07-19,,0.0984251968503937,,,80.06,75.02
2012-07-20,,0.9409448818897638,,,77.0,68.0
2012-07-21,,0.0,,,71.96,68.0
2012-07-22,,0.0,,,75.92,68.0
2012-07-23,,0.0,,,82.04,73.94
2012-07-24,,0.01968503937007874,,,93.02,78.08
2012-07-25,,0.0,,,82.04,71.06
2012-07-26,,0.0,,,80.96,73.94
2012-07-27,,0.0,,,89.96000000000001,75.92
2012-07-28,,0.5,,,82.94,73.94
2012-07-29,,0.40944881889763785,,,78.08,71.06
2012-07-30,,0.0,,,77.0,73.94
2012-07-31,,0.0,,,77.0,75.02
2012-08-01,,0.0,,,78.98,75.02
2012-08-02,,0.0,,,82.04,73.04
2012-08-03,,0.0,,,82.94,78.98
2012-08-04,,0.0,,,82.04,78.98
2012-08-05,,0.011811023622047244,,,82.94,78.08
2012-08-06,,1.6181102362204727,,,84.02,75.02
2012-08-07,,0.0,,,80.06,73.94
2012-08-08,,0.0,,,80.06,75.92
2012-08-09,,0.0,,,82.04,77.0
2012-08-10,,0.5393700787401575,,,80.06,73.94
2012-08-11,,1.7204724409448822,,,78.98,71.06
2012-08-12,,0.0,,,80.96,73.04
2012-08-13,,0.0,,,82.04,71.06
2012-08-14,,0.0,,,80.06,75.02
2012-08-15,,0.7086614173228347,,,80.06,71.96
2012-08-16,,0.0,,,84.91999999999999,69.98
2012-08-17,,0.0,,,80.96,73.94
2012-08-18,,0.27165354330708663,,,78.08,66.02
2012-08-19,,0.0,,,75.02,66.92
2012-08-20,,0.0,,,73.94,71.96
2012-08-21,,0.0,,,75.92,66.92
2012-08-22,,0.0,,,77.0,71.06
2012-08-23,,0.0,,,78.08,69.98
2012-08-24,,0.0,,,78.98,71.06
2012-08-25,,0.0,,,78.08,75.92
2012-08-26,,0.0,,,77.0,75.92
2012-08-27,,0.0,,,80.06,75.92
2012-08-28,,0.0,,,87.08000000000001,75.02
2012-08-29,,0.0,,,77.0,69.08
2012-08-30,,0.0,,,78.98,68.0
2012-08-31,,0.0,,,87.98,73.94
2012-09-01,,0.0,,,91.03999999999999,77.0
2012-09-02,,0.0,,,78.08,75.92
2012-09-03,,0.6614173228346457,,,78.08,75.92
2012-09-04,,0.25984251968503935,,,80.06,77.0
2012-09-05,,0.9881889763779529,,,82.04,75.92
2012-09-06,,0.11811023622047245,,,78.98,71.96
2012-09-07,,0.0,,,80.06,71.06
2012-09-08,,0.07874015748031496,,,80.96,68.0
2012-09-09,,0.03149606299212599,,,73.04,66.02
2012-09-10,,0.0,,,73.94,60.980000000000004
2012-09-11,,0.0,,,71.06,57.02
2012-09-12,,0.0,,,73.04,62.959999999999994
2012-09-13,,0.0,,,71.96,64.04
2012-09-14,,0.0,,,73.94,66.92
2012-09-15,,0.0,,,73.94,64.04
2012-09-16,,0.0,,,73.94,62.059999999999995
2012-09-17,,0.0,,,73.94,60.980000000000004
2012-09-18,,0.40944881889763785,,,78.08,69.98
2012-09-19,,0.0,,,71.06,62.059999999999995
2012-09-20,,0.0,,,69.98,59.0
2012-09-21,,0.0,,,69.98,62.959999999999994
2012-09-22,,0.0984251968503937,,,73.94,66.92
2012-09-23,,0.03937007874015748,,,71.96,57.92
2012-09-24,,0.0,,,68.0,53.96
2012-09-25,,0.0,,,69.08,60.08
2012-09-26,,0.0,,,73.04,68.0
2012-09-27,,0.0,,,73.94,69.08
2012-09-28,,0.05905511811023623,,,73.94,66.02
2012-09-29,,0.0984251968503937,,,69.98,60.08
2012-09-30,,0.011811023622047244,,,69.98,57.02
2012-10-01,,0.0,,,69.98,55.04
2012-10-02,,1.031496062992126,,,73.04,68.0
2012-10-03,,0.0,,,77.0,71.06
2012-10-04,,0.11811023622047245,,,75.02,68.0
2012-10-05,,0.0,,,78.98,64.04
2012-10-06,,0.0,,,75.02,57.92
2012-10-07,,0.0984251968503937,,,60.980000000000004,48.92
2012-10-08,,0.0,,,55.04,46.94
2012-10-09,,1.6692913385826773,,,62.059999999999995,53.06
2012-10-10,,1.5000000000000002,,,66.92,55.94
2012-10-11,,0.0,,,60.980000000000004,48.02
2012-10-12,,0.0,,,64.04,46.04
2012-10-13,,0.0,,,59.0,42.08
2012-10-14,,0.0,,,66.92,57.92
2012-10-15,,0.5511811023622047,,,68.0,60.08
2012-10-16,,0.011811023622047244,,,62.059999999999995,51.98
2012-10-17,,0.0,,,60.980000000000004,48.02
2012-10-18,,0.0,,,66.92,59.0
2012-10-19,,0.1811023622047244,,,69.08,64.04
2012-10-20,,0.0,,,69.08,57.02
2012-10-21,,0.0,,,64.94,51.98
2012-10-22,,0.0,,,68.0,51.08
2012-10-23,,0.0,,,69.98,55.94
2012-10-24,,0.0,,,66.02,62.059999999999995
2012-10-25,,0.0,,,64.04,62.059999999999995
2012-10-26,,0.0,,,66.02,60.980000000000004
2012-10-27,,0.0,,,64.04,60.980000000000004
2012-10-28,,0.9881889763779529,,,62.059999999999995,57.02
2012-10-29,,7.161417322834646,,,62.059999999999995,53.06
2012-10-30,,0.2519685039370079,,,53.96,46.04
2012-10-31,,0.0,,,53.06,46.04
2012-11-01,,0.0,,,51.08,46.04
2012-11-02,,0.0,,,51.98,44.96
2012-11-03,,0.0,,,50.0,44.06
2012-11-04,,0.0,,,48.92,39.02
2012-11-05,,0.0,,,46.04,39.02
2012-11-06,,0.0,,,46.04,33.98
2012-11-07,,1.0118110236220472,,,48.92,33.98
2012-11-08,,0.0,,,48.92,35.06
2012-11-09,,0.0,,,55.04,37.04
2012-11-10,,0.0,,,55.04,41.0
2012-11-11,,0.0,,,59.0,53.06
2012-11-12,,0.0,,,64.04,55.94
2012-11-13,,0.27165354330708663,,,60.08,42.08
2012-11-14,,0.0,,,46.94,37.94
2012-11-15,,0.0,,,46.04,42.08
2012-11-16,,0.0,,,46.94,39.92
2012-11-17,,0.0,,,48.92,37.04
2012-11-18,,0.0,,,51.98,42.980000000000004
2012-11-19,,0.0,,,51.08,48.02
2012-11-20,,0.0,,,48.92,44.96
2012-11-21,,0.0,,,50.0,44.06
2012-11-22,,0.0,,,53.06,42.08
2012-11-23,,0.011811023622047244,,,51.98,39.02
2012-11-24,,0.0,,,51.98,37.94
2012-11-25,,0.0,,,42.08,35.06
2012-11-26,,0.0,,,51.08,37.04
2012-11-27,,0.31102362204724415,,,48.92,37.94
2012-11-28,,0.0,,,42.980000000000004,35.96
2012-11-29,,0.0,,,46.94,33.98
2012-11-30,,0.0,,,48.92,39.02
2012-12-01,5.59234,0.0,,,53.96,44.06
2012-12-02,8.2766632,0.011811023622047244,,,53.06,41.0
2012-12-03,5.59234,0.0,,,66.02,51.98
2012-12-04,8.947744,0.0,,,55.94,53.96
2012-12-05,8.5003568,0.0,,,57.92,39.02
2012-12-06,5.8160336,0.0,,,41.0,32.0
2012-12-07,3.8027912,0.2795275590551181,,,55.04,39.02
2012-12-08,6.039727200000001,2.078740157480315,,,55.04,48.92
2012-12-09,7.6055824,0.531496062992126,,,55.04,48.92
2012-12-10,11.8557608,0.3582677165354331,,,57.92,53.96
2012-12-11,6.9345016,0.0,,,57.92,42.980000000000004
2012-12-12,4.921259200000001,0.0,,,44.96,39.02
2012-12-13,6.4871144,0.0,,,46.04,37.94
2012-12-14,7.3818888,0.0,,,48.92,37.04
2012-12-15,3.8027912,0.0,,,48.92,39.02
2012-12-16,3.8027912,0.2913385826771654,,,53.06,48.92
2012-12-17,6.4871144,0.0905511811023622,,,53.96,46.04
2012-12-18,10.5135992,0.01968503937007874,,,60.08,44.96
2012-12-19,9.3951312,0.0,,,50.0,41.0
2012-12-20,8.2766632,0.0,,,53.06,37.04
2012-12-21,19.2376496,0.531496062992126,,,57.02,39.02
2012-12-22,14.316390400000001,0.0,,,42.08,35.96
2012-12-23,10.7372928,0.0,,,44.96,33.08
2012-12-24,5.8160336,0.2204724409448819,,,46.04,35.06
2012-12-25,6.4871144,0.0,,,46.04,37.94
2012-12-26,15.658552,2.350393700787402,,,55.94,35.06
2012-12-27,10.5135992,0.01968503937007874,,,55.94,35.96
2012-12-28,7.158195200000001,0.0,,,42.08,33.08
2012-12-29,6.9345016,0.2283464566929134,,,44.06,33.98
2012-12-30,9.842518400000001,0.0,,,39.92,33.08
2012-12-31,11.8557608,0.0,,,42.08,32.0
2013-01-01,7.6055824,0.0,,,44.06,35.06
2013-01-02,5.8160336,0.0,,,39.02,28.94
2013-01-03,7.6055824,0.0,,,35.06,28.04
2013-01-04,12.7505352,0.0,,,39.02,32.0
2013-01-05,7.829276,0.0,,,42.08,33.08
2013-01-06,6.4871144,0.0,,,48.92,37.04
2013-01-07,5.59234,0.0,,,46.94,37.04
2013-01-08,6.710808,0.0,,,46.94,35.96
2013-01-09,6.4871144,0.0,,,51.98,42.08
2013-01-10,6.2634208,0.0,,,51.08,41.0
2013-01-11,6.039727200000001,0.33858267716535434,,,51.98,39.92
2013-01-12,4.6975656,0.011811023622047244,,,51.98,44.06
2013-01-13,6.710808,0.0,,,51.08,41.0
2013-01-14,7.3818888,0.05905511811023623,,,59.0,44.06
2013-01-15,7.829276,0.6811023622047244,,,48.02,37.94
2013-01-16,8.7240504,0.4881889763779528,,,42.980000000000004,37.94
2013-01-17,5.59234,0.07086614173228346,,,42.980000000000004,35.96
2013-01-18,5.8160336,0.05118110236220473,,,39.92,32.0
2013-01-19,15.8822456,0.0,,,46.04,32.0
2013-01-20,13.8690032,0.0,,,55.94,37.04
2013-01-21,7.158195200000001,,,,41.0,30.02
2013-01-22,9.6188248,0.0,,,30.02,17.06
2013-01-23,7.6055824,0.0,,,21.92,15.079999999999998
2013-01-24,8.5003568,0.0,,,26.060000000000002,17.96
2013-01-25,5.59234,0.05118110236220473,,,24.98,17.06
2013-01-26,7.829276,0.0,,,28.94,17.96
2013-01-27,6.710808,0.0,,,35.96,19.939999999999998
2013-01-28,9.3951312,0.07874015748031496,,,39.92,28.94
2013-01-29,6.039727200000001,0.0,,,50.0,39.92
2013-01-30,15.658552,0.01968503937007874,,,53.06,46.04
2013-01-31,20.132424,0.38188976377952755,,,55.94,32.0
2013-02-01,10.289905599999999,,,,35.06,24.08
2013-02-02,10.5135992,,,,32.0,19.939999999999998
2013-02-03,5.1449527999999995,,,,35.96,28.04
2013-02-04,8.947744,0.0,,,33.98,24.98
2013-02-05,4.473872,0.0,,,39.92,33.08
2013-02-06,6.710808,0.0,,,41.0,30.92
2013-02-07,8.2766632,0.0,,,42.08,28.94
2013-02-08,14.540084,1.921259842519685,,,44.06,33.08
2013-02-09,13.6453096,,,,35.96,26.96
2013-02-10,6.710808,0.0,,,39.02,21.92
2013-02-11,13.8690032,0.40944881889763785,,,50.0,37.04
2013-02-12,7.829276,0.0,,,50.0,37.94
2013-02-13,6.9345016,0.33858267716535434,,,42.08,33.98
2013-02-14,6.9345016,0.07874015748031496,,,44.06,33.98
2013-02-15,9.6188248,0.0,,,46.04,39.02
2013-02-16,6.4871144,0.07086614173228346,,,44.06,30.92
2013-02-17,12.9742288,0.0,,,33.08,24.98
2013-02-18,10.066212,0.0,,,37.94,21.92
2013-02-19,14.0926968,0.16141732283464566,,,46.94,35.96
2013-02-20,10.960986400000001,0.0,,,44.96,28.04
2013-02-21,10.289905599999999,0.0,,,35.96,24.98
2013-02-22,5.59234,0.01968503937007874,,,37.04,26.96
2013-02-23,6.9345016,0.33070866141732286,,,46.04,35.96
2013-02-24,8.7240504,0.01968503937007874,,,48.92,33.98
2013-02-25,5.59234,0.0,,,42.08,30.92
2013-02-26,12.7505352,0.8818897637795275,,,46.94,33.98
2013-02-27,8.5003568,0.33070866141732286,,,55.04,42.980000000000004
2013-02-28,5.8160336,0.03937007874015748,,,48.02,39.02
2013-03-01,7.3818888,0.0,,,44.96,35.06
2013-03-02,7.829276,0.0,,,41.0,33.08
2013-03-03,8.7240504,0.0,,,37.94,30.02
2013-03-04,8.947744,0.0,,,42.08,32.0
2013-03-05,6.2634208,0.0,,,42.08,30.92
2013-03-06,25.9484576,2.3818897637795278,,,42.08,35.96
2013-03-07,9.6188248,0.1889763779527559,,,44.06,35.06
2013-03-08,13.197922400000001,0.011811023622047244,,,41.0,32.0
2013-03-09,6.710808,0.0,,,53.06,35.96
2013-03-10,6.4871144,0.0,,,42.08,35.96
2013-03-11,8.5003568,0.0,,,51.08,39.92
2013-03-12,15.2111648,0.5118110236220472,,,53.96,42.980000000000004
2013-03-13,6.710808,0.07874015748031496,,,48.92,37.94
2013-03-14,10.066212,0.0,,,42.08,32.0
2013-03-15,11.18468,0.0,,,48.92,32.0
2013-03-16,8.947744,0.07086614173228346,,,44.06,35.96
2013-03-17,5.3686464,0.0,,,39.92,33.98
2013-03-18,14.316390400000001,1.0118110236220472,,,48.02,35.96
2013-03-19,6.039727200000001,0.2795275590551181,,,51.08,39.92
2013-03-20,10.7372928,0.0,,,48.02,33.98
2013-03-21,6.710808,0.011811023622047244,,,44.06,30.92
2013-03-22,9.6188248,0.0,,,42.08,30.02
2013-03-23,8.2766632,0.0,,,48.02,32.0
2013-03-24,6.710808,0.0,,,42.980000000000004,33.98
2013-03-25,13.421616,1.0984251968503937,,,41.0,33.98
2013-03-26,6.039727200000001,0.0,,,48.92,35.06
2013-03-27,6.2634208,0.0,,,48.92,37.94
2013-03-28,7.3818888,0.0,,,48.02,37.04
2013-03-29,5.8160336,0.0,,,53.96,39.02
2013-03-30,6.4871144,0.0,,,53.06,39.92
2013-03-31,10.289905599999999,0.1889763779527559,,,51.08,44.96
2013-04-01,9.3951312,0.0,,,55.04,42.08
2013-04-02,8.5003568,0.0,,,46.04,37.04
2013-04-03,8.5003568,0.0,,,48.02,35.06
2013-04-04,8.0529696,0.011811023622047244,,,42.980000000000004,32.0
2013-04-05,5.8160336,0.9409448818897638,,,59.0,39.02
2013-04-06,8.0529696,0.0,,,53.06,37.94
2013-04-07,10.7372928,0.0,,,50.0,42.08
2013-04-08,9.842518400000001,0.0,,,60.08,48.92
2013-04-09,10.289905599999999,0.0,,,82.04,51.98
2013-04-10,9.3951312,0.07086614173228346,,,77.0,51.98
2013-04-11,12.5268416,0.011811023622047244,,,62.959999999999994,46.94
2013-04-12,11.18468,0.20866141732283466,,,55.94,46.04
2013-04-13,8.0529696,0.0,,,57.02,44.96
2013-04-14,6.9345016,0.0,,,62.059999999999995,48.02
2013-04-15,10.960986400000001,0.0,,,53.06,48.02
2013-04-16,12.303148,0.0,,,57.92,48.02
2013-04-17,9.6188248,0.0,,,64.04,53.06
2013-04-18,9.3951312,0.0,,,57.92,51.08
2013-04-19,13.8690032,0.14960629921259844,,,60.980000000000004,55.04
2013-04-20,8.7240504,0.3188976377952756,,,60.980000000000004,48.92
2013-04-21,10.066212,0.0,,,51.98,41.0
2013-04-22,19.013956,0.0,,,46.94,44.96
2013-04-23,12.303148,0.0,,,48.02,44.06
2013-04-24,11.6320672,0.0,,,53.96,44.96
2013-04-25,8.947744,0.03149606299212599,,,59.0,46.94
2013-04-26,6.039727200000001,0.0,,,60.980000000000004,50.0
2013-04-27,6.4871144,0.0,,,55.94,48.92
2013-04-28,6.4871144,0.0,,,59.0,50.0
2013-04-29,9.3951312,0.6692913385826772,,,55.94,51.98
2013-04-30,13.8690032,0.0,,,57.02,51.98
2013-05-01,10.960986400000001,0.0,,,53.96,50.0
2013-05-02,8.7240504,0.0,,,55.94,50.0
2013-05-03,14.316390400000001,0.0,,,53.06,48.92
2013-05-04,12.303148,0.0,,,55.04,48.02
2013-05-05,13.197922400000001,0.0,,,51.08,48.02
2013-05-06,10.066212,0.0,,,53.06,48.92
2013-05-07,9.3951312,0.05118110236220473,,,57.02,51.08
2013-05-08,7.6055824,0.05905511811023623,,,62.059999999999995,55.94
2013-05-09,6.710808,0.03937007874015748,,,69.98,55.94
2013-05-10,8.7240504,0.0,,,69.08,60.08
2013-05-11,9.171437599999999,1.078740157480315,,,66.02,60.08
2013-05-12,7.158195200000001,0.07086614173228346,,,66.02,53.06
2013-05-13,7.829276,0.0,,,57.92,46.94
2013-05-14,7.6055824,0.0,,,60.08,42.980000000000004
2013-05-15,12.303148,0.0,,,62.059999999999995,53.96
2013-05-16,6.039727200000001,0.0,,,73.04,60.980000000000004
2013-05-17,6.4871144,0.0,,,71.96,60.08
2013-05-18,7.158195200000001,0.0905511811023622,,,62.059999999999995,57.02
2013-05-19,10.7372928,0.14173228346456693,,,60.980000000000004,57.02
2013-05-20,8.7240504,0.0,,,68.0,60.980000000000004
2013-05-21,10.289905599999999,0.0,,,69.98,64.04
2013-05-22,11.4083736,0.0,,,71.96,64.94
2013-05-23,13.8690032,0.011811023622047244,,,66.92,62.959999999999994
2013-05-24,10.5135992,0.27165354330708663,,,68.0,46.94
2013-05-25,8.5003568,0.011811023622047244,,,62.059999999999995,46.04
2013-05-26,8.0529696,0.0,,,69.08,51.08
2013-05-27,6.039727200000001,0.0,,,64.94,53.06
2013-05-28,8.947744,0.24803149606299213,,,62.059999999999995,60.08
2013-05-29,12.5268416,0.0,,,71.06,60.08
2013-05-30,9.171437599999999,0.0,,,75.02,64.94
2013-05-31,10.289905599999999,0.0,,,75.92,66.02
2013-06-01,12.303148,0.0,,,71.96,64.94
2013-06-02,13.197922400000001,0.05905511811023623,,,69.08,64.04
2013-06-03,6.039727200000001,1.1496062992125984,,,69.98,64.04
2013-06-04,5.59234,0.0,,,71.96,60.08
2013-06-05,5.59234,0.0,,,66.92,60.08
2013-06-06,7.829276,0.0,,,66.02,60.980000000000004
2013-06-07,10.960986400000001,2.6181102362204727,,,71.06,64.04
2013-06-08,7.829276,0.16141732283464566,,,71.96,64.04
2013-06-09,4.921259200000001,0.0,,,73.94,66.02
2013-06-10,10.289905599999999,0.6614173228346457,,,69.08,66.02
2013-06-11,11.6320672,0.05118110236220473,,,80.96,66.92
2013-06-12,7.6055824,0.0,,,84.02,68.0
2013-06-13,10.289905599999999,1.3976377952755907,,,73.94,66.02
2013-06-14,7.158195200000001,0.20866141732283466,,,69.98,55.94
2013-06-15,7.3818888,0.0,,,80.06,62.959999999999994
2013-06-16,8.2766632,0.11811023622047245,,,78.08,68.0
2013-06-17,8.5003568,0.011811023622047244,,,78.98,69.98
2013-06-18,8.0529696,2.3700787401574805,,,73.04,64.94
2013-06-19,7.829276,0.011811023622047244,,,68.0,64.04
2013-06-20,6.039727200000001,0.0,,,71.06,62.059999999999995
2013-06-21,5.1449527999999995,0.0,,,69.98,62.059999999999995
2013-06-22,6.039727200000001,0.0,,,71.96,64.94
2013-06-23,8.7240504,0.01968503937007874,,,75.92,69.08
2013-06-24,8.0529696,0.0,,,82.94,71.96
2013-06-25,8.947744,0.0,,,87.98,73.94
2013-06-26,8.7240504,0.011811023622047244,,,82.04,73.04
2013-06-27,10.066212,0.011811023622047244,,,78.08,71.96
2013-06-28,10.7372928,0.05905511811023623,,,78.08,71.96
2013-06-29,10.289905599999999,0.05118110236220473,,,75.92,69.08
2013-06-30,8.947744,0.16141732283464566,,,75.02,71.06
2013-07-01,10.5135992,0.07086614173228346,,,75.02,71.96
2013-07-02,11.4083736,0.011811023622047244,,,75.02,71.06
2013-07-03,10.960986400000001,0.0,,,75.92,71.06
2013-07-04,11.4083736,0.0,,,78.08,71.06
2013-07-05,10.960986400000001,0.0,,,78.98,69.98
2013-07-06,8.5003568,0.0,,,82.94,73.04
2013-07-07,8.2766632,0.0,,,82.04,73.94
2013-07-08,8.5003568,0.0,,,82.04,73.94
2013-07-09,8.947744,0.0,,,78.08,71.96
2013-07-10,10.289905599999999,0.2283464566929134,,,77.0,71.96
2013-07-11,7.829276,0.0984251968503937,,,77.0,69.98
2013-07-12,8.2766632,0.4881889763779528,,,73.04,66.02
2013-07-13,6.4871144,0.0,,,78.98,66.02
2013-07-14,7.6055824,0.0,,,82.94,73.04
2013-07-15,6.9345016,0.0,,,93.02,75.02
2013-07-16,6.710808,0.0,,,87.08000000000001,80.06
2013-07-17,6.2634208,0.0,,,87.08000000000001,78.98
2013-07-18,9.171437599999999,0.0,,,89.96000000000001,78.98
2013-07-19,10.7372928,0.0,,,87.98,78.08
2013-07-20,10.289905599999999,1.1181102362204725,,,87.08000000000001,73.04
2013-07-21,6.710808,1.4370078740157481,,,82.04,73.04
2013-07-22,4.921259200000001,0.0,,,80.06,73.04
2013-07-23,8.5003568,0.5393700787401575,,,82.94,73.94
2013-07-24,5.8160336,0.0,,,82.94,71.96
2013-07-25,11.4083736,0.01968503937007874,,,75.92,66.02
2013-07-26,6.710808,0.0,,,73.94,64.94
2013-07-27,7.6055824,0.0,,,75.92,69.98
2013-07-28,8.0529696,0.01968503937007874,,,75.92,69.98
2013-07-29,5.3686464,0.011811023622047244,,,82.04,69.98
2013-07-30,6.2634208,0.0,,,80.96,68.0
2013-07-31,6.2634208,0.0,,,75.92,69.08
2013-08-01,8.5003568,0.8582677165354331,,,75.92,69.98
2013-08-02,7.3818888,0.0,,,82.04,69.98
2013-08-03,8.2766632,0.0,,,80.06,69.98
2013-08-04,6.4871144,0.0,,,80.96,66.92
2013-08-05,4.921259200000001,0.0,,,78.08,64.94
2013-08-06,5.3686464,0.0,,,73.94,68.0
2013-08-07,8.5003568,0.24015748031496062,,,75.02,71.96
2013-08-08,11.6320672,0.011811023622047244,,,78.08,73.94
2013-08-09,10.5135992,0.0,,,80.06,73.94
2013-08-10,5.59234,0.0,,,82.04,75.02
2013-08-11,7.3818888,0.0,,,75.92,69.98
2013-08-12,4.0264848,0.05118110236220473,,,78.98,73.94
2013-08-13,6.9345016,1.2086614173228347,,,80.96,71.96
2013-08-14,8.0529696,0.0,,,75.92,64.94
2013-08-15,4.921259200000001,0.0,,,71.96,62.959999999999994
2013-08-16,6.039727200000001,0.0,,,75.02,64.04
2013-08-17,6.039727200000001,0.0,,,73.94,64.04
2013-08-18,8.0529696,0.0,,,73.94,68.0
2013-08-19,6.039727200000001,0.0,,,75.02,66.92
2013-08-20,6.9345016,0.0,,,78.08,68.0
2013-08-21,8.0529696,0.0,,,80.06,71.96
2013-08-22,8.0529696,0.11811023622047245,,,78.08,71.96
2013-08-23,5.1449527999999995,0.03149606299212599,,,78.08,69.98
2013-08-24,7.829276,0.0,,,71.96,64.04
2013-08-25,6.039727200000001,0.0,,,75.02,62.959999999999994
2013-08-26,12.079454400000001,0.0,,,77.0,68.0
2013-08-27,6.9345016,0.0,,,87.08000000000001,73.04
2013-08-28,4.2501784,0.3582677165354331,,,78.98,71.96
2013-08-29,9.3951312,0.0,,,73.94,71.96
2013-08-30,8.0529696,0.0,,,75.92,69.98
2013-08-31,13.6453096,0.0,,,77.0,73.04
2013-09-01,9.842518400000001,0.0,,,78.08,73.94
2013-09-02,7.158195200000001,0.01968503937007874,,,77.0,73.04
2013-09-03,6.2634208,0.0,,,84.02,69.08
2013-09-04,7.158195200000001,0.0,,,80.06,64.04
2013-09-05,7.3818888,0.0,,,80.06,66.02
2013-09-06,6.2634208,0.0,,,69.08,59.0
2013-09-07,6.039727200000001,0.0,,,71.96,60.980000000000004
2013-09-08,7.3818888,0.0,,,84.02,66.02
2013-09-09,10.066212,0.0,,,71.06,64.04
2013-09-10,11.6320672,0.0,,,75.92,71.06
2013-09-11,8.947744,0.0,,,80.06,73.94
2013-09-12,10.960986400000001,0.07086614173228346,,,78.08,73.04
2013-09-13,7.158195200000001,0.0,,,75.92,62.059999999999995
2013-09-14,7.3818888,0.0,,,66.92,55.94
2013-09-15,7.829276,0.0,,,68.0,53.96
2013-09-16,6.710808,0.0,,,71.06,60.08
2013-09-17,9.3951312,0.0,,,62.959999999999994,53.06
2013-09-18,4.473872,0.0,,,64.04,51.98
2013-09-19,6.4871144,0.0,,,66.92,57.92
2013-09-20,6.2634208,0.0,,,71.06,60.08
2013-09-21,7.158195200000001,0.0905511811023622,,,73.04,64.04
2013-09-22,8.0529696,0.3503937007874016,,,71.06,55.94
2013-09-23,6.4871144,0.0,,,66.02,51.98
2013-09-24,6.710808,0.0,,,69.98,48.02
2013-09-25,4.6975656,0.0,,,66.02,53.96
2013-09-26,5.8160336,0.0,,,66.92,57.92
2013-09-27,8.7240504,0.0,,,66.02,59.0
2013-09-28,8.7240504,0.0,,,66.02,60.08
2013-09-29,8.0529696,0.0,,,66.02,59.0
2013-09-30,4.921259200000001,0.0,,,68.0,55.94
2013-10-01,7.3818888,0.0,,,80.06,60.08
2013-10-02,7.3818888,0.0,,,82.04,64.94
2013-10-03,6.2634208,0.0,,,71.96,66.02
2013-10-04,6.2634208,0.0,,,75.92,68.0
2013-10-05,6.710808,0.0,,,73.94,66.92
2013-10-06,7.6055824,0.0,,,73.94,66.92
2013-10-07,11.18468,0.11023622047244094,,,73.94,62.059999999999995
2013-10-08,8.947744,0.0,,,64.94,55.94
2013-10-09,17.4481008,0.07086614173228346,,,64.94,60.980000000000004
2013-10-10,16.77702,1.3503937007874016,,,64.94,60.980000000000004
2013-10-11,16.77702,0.7007874015748032,,,66.02,64.04
2013-10-12,15.8822456,0.5078740157480316,,,64.94,62.059999999999995
2013-10-13,16.5533264,0.0,,,64.94,60.980000000000004
2013-10-14,8.5003568,0.0,,,62.959999999999994,55.94
2013-10-15,7.3818888,0.0,,,64.04,55.04
2013-10-16,5.59234,0.0,,,64.94,60.08
2013-10-17,8.2766632,0.0,,,66.92,62.059999999999995
2013-10-18,7.3818888,0.0,,,66.92,57.02
2013-10-19,5.8160336,0.01968503937007874,,,64.04,55.04
2013-10-20,6.710808,0.0,,,64.04,50.0
2013-10-21,6.4871144,0.0,,,62.959999999999994,53.06
2013-10-22,6.710808,0.0,,,69.08,53.96
2013-10-23,4.921259200000001,0.4488188976377953,,,55.94,46.04
2013-10-24,9.6188248,0.0,,,51.98,42.08
2013-10-25,7.6055824,0.0,,,53.96,39.92
2013-10-26,12.303148,0.0,,,57.02,41.0
2013-10-27,8.2766632,0.0,,,57.92,48.92
2013-10-28,3.8027912,0.0,,,60.08,46.04
2013-10-29,7.829276,0.0,,,59.0,48.92
2013-10-30,3.5790976000000003,0.03149606299212599,,,60.08,55.94
2013-10-31,9.6188248,0.0,,,64.04,57.92
2013-11-01,12.303148,0.0905511811023622,,,66.02,62.059999999999995
2013-11-02,4.2501784,0.0,,,66.02,55.94
2013-11-03,7.3818888,0.0,,,57.92,37.94
2013-11-04,8.947744,0.0,,,50.0,35.96
2013-11-05,8.0529696,0.0,,,55.94,44.06
2013-11-06,6.710808,0.0,,,62.059999999999995,48.92
2013-11-07,9.6188248,0.3188976377952756,,,62.059999999999995,46.04
2013-11-08,7.829276,0.0,,,50.0,41.0
2013-11-09,8.7240504,0.0,,,53.96,37.94
2013-11-10,11.4083736,0.0,,,62.059999999999995,46.94
2013-11-11,9.6188248,0.0,,,53.96,42.08
2013-11-12,11.6320672,0.0,,,53.06,33.98
2013-11-13,10.289905599999999,0.0,,,39.92,30.92
2013-11-14,11.4083736,0.0,,,53.96,35.06
2013-11-15,7.829276,0.0,,,53.96,44.06
2013-11-16,3.8027912,0.20078740157480315,,,51.08,46.04
2013-11-17,4.6975656,0.0,,,62.059999999999995,48.92
2013-11-18,10.066212,0.20866141732283466,,,66.02,53.06
2013-11-19,9.3951312,0.0,,,55.04,37.94
2013-11-20,6.9345016,0.0,,,46.94,35.06
2013-11-21,5.1449527999999995,0.0,,,55.04,39.92
2013-11-22,7.829276,0.07874015748031496,,,59.0,51.98
2013-11-23,9.3951312,0.011811023622047244,,,55.04,35.06
2013-11-24,11.8557608,0.0,,,39.02,26.060000000000002
2013-11-25,8.2766632,0.0,,,37.04,24.08
2013-11-26,9.171437599999999,0.3503937007874016,,,57.92,35.06
2013-11-27,12.7505352,0.767716535433071,,,62.059999999999995,33.98
2013-11-28,8.0529696,0.01968503937007874,,,37.94,32.0
2013-11-29,3.5790976000000003,0.0,,,41.0,32.0
2013-11-30,5.8160336,0.0,,,42.08,28.94
2013-12-01,5.3686464,0.0,,,46.94,35.96
2013-12-02,2.236936,0.0,,,48.02,37.94
2013-12-03,4.2501784,0.0,,,50.0,39.92
2013-12-04,4.473872,0.0,,,53.96,42.980000000000004
2013-12-05,8.2766632,0.0,,,55.94,50.0
2013-12-06,11.8557608,0.27165354330708663,,,57.92,42.08
2013-12-07,8.7240504,0.14173228346456693,,,42.980000000000004,33.98
2013-12-08,8.0529696,0.2992125984251969,,,44.06,30.02
2013-12-09,8.7240504,1.0472440944881891,,,48.02,35.96
2013-12-10,6.710808,0.14960629921259844,,,35.96,32.0
2013-12-11,6.9345016,0.03149606299212599,,,37.94,28.94
2013-12-12,7.6055824,0.0,,,33.08,26.060000000000002
2013-12-13,8.7240504,0.0,,,39.92,26.96
2013-12-14,8.0529696,0.4015748031496063,,,50.0,35.06
2013-12-15,10.7372928,0.2795275590551181,,,55.04,33.98
2013-12-16,8.0529696,0.0,,,35.96,30.02
2013-12-17,7.158195200000001,0.011811023622047244,,,46.94,30.02
2013-12-18,7.829276,0.0,,,39.02,28.04
2013-12-19,9.6188248,0.0,,,51.08,33.08
2013-12-20,11.4083736,0.0,,,51.08,46.04
2013-12-21,13.421616,0.0,,,55.04,50.0
2013-12-22,13.421616,0.01968503937007874,,,59.0,51.98
2013-12-23,8.0529696,0.25984251968503935,,,59.0,44.06
2013-12-24,7.158195200000001,0.03149606299212599,,,46.94,30.02
2013-12-25,6.4871144,0.0,,,35.06,24.08
2013-12-26,5.59234,0.0,,,44.06,30.02
2013-12-27,7.158195200000001,0.0,,,44.96,32.0
2013-12-28,8.947744,0.0,,,50.0,35.96
2013-12-29,11.6320672,1.0708661417322836,,,55.04,44.06
2013-12-30,74.937356,0.0,,,48.02,32.0
2013-12-31,6.9345016,0.0,,,41.0,28.94
2014-01-01,5.1449527999999995,0.0,,,42.08,28.94
2014-01-02,6.039727200000001,,,,39.92,28.94
2014-01-03,13.421616,,,,32.0,14.0
2014-01-04,7.158195200000001,0.0,,,37.04,14.0
2014-01-05,8.5003568,0.05905511811023623,,,55.04,32.0
2014-01-06,12.9742288,0.3582677165354331,,,55.04,17.96
2014-01-07,14.9874712,0.0,,,28.94,6.979999999999997
2014-01-08,6.4871144,0.0,,,26.96,12.020000000000003
2014-01-09,5.1449527999999995,0.0,,,35.06,26.060000000000002
2014-01-10,4.2501784,0.27165354330708663,,,51.98,30.02
2014-01-11,15.2111648,0.48031496062992124,,,59.0,46.94
2014-01-12,8.947744,0.011811023622047244,,,50.0,37.04
2014-01-13,8.947744,0.0,,,48.02,37.04
2014-01-14,8.5003568,0.8700787401574804,,,50.0,39.92
2014-01-15,5.3686464,0.011811023622047244,,,44.06,35.06
2014-01-16,6.9345016,0.0,,,41.0,33.98
2014-01-17,8.0529696,0.0,,,44.06,32.0
2014-01-18,8.2766632,0.0,,,44.06,26.060000000000002
2014-01-19,11.4083736,0.0,,,44.96,24.08
2014-01-20,8.2766632,0.0,,,50.0,37.94
2014-01-21,13.6453096,,,,42.08,17.06
2014-01-22,12.303148,0.011811023622047244,,,17.96,8.96
2014-01-23,8.0529696,0.0,,,24.08,12.020000000000003
2014-01-24,10.066212,0.0,,,24.08,12.020000000000003
2014-01-25,20.132424,,,,32.0,21.02
2014-01-26,9.6188248,0.0,,,39.92,21.02
2014-01-27,13.197922400000001,0.0,,,46.04,24.98
2014-01-28,8.0529696,,,,28.04,15.079999999999998
2014-01-29,9.3951312,,,,21.92,14.0
2014-01-30,4.0264848,0.011811023622047244,,,26.060000000000002,15.079999999999998
2014-01-31,5.8160336,0.0,,,37.04,21.92
2014-02-01,4.0264848,0.0,,,46.04,30.02
2014-02-02,6.2634208,0.07874015748031496,,,48.02,41.0
2014-02-03,8.7240504,1.0078740157480317,,,48.02,33.08
2014-02-04,6.039727200000001,0.0,,,35.96,28.94
2014-02-05,10.960986400000001,0.9803149606299213,,,39.92,35.06
2014-02-06,9.171437599999999,0.0,,,39.92,26.060000000000002
2014-02-07,5.59234,0.0,,,37.94,26.96
2014-02-08,4.473872,0.0,,,32.0,26.060000000000002
2014-02-09,5.3686464,,,,32.0,24.08
2014-02-10,7.6055824,0.0,,,28.94,23.0
2014-02-11,7.6055824,0.0,,,28.94,19.939999999999998
2014-02-12,9.3951312,,,,33.98,15.979999999999997
2014-02-13,18.1191816,1.9488188976377954,,,39.92,33.08
2014-02-14,14.7637776,0.01968503937007874,,,46.04,32.0
2014-02-15,13.421616,0.14960629921259844,,,42.980000000000004,30.02
2014-02-16,8.0529696,0.0,,,32.0,24.08
2014-02-17,7.6055824,0.0,,,35.96,21.02
2014-02-18,8.0529696,0.5787401574803149,,,48.92,32.0
2014-02-19,11.18468,0.03937007874015748,,,51.98,35.96
2014-02-20,6.039727200000001,0.0,,,50.0,39.02
2014-02-21,9.3951312,0.0984251968503937,,,51.08,41.0
2014-02-22,10.7372928,0.0,,,50.0,39.92
2014-02-23,8.0529696,0.0,,,57.92,42.980000000000004
2014-02-24,9.3951312,0.0,,,48.02,32.0
2014-02-25,6.2634208,,,,33.08,28.94
2014-02-26,6.710808,,,,33.98,24.08
2014-02-27,10.5135992,0.0,,,37.94,19.939999999999998
2014-02-28,8.2766632,0.0,,,26.060000000000002,12.020000000000003
2014-03-01,4.921259200000001,0.0,,,39.02,24.08
2014-03-02,5.59234,0.0984251968503937,,,44.96,35.06
2014-03-03,8.7240504,,,,35.96,19.22
2014-03-04,5.3686464,0.0,,,29.12,15.259999999999998
2014-03-05,6.2634208,,,,37.04,26.240000000000002
2014-03-06,14.0926968,0.0,,,33.08,27.14
2014-03-07,14.0926968,0.03149606299212599,,,37.04,32.0
2014-03-08,6.4871144,0.0,,,57.92,33.08
2014-03-09,6.9345016,0.0,,,48.92,37.94
2014-03-10,9.3951312,0.0,,,51.98,37.94
2014-03-11,7.829276,0.0,,,64.04,44.96
2014-03-12,11.8557608,0.33070866141732286,,,53.96,32.0
2014-03-13,12.5268416,0.0,,,50.0,22.1
2014-03-14,12.9742288,0.0,,,44.06,28.22
2014-03-15,13.197922400000001,0.0,,,60.980000000000004,42.08
2014-03-16,8.0529696,,,,50.0,29.12
2014-03-17,14.9874712,,,,33.08,28.22
2014-03-18,14.0926968,0.01968503937007874,,,37.94,32.0
2014-03-19,11.4083736,0.3188976377952756,,,51.08,37.94
2014-03-20,10.7372928,0.0,,,55.94,42.980000000000004
2014-03-21,8.947744,0.0,,,53.96,37.94
2014-03-22,10.5135992,0.0,,,64.94,44.06
2014-03-23,5.1449527999999995,0.0,,,55.94,32.0
2014-03-24,7.6055824,0.0,,,35.96,24.26
2014-03-25,8.947744,,,,37.04,31.1
2014-03-26,15.658552,0.01968503937007874,,,35.96,28.22
2014-03-27,9.171437599999999,0.0,,,41.0,26.240000000000002
2014-03-28,16.5533264,0.0,,,50.0,39.02
2014-03-29,9.6188248,1.8582677165354333,,,55.04,44.96
2014-03-30,8.7240504,0.2795275590551181,,,55.04,39.92
2014-03-31,16.3296328,0.01968503937007874,,,55.04,37.94
2014-04-01,7.3818888,0.0,,,46.94,39.02
2014-04-02,4.473872,0.0,,,51.08,42.980000000000004
2014-04-03,6.039727200000001,0.0,,,50.0,44.96
2014-04-04,11.6320672,0.0,,,46.94,44.06
2014-04-05,8.5003568,0.0,,,57.02,42.980000000000004
2014-04-06,7.829276,0.0,,,46.94,37.94
2014-04-07,8.947744,0.14960629921259844,,,51.98,41.0
2014-04-08,11.18468,0.07086614173228346,,,62.959999999999994,50.0
2014-04-09,5.8160336,0.0,,,62.059999999999995,46.04
2014-04-10,9.3951312,0.0,,,53.06,44.96
2014-04-11,12.303148,0.0,,,59.0,51.08
2014-04-12,7.158195200000001,0.0,,,60.980000000000004,51.98
2014-04-13,12.9742288,0.0,,,59.0,51.98
2014-04-14,15.658552,0.0,,,60.08,53.06
2014-04-15,15.2111648,0.9291338582677167,,,57.92,35.96
2014-04-16,10.7372928,0.1811023622047244,,,46.94,32.0
2014-04-17,14.7637776,0.0,,,44.06,41.0
2014-04-18,8.0529696,0.0,,,44.06,39.92
2014-04-19,4.6975656,0.0,,,53.96,42.08
2014-04-20,12.5268416,0.0,,,50.0,44.06
2014-04-21,6.710808,0.0,,,51.98,39.92
2014-04-22,8.2766632,0.0,,,64.04,48.92
2014-04-23,12.7505352,0.0,,,60.08,46.94
2014-04-24,8.7240504,0.0,,,60.980000000000004,44.06
2014-04-25,7.6055824,0.05118110236220473,,,53.96,44.96
2014-04-26,10.289905599999999,0.20078740157480315,,,69.08,48.92
2014-04-27,7.3818888,0.0,,,60.980000000000004,46.94
2014-04-28,6.039727200000001,0.0,,,51.98,44.96
2014-04-29,21.921972800000002,0.12992125984251968,,,50.0,46.94
2014-04-30,16.5533264,1.9606299212598426,,,55.94,48.92
2014-05-01,10.7372928,0.03937007874015748,,,62.959999999999994,53.96
2014-05-02,7.829276,0.011811023622047244,,,66.02,55.94
2014-05-03,6.039727200000001,0.03937007874015748,,,62.059999999999995,53.06
2014-05-04,7.3818888,0.0,,,68.0,53.96
2014-05-05,7.6055824,0.0,,,66.92,50.0
2014-05-06,6.4871144,0.0,,,60.08,51.98
2014-05-07,6.039727200000001,0.07874015748031496,,,57.92,50.0
2014-05-08,6.4871144,0.07874015748031496,,,66.02,53.06
2014-05-09,4.473872,0.0,,,62.959999999999994,53.06
2014-05-10,11.6320672,0.011811023622047244,,,78.08,55.04
2014-05-11,8.0529696,0.0,,,77.0,62.959999999999994
2014-05-12,10.289905599999999,0.0,,,71.06,60.980000000000004
2014-05-13,11.18468,0.0,,,69.98,53.06
2014-05-14,8.2766632,0.0,,,60.980000000000004,53.06
2014-05-15,12.079454400000001,0.0,,,66.92,57.92
2014-05-16,13.6453096,1.4409448818897639,,,64.04,60.08
2014-05-17,5.8160336,0.0,,,68.0,55.04
2014-05-18,6.2634208,0.0,,,64.04,53.06
2014-05-19,6.2634208,0.0,,,71.06,51.98
2014-05-20,6.2634208,0.01968503937007874,,,75.02,55.94
2014-05-21,4.2501784,0.0,,,68.0,62.059999999999995
2014-05-22,5.8160336,0.16141732283464566,,,66.02,60.08
2014-05-23,5.8160336,0.07086614173228346,,,69.98,57.02
2014-05-24,6.9345016,0.2283464566929134,,,62.059999999999995,57.02
2014-05-25,6.2634208,0.0,,,78.98,55.94
2014-05-26,9.3951312,0.0,,,75.92,64.04
2014-05-27,8.2766632,0.0984251968503937,,,82.94,69.08
2014-05-28,12.303148,0.20866141732283466,,,69.98,55.04
2014-05-29,10.5135992,0.0,,,55.94,53.96
2014-05-30,6.2634208,0.0,,,68.0,55.04
2014-05-31,10.5135992,0.0,,,66.02,59.0
2014-06-01,5.8160336,0.0,,,66.02,53.06
2014-06-02,10.289905599999999,0.0,,,68.0,57.92
2014-06-03,8.7240504,0.0,,,75.02,62.959999999999994
2014-06-04,7.3818888,0.0,,,75.02,64.04
2014-06-05,7.3818888,0.2795275590551181,,,73.94,64.94
2014-06-06,5.1449527999999995,0.0,,,75.92,62.959999999999994
2014-06-07,6.2634208,0.0,,,71.06,64.04
2014-06-08,8.2766632,0.0,,,80.06,66.02
2014-06-09,9.842518400000001,0.0,,,71.06,68.0
2014-06-10,6.9345016,0.0,,,71.96,69.08
2014-06-11,10.5135992,0.0,,,69.98,64.94
2014-06-12,7.829276,0.01968503937007874,,,69.98,64.94
2014-06-13,7.6055824,0.03937007874015748,,,78.08,66.92
2014-06-14,8.5003568,0.0,,,78.98,64.04
2014-06-15,6.9345016,0.0,,,82.04,59.0
2014-06-16,7.3818888,0.0,,,73.94,66.02
2014-06-17,10.066212,0.0,,,82.04,69.98
2014-06-18,8.5003568,0.0,,,93.91999999999999,78.08
2014-06-19,5.8160336,1.389763779527559,,,84.02,69.08
2014-06-20,6.2634208,0.011811023622047244,,,73.04,66.02
2014-06-21,5.59234,0.0,,,71.96,68.0
2014-06-22,5.8160336,0.0,,,71.06,68.0
2014-06-23,5.8160336,0.0,,,75.02,68.0
2014-06-24,9.842518400000001,0.0,,,73.94,69.98
2014-06-25,10.7372928,0.0,,,77.0,73.04
2014-06-26,5.3686464,0.1811023622047244,,,84.02,71.96
2014-06-27,9.6188248,0.0,,,77.0,69.08
2014-06-28,5.59234,0.0,,,73.94,64.94
2014-06-29,6.4871144,0.0,,,73.04,66.92
2014-06-30,8.5003568,0.0,,,75.92,71.96
2014-07-01,11.8557608,0.0,,,78.08,73.04
2014-07-02,11.18468,0.07086614173228346,,,78.98,73.94
2014-07-03,12.5268416,0.2204724409448819,,,80.96,71.96
2014-07-04,8.7240504,1.2007874015748032,,,78.08,64.94
2014-07-05,7.6055824,0.0,,,80.96,62.059999999999995
2014-07-06,10.960986400000001,0.0,,,75.02,68.0
2014-07-07,13.197922400000001,0.0,,,78.98,69.08
2014-07-08,12.7505352,0.03937007874015748,,,82.04,69.98
2014-07-09,7.3818888,0.11023622047244094,,,80.06,69.98
2014-07-10,6.2634208,1.188976377952756,,,73.94,68.0
2014-07-11,5.1449527999999995,0.0,,,75.92,68.0
2014-07-12,6.039727200000001,0.0,,,75.02,69.08
2014-07-13,11.8557608,0.0,,,75.92,71.96
2014-07-14,10.289905599999999,0.14960629921259844,,,77.0,71.96
2014-07-15,10.7372928,0.33070866141732286,,,77.0,71.06
2014-07-16,4.921259200000001,0.05118110236220473,,,80.06,69.98
2014-07-17,5.3686464,0.0,,,80.06,66.92
2014-07-18,5.3686464,0.0,,,73.94,64.94
2014-07-19,7.158195200000001,0.0,,,73.04,66.92
2014-07-20,9.171437599999999,1.0393700787401574,,,71.96,66.92
2014-07-21,5.8160336,0.0,,,73.04,64.94
2014-07-22,6.710808,0.0,,,75.92,69.08
2014-07-23,10.066212,0.0,,,78.08,71.96
2014-07-24,5.59234,0.011811023622047244,,,78.98,71.96
2014-07-25,7.3818888,0.0,,,75.02,64.94
2014-07-26,8.0529696,0.011811023622047244,,,75.92,71.06
2014-07-27,10.5135992,0.07874015748031496,,,80.96,73.94
2014-07-28,10.960986400000001,0.05118110236220473,,,82.94,69.98
2014-07-29,6.2634208,0.0,,,73.94,64.94
2014-07-30,6.2634208,0.0,,,75.02,64.04
2014-07-31,8.2766632,0.0,,,77.0,69.08
2014-08-01,6.4871144,0.05905511811023623,,,77.0,71.06
2014-08-02,9.3951312,2.0905511811023625,,,71.96,68.0
2014-08-03,6.2634208,0.7283464566929134,,,71.96,68.0
2014-08-04,6.039727200000001,0.0,,,78.08,69.98
2014-08-05,5.8160336,0.0,,,78.08,71.96
2014-08-06,6.039727200000001,0.0,,,82.04,69.98
2014-08-07,5.59234,0.0,,,80.96,68.0
2014-08-08,5.1449527999999995,0.0,,,80.06,66.02
2014-08-09,6.2634208,0.0,,,78.08,66.92
2014-08-10,5.8160336,0.0,,,78.98,69.98
2014-08-11,7.3818888,0.0,,,77.0,71.06
2014-08-12,12.079454400000001,2.7598425196850394,,,78.08,71.96
2014-08-13,8.5003568,0.6692913385826772,,,82.04,71.06
2014-08-14,7.6055824,0.0,,,77.0,64.04
2014-08-15,6.039727200000001,0.0,,,75.92,62.959999999999994
2014-08-16,5.59234,0.0,,,75.92,66.92
2014-08-17,6.710808,0.011811023622047244,,,80.06,69.98
2014-08-18,6.039727200000001,0.0,,,75.92,66.02
2014-08-19,5.8160336,0.0,,,77.0,69.98
2014-08-20,4.6975656,0.0,,,75.92,71.96
2014-08-21,5.3686464,0.0,,,75.92,73.04
2014-08-22,10.066212,0.3188976377952756,,,75.02,71.06
2014-08-23,13.6453096,0.0,,,73.04,71.06
2014-08-24,10.5135992,0.0,,,73.04,66.02
2014-08-25,4.473872,0.0,,,78.08,64.04
2014-08-26,4.2501784,0.0,,,75.92,69.98
2014-08-27,5.8160336,0.0,,,86.0,68.0
2014-08-28,7.158195200000001,0.0,,,80.96,66.92
2014-08-29,6.710808,0.0,,,71.96,60.980000000000004
2014-08-30,6.9345016,0.0,,,75.02,69.98
2014-08-31,10.7372928,0.11023622047244094,,,80.06,73.94
2014-09-01,6.710808,0.20078740157480315,,,84.02,73.94
2014-09-02,8.0529696,0.2519685039370079,,,89.96000000000001,73.94
2014-09-03,5.3686464,0.0,,,80.06,73.94
2014-09-04,6.039727200000001,0.0,,,78.98,71.06
2014-09-05,7.829276,0.0,,,80.96,75.92
2014-09-06,10.5135992,1.0905511811023623,,,84.02,73.94
2014-09-07,7.829276,0.01968503937007874,,,80.06,66.92
2014-09-08,16.5533264,0.0,,,73.04,71.96
2014-09-09,14.316390400000001,0.0,,,73.04,69.98
2014-09-10,7.6055824,0.0,,,73.04,66.92
2014-09-11,9.6188248,0.0,,,80.96,71.96
2014-09-12,7.829276,0.0,,,73.04,64.04
2014-09-13,11.4083736,0.4409448818897638,,,73.04,62.959999999999994
2014-09-14,4.921259200000001,0.0,,,64.94,55.94
2014-09-15,4.6975656,0.0,,,68.0,55.94
2014-09-16,6.039727200000001,0.0,,,73.94,64.04
2014-09-17,5.3686464,0.0,,,69.98,60.08
2014-09-18,4.2501784,0.0,,,73.04,60.980000000000004
2014-09-19,11.6320672,0.0,,,68.0,60.980000000000004
2014-09-20,10.066212,0.0,,,73.04,66.92
2014-09-21,4.6975656,0.11811023622047245,,,73.94,68.0
2014-09-22,7.3818888,0.0,,,73.04,57.92
2014-09-23,5.3686464,0.0,,,64.04,53.06
2014-09-24,17.0007136,0.1811023622047244,,,69.98,62.059999999999995
2014-09-25,15.658552,2.4015748031496065,,,68.0,60.980000000000004
2014-09-26,6.9345016,0.0,,,71.06,57.92
2014-09-27,4.921259200000001,0.0,,,73.94,60.08
2014-09-28,5.59234,0.0,,,73.94,62.959999999999994
2014-09-29,6.039727200000001,0.0,,,73.94,66.02
2014-09-30,6.9345016,0.05118110236220473,,,69.98,64.04
2014-10-01,8.2766632,0.011811023622047244,,,68.0,64.04
2014-10-02,6.4871144,0.0,,,64.94,60.980000000000004
2014-10-03,7.3818888,0.0,,,66.92,60.980000000000004
2014-10-04,9.3951312,0.2204724409448819,,,71.06,51.98
2014-10-05,7.3818888,0.0,,,60.08,46.94
2014-10-06,9.3951312,0.0,,,68.0,55.94
2014-10-07,13.8690032,0.0,,,69.98,66.92
2014-10-08,10.7372928,0.33858267716535434,,,73.94,62.059999999999995
2014-10-09,7.6055824,0.0,,,68.0,55.94
2014-10-10,5.3686464,0.03937007874015748,,,64.94,57.02
2014-10-11,8.7240504,0.7283464566929134,,,62.059999999999995,55.04
2014-10-12,5.3686464,0.0,,,60.980000000000004,51.08
2014-10-13,7.829276,0.14960629921259844,,,69.08,60.08
2014-10-14,10.7372928,0.0,,,71.96,68.0
2014-10-15,12.9742288,0.33858267716535434,,,71.96,69.98
2014-10-16,9.6188248,0.20866141732283466,,,71.06,62.059999999999995
2014-10-17,10.289905599999999,0.0,,,68.0,60.08
2014-10-18,9.842518400000001,0.0,,,71.96,53.96
2014-10-19,9.3951312,0.0,,,57.02,46.94
2014-10-20,8.5003568,0.0,,,62.959999999999994,46.04
2014-10-21,4.6975656,0.0,,,66.92,60.08
2014-10-22,12.5268416,0.7598425196850395,,,60.980000000000004,53.06
2014-10-23,12.7505352,0.05905511811023623,,,55.04,51.98
2014-10-24,7.6055824,0.0,,,66.02,51.08
2014-10-25,8.5003568,0.0,,,66.02,50.0
2014-10-26,6.9345016,0.0,,,64.94,53.06
2014-10-27,5.8160336,0.0,,,66.02,48.02
2014-10-28,12.079454400000001,0.0,,,66.92,60.980000000000004
2014-10-29,9.6188248,0.0,,,71.06,53.96
2014-10-30,5.1449527999999995,0.0,,,60.980000000000004,48.92
2014-10-31,6.710808,0.011811023622047244,,,57.02,42.980000000000004
2014-11-01,12.303148,3.039370078740158,,,57.02,44.06
2014-11-02,16.1059392,0.03937007874015748,,,48.02,42.08
2014-11-03,8.5003568,0.0,,,59.0,39.92
2014-11-04,9.842518400000001,0.0,,,64.04,51.98
2014-11-05,6.9345016,0.0,,,66.02,55.04
2014-11-06,6.710808,0.5196850393700787,,,60.08,51.98
2014-11-07,8.947744,0.011811023622047244,,,53.96,41.0
2014-11-08,7.3818888,0.0,,,51.98,37.04
2014-11-09,4.921259200000001,0.0,,,55.94,48.92
2014-11-10,3.8027912,0.0,,,57.02,44.96
2014-11-11,5.59234,0.0,,,62.059999999999995,51.08
2014-11-12,5.3686464,0.0,,,68.0,50.0
2014-11-13,6.9345016,0.0,,,53.06,37.04
2014-11-14,9.6188248,0.0905511811023622,,,42.08,33.98
2014-11-15,5.8160336,0.0,,,42.980000000000004,32.0
2014-11-16,3.355404,0.0,,,46.04,35.96
2014-11-17,7.3818888,1.311023622047244,,,60.980000000000004,44.06
2014-11-18,12.5268416,0.0,,,48.02,27.14
2014-11-19,12.303148,0.0,,,39.92,25.16
2014-11-20,11.4083736,0.0,,,50.0,35.06
2014-11-21,7.6055824,0.0,,,39.02,30.2
2014-11-22,10.7372928,0.0,,,44.96,29.12
2014-11-23,9.6188248,0.0,,,60.08,44.96
2014-11-24,17.0007136,0.40944881889763785,,,60.980000000000004,55.94
2014-11-25,5.8160336,0.0,,,60.980000000000004,50.0
2014-11-26,12.7505352,1.468503937007874,,,51.98,37.04
2014-11-27,6.9345016,0.0,,,44.06,33.98
2014-11-28,7.6055824,0.0,,,39.02,32.0
2014-11-29,5.3686464,0.0,,,48.02,30.2
2014-11-30,12.079454400000001,0.0,,,55.04,48.02
2014-12-01,7.829276,0.16141732283464566,,,62.059999999999995,41.0
2014-12-02,8.7240504,0.5984251968503937,,,51.08,39.02
2014-12-03,10.7372928,0.0,,,51.98,42.980000000000004
2014-12-04,4.2501784,0.0,,,46.04,35.96
2014-12-05,4.0264848,0.03149606299212599,,,50.0,39.92
2014-12-06,4.6975656,0.8503937007874017,,,55.94,44.06
2014-12-07,12.079454400000001,0.14173228346456693,,,48.92,35.06
2014-12-08,15.658552,0.14173228346456693,,,46.94,35.06
2014-12-09,15.658552,2.1181102362204722,,,46.94,42.08
2014-12-10,10.5135992,0.0,,,44.06,35.96
2014-12-11,13.421616,,,,39.92,33.08
2014-12-12,7.3818888,0.0,,,41.0,33.08
2014-12-13,8.2766632,0.0,,,42.980000000000004,33.08
2014-12-14,6.4871144,0.0,,,44.96,35.06
2014-12-15,4.0264848,0.0,,,44.06,39.92
2014-12-16,6.039727200000001,0.20078740157480315,,,48.92,42.980000000000004
2014-12-17,8.7240504,0.0,,,53.06,39.92
2014-12-18,9.171437599999999,0.0,,,42.08,35.96
2014-12-19,7.6055824,0.0,,,41.0,32.0
2014-12-20,4.2501784,0.0,,,35.06,32.0
2014-12-21,3.8027912,0.0,,,41.0,32.0
2014-12-22,5.1449527999999995,0.011811023622047244,,,50.0,32.0
2014-12-23,8.2766632,0.05118110236220473,,,51.08,44.06
2014-12-24,10.066212,1.110236220472441,,,59.0,46.04
2014-12-25,10.5135992,0.16141732283464566,,,55.94,44.06
2014-12-26,6.710808,0.0,,,51.08,37.94
2014-12-27,7.829276,0.0,,,51.08,37.94
2014-12-28,8.2766632,0.011811023622047244,,,53.96,46.94
2014-12-29,4.921259200000001,0.0,,,48.92,39.02
2014-12-30,6.2634208,0.0,,,39.92,31.1
2014-12-31,6.9345016,0.0,,,33.98,29.12
2015-01-01,13.197922400000001,0.0,,,42.980000000000004,30.92
2015-01-02,6.4871144,0.0,,,44.96,37.04
2015-01-03,5.8160336,0.6811023622047244,,,53.96,33.98
2015-01-04,12.303148,0.14173228346456693,,,55.94,48.92
2015-01-05,10.5135992,0.0,,,53.96,28.22
2015-01-06,4.6975656,,,,29.12,21.2
2015-01-07,9.6188248,0.0,,,27.14,15.259999999999998
2015-01-08,11.4083736,0.0,,,28.22,11.120000000000001
2015-01-09,15.434858400000001,0.0,,,35.96,23.18
2015-01-10,7.6055824,0.0,,,30.2,19.22
2015-01-11,6.039727200000001,0.0,,,39.02,20.12
2015-01-12,5.8160336,0.9803149606299213,,,44.06,35.96
2015-01-13,8.5003568,0.0,,,39.02,24.26
2015-01-14,10.5135992,0.011811023622047244,,,35.96,24.26
2015-01-15,6.4871144,0.0,,,35.96,30.2
2015-01-16,9.3951312,0.0,,,42.08,27.14
2015-01-17,6.710808,0.0,,,39.02,20.12
2015-01-18,8.2766632,0.7913385826771655,,,50.0,35.96
2015-01-19,10.289905599999999,0.0,,,44.06,33.98
2015-01-20,5.1449527999999995,0.0,,,44.06,33.98
2015-01-21,6.710808,,,,37.94,30.2
2015-01-22,6.039727200000001,,,,35.96,31.1
2015-01-23,5.59234,0.14960629921259844,,,37.94,30.2
2015-01-24,11.4083736,1.2519685039370079,,,37.94,35.96
2015-01-25,7.3818888,0.0,,,48.02,35.06
2015-01-26,18.342875199999998,0.20078740157480315,,,42.08,31.1
2015-01-27,11.18468,0.05118110236220473,,,33.08,24.26
2015-01-28,11.4083736,0.0,,,33.98,20.12
2015-01-29,6.4871144,0.0,,,37.94,22.1
2015-01-30,12.079454400000001,0.0,,,41.0,24.26
2015-01-31,12.079454400000001,0.0,,,29.12,16.16
2015-02-01,6.710808,0.0,,,37.94,24.98
2015-02-02,14.316390400000001,0.9881889763779529,,,46.94,24.08
2015-02-03,8.5003568,0.0,,,30.92,19.939999999999998
2015-02-04,11.8557608,0.0,,,41.0,28.04
2015-02-05,13.421616,0.0,,,42.980000000000004,17.96
2015-02-06,9.842518400000001,0.0,,,33.98,15.979999999999997
2015-02-07,6.710808,0.0,,,41.0,26.96
2015-02-08,6.4871144,0.0,,,46.04,37.04
2015-02-09,16.3296328,0.01968503937007874,,,39.92,30.92
2015-02-10,15.434858400000001,0.0,,,37.04,30.02
2015-02-11,9.842518400000001,0.0,,,35.96,28.04
2015-02-12,7.829276,0.0,,,39.02,24.98
2015-02-13,10.7372928,0.0,,,28.94,10.940000000000001
2015-02-14,10.7372928,,,,35.06,21.02
2015-02-15,14.316390400000001,,,,30.92,10.04
2015-02-16,8.5003568,,,,17.06,5.0
2015-02-17,5.59234,,,,28.04,14.0
2015-02-18,5.3686464,0.0,,,30.92,19.04
2015-02-19,,0.0,,,,
2015-02-20,10.289905599999999,0.0,,,17.96,3.919999999999998
2015-02-21,10.066212,0.4409448818897638,,,37.94,14.0
2015-02-22,5.1449527999999995,0.4409448818897638,,,39.92,33.98
2015-02-23,9.6188248,0.0,,,37.04,15.979999999999997
2015-02-24,5.59234,0.0,,,30.02,10.04
2015-02-25,7.3818888,0.0,,,37.94,21.92
2015-02-26,8.7240504,,,,33.08,28.04
2015-02-27,4.473872,0.011811023622047244,,,30.92,21.92
2015-02-28,5.59234,0.0,,,28.04,17.06
2015-03-01,4.921259200000001,,,,33.08,24.08
2015-03-02,8.947744,,,,39.92,32.0
2015-03-03,6.2634208,0.3188976377952756,,,37.94,25.16
2015-03-04,7.829276,0.1889763779527559,,,44.96,35.96
2015-03-05,7.6055824,,,,42.980000000000004,21.2
2015-03-06,6.9345016,0.0,,,24.26,14.18
2015-03-07,11.8557608,0.0,,,37.04,19.22
2015-03-08,8.5003568,0.0,,,51.08,35.96
2015-03-09,5.3686464,0.0,,,59.0,39.92
2015-03-10,6.039727200000001,0.2795275590551181,,,50.0,37.94
2015-03-11,6.2634208,0.01968503937007874,,,62.059999999999995,44.06
2015-03-12,6.9345016,0.0,,,51.98,37.94
2015-03-13,6.9345016,0.05118110236220473,,,42.980000000000004,33.08
2015-03-14,10.5135992,1.1692913385826773,,,53.96,42.980000000000004
2015-03-15,10.5135992,0.0,,,53.96,39.92
2015-03-16,7.829276,0.0,,,44.06,35.06
2015-03-17,11.18468,0.0,,,66.92,37.04
2015-03-18,8.0529696,0.0,,,44.06,33.08
2015-03-19,5.8160336,0.0,,,41.0,32.0
2015-03-20,10.5135992,0.7716535433070867,,,39.02,33.98
2015-03-21,7.3818888,0.03937007874015748,,,53.06,33.08
2015-03-22,6.2634208,0.0,,,46.94,35.96
2015-03-23,7.3818888,0.0,,,37.94,29.12
2015-03-24,4.921259200000001,0.0,,,35.96,32.0
2015-03-25,5.3686464,0.05905511811023623,,,50.0,32.0
2015-03-26,12.303148,0.07874015748031496,,,55.04,46.04
2015-03-27,6.4871144,0.0984251968503937,,,53.06,41.0
2015-03-28,10.066212,0.0,,,42.980000000000004,29.12
2015-03-29,8.947744,0.0,,,42.08,27.14
2015-03-30,10.7372928,0.011811023622047244,,,55.94,37.04
2015-03-31,8.2766632,0.14960629921259844,,,51.08,39.02
2015-04-01,6.9345016,0.0,,,51.98,35.06
2015-04-02,12.303148,0.0,,,51.08,39.92
2015-04-03,11.4083736,0.25984251968503935,,,55.04,48.02
2015-04-04,11.8557608,0.0,,,57.92,46.94
2015-04-05,14.7637776,0.0,,,57.02,44.06
2015-04-06,12.079454400000001,0.0,,,55.94,46.94
2015-04-07,10.5135992,0.610236220472441,,,55.04,42.980000000000004
2015-04-08,14.0926968,0.3188976377952756,,,42.980000000000004,41.0
2015-04-09,12.7505352,0.011811023622047244,,,42.08,39.92
2015-04-10,6.710808,0.11811023622047245,,,57.02,42.08
2015-04-11,6.9345016,0.0,,,62.059999999999995,48.02
2015-04-12,7.3818888,0.0,,,53.96,44.06
2015-04-13,9.842518400000001,0.0,,,57.92,48.02
2015-04-14,8.7240504,0.610236220472441,,,57.92,50.0
2015-04-15,19.013956,0.011811023622047244,,,62.959999999999994,48.92
2015-04-16,8.0529696,0.0,,,53.96,48.92
2015-04-17,8.5003568,0.0984251968503937,,,,
2015-04-18,7.6055824,0.0,,,,
2015-04-19,14.9874712,0.0,,,,
2015-04-20,14.316390400000001,0.7598425196850395,,,,
2015-04-21,8.947744,0.0,,,,
2015-04-22,10.289905599999999,0.011811023622047244,,,,
2015-04-23,9.6188248,0.0,,,,
2015-04-24,9.842518400000001,0.0,,,53.96,39.92
2015-04-25,8.2766632,0.0,,,51.98,39.02
2015-04-26,6.9345016,0.0,,,51.98,46.04
2015-04-27,7.3818888,0.0,,,59.0,46.04
2015-04-28,8.5003568,0.0,,,62.959999999999994,51.08
2015-04-29,7.6055824,0.0,,,68.0,53.96
2015-04-30,9.842518400000001,0.0,,,59.0,51.08
2015-05-01,12.079454400000001,0.0,,,51.98,46.94
2015-05-02,7.158195200000001,0.0,,,53.96,46.04
2015-05-03,6.710808,0.0,,,60.08,50.0
2015-05-04,10.289905599999999,0.0,,,73.94,57.02
2015-05-05,10.7372928,0.0905511811023622,,,71.96,59.0
2015-05-06,8.5003568,0.0,,,66.92,53.96
2015-05-07,5.3686464,0.0,,,55.94,53.06
2015-05-08,5.1449527999999995,0.0,,,64.94,53.96
2015-05-09,5.59234,0.16929133858267717,,,62.959999999999994,57.02
2015-05-10,6.9345016,0.0,,,69.98,57.92
2015-05-11,8.947744,0.0,,,71.06,62.959999999999994
2015-05-12,8.7240504,0.05118110236220473,,,84.02,62.959999999999994
2015-05-13,8.947744,0.0,,,75.92,53.96
2015-05-14,8.2766632,0.0,,,60.08,50.0
2015-05-15,8.0529696,0.0,,,62.959999999999994,55.94
2015-05-16,10.5135992,0.0,,,66.92,60.08
2015-05-17,5.3686464,0.0,,,78.98,64.04
2015-05-18,5.8160336,0.0,,,73.94,59.0
2015-05-19,6.039727200000001,0.0,,,78.08,60.08
2015-05-20,7.158195200000001,0.0,,,71.06,55.94
2015-05-21,4.921259200000001,0.5905511811023623,,,59.0,50.0
2015-05-22,8.7240504,0.0,,,73.04,50.0
2015-05-23,8.2766632,0.0,,,64.94,53.06
2015-05-24,11.6320672,0.0,,,66.92,57.02
2015-05-25,11.6320672,0.0,,,69.98,62.059999999999995
2015-05-26,13.421616,0.0,,,69.08,62.959999999999994
2015-05-27,14.0926968,0.0,,,68.0,64.04
2015-05-28,11.4083736,0.0,,,69.08,64.04
2015-05-29,7.3818888,0.0,,,69.98,62.959999999999994
2015-05-30,9.842518400000001,0.0,,,71.96,64.04
2015-05-31,11.4083736,0.0,,,71.06,66.02
2015-06-01,9.171437599999999,0.8700787401574804,,,71.06,60.08
2015-06-02,11.18468,0.46062992125984253,,,62.059999999999995,55.04
2015-06-03,11.4083736,0.03149606299212599,,,59.0,55.04
2015-06-04,13.197922400000001,0.03937007874015748,,,60.08,57.02
2015-06-05,8.7240504,0.011811023622047244,,,59.0,57.02
2015-06-06,4.921259200000001,0.0905511811023622,,,69.08,59.0
2015-06-07,6.9345016,0.0,,,64.04,57.02
2015-06-08,12.7505352,0.0,,,69.98,62.959999999999994
2015-06-09,9.6188248,0.0,,,82.04,66.02
2015-06-10,7.3818888,0.0,,,73.94,69.08
2015-06-11,11.4083736,0.0,,,78.08,68.0
2015-06-12,10.066212,0.0,,,78.08,69.98
2015-06-13,7.6055824,0.0,,,87.08000000000001,71.06
2015-06-14,7.6055824,0.03149606299212599,,,75.92,71.06
2015-06-15,8.0529696,0.011811023622047244,,,86.0,69.08
2015-06-16,6.710808,0.2283464566929134,,,84.91999999999999,66.92
2015-06-17,10.960986400000001,0.0,,,77.0,68.0
2015-06-18,8.7240504,0.2519685039370079,,,69.98,64.04
2015-06-19,5.3686464,0.0905511811023622,,,84.91999999999999,69.08
2015-06-20,7.3818888,0.011811023622047244,,,75.92,71.96
2015-06-21,10.066212,2.488188976377953,,,87.08000000000001,73.04
2015-06-22,7.3818888,0.0,,,87.98,75.02
2015-06-23,11.18468,0.46062992125984253,,,82.04,71.96
2015-06-24,6.710808,0.0,,,82.04,69.98
2015-06-25,6.4871144,0.3503937007874016,,,77.0,66.92
2015-06-26,7.3818888,0.1811023622047244,,,71.96,66.92
2015-06-27,16.3296328,1.7598425196850396,,,73.04,68.0
2015-06-28,9.6188248,0.01968503937007874,,,78.08,69.98
2015-06-29,8.7240504,0.0,,,78.98,64.94
2015-06-30,10.7372928,0.0,,,75.92,71.96
2015-07-01,10.289905599999999,0.0,,,82.04,71.96
2015-07-02,4.2501784,0.421259842519685,,,78.08,66.92
2015-07-03,5.8160336,0.0,,,73.04,66.02
2015-07-04,9.6188248,0.0,,,75.92,71.96
2015-07-05,6.2634208,0.0,,,75.92,69.98
2015-07-06,7.6055824,0.0,,,78.08,73.94
2015-07-07,11.4083736,0.0,,,80.96,75.92
2015-07-08,7.829276,0.7401574803149606,,,82.94,75.92
2015-07-09,5.8160336,0.7795275590551182,,,82.94,75.02
2015-07-10,6.9345016,0.0,,,84.02,73.04
2015-07-11,6.039727200000001,0.0,,,78.08,71.96
2015-07-12,6.039727200000001,0.0,,,80.06,73.94
2015-07-13,6.2634208,0.0,,,78.08,73.94
2015-07-14,10.066212,0.14173228346456693,,,80.06,75.02
2015-07-15,6.2634208,2.720472440944882,,,78.98,69.98
2015-07-16,8.7240504,0.0,,,71.96,68.0
2015-07-17,7.3818888,0.0,,,75.02,69.98
2015-07-18,11.6320672,0.0,,,78.08,75.02
2015-07-19,8.2766632,0.0,,,84.02,75.02
2015-07-20,7.829276,0.0,,,89.06,80.06
2015-07-21,6.039727200000001,0.0,,,82.94,73.94
2015-07-22,7.6055824,0.0,,,82.04,69.98
2015-07-23,6.2634208,0.0,,,78.98,69.98
2015-07-24,5.59234,0.0,,,80.96,69.98
2015-07-25,6.710808,0.0,,,80.06,69.98
2015-07-26,10.7372928,0.0,,,78.98,75.92
2015-07-27,7.3818888,0.33858267716535434,,,80.06,71.06
2015-07-28,6.4871144,0.0,,,82.04,75.92
2015-07-29,8.947744,0.0,,,84.02,77.0
2015-07-30,11.6320672,0.0,,,80.96,75.92
2015-07-31,6.039727200000001,0.0,,,87.08000000000001,73.94
2015-08-01,8.0529696,0.0,,,87.08000000000001,75.92
2015-08-02,6.9345016,0.0,,,80.96,73.94
2015-08-03,10.960986400000001,0.0,,,80.96,73.94
2015-08-04,10.289905599999999,0.0,,,89.06,75.02
2015-08-05,7.158195200000001,0.03937007874015748,,,86.0,73.04
2015-08-06,6.039727200000001,0.0,,,77.0,69.08
2015-08-07,8.947744,0.0,,,75.92,71.06
2015-08-08,7.829276,0.0,,,75.02,68.0
2015-08-09,7.829276,0.0,,,75.92,66.02
2015-08-10,6.9345016,0.0,,,75.92,71.06
2015-08-11,11.4083736,0.5590551181102362,,,78.08,69.98
2015-08-12,6.4871144,0.0,,,82.94,69.98
2015-08-13,6.2634208,0.0,,,78.08,68.0
2015-08-14,7.3818888,0.0,,,82.04,69.08
2015-08-15,7.6055824,0.0,,,80.96,71.06
2015-08-16,9.3951312,0.0,,,80.96,73.04
2015-08-17,9.171437599999999,0.0,,,80.06,73.04
2015-08-18,8.7240504,0.0,,,80.06,75.02
2015-08-19,8.5003568,0.0,,,80.96,77.0
2015-08-20,10.066212,0.0,,,80.96,77.0
2015-08-21,6.4871144,0.3188976377952756,,,80.96,73.94
2015-08-22,7.829276,0.0,,,80.06,69.08
2015-08-23,5.8160336,0.0,,,78.98,66.02
2015-08-24,6.4871144,0.0,,,80.06,71.96
2015-08-25,7.829276,0.0,,,82.04,73.94
2015-08-26,7.3818888,0.0,,,80.96,66.92
2015-08-27,5.8160336,0.0,,,78.08,64.94
2015-08-28,6.9345016,0.0,,,75.92,64.94
2015-08-29,7.3818888,0.0,,,78.98,69.08
2015-08-30,10.5135992,0.0,,,80.06,71.96
2015-08-31,10.5135992,0.0,,,86.0,75.92
2015-09-01,7.158195200000001,0.0,,,80.96,73.94
2015-09-02,6.039727200000001,0.0,,,80.96,75.92
2015-09-03,5.3686464,0.0,,,87.08000000000001,73.94
2015-09-04,9.842518400000001,0.0,,,80.96,73.94
2015-09-05,11.4083736,0.0,,,75.92,71.96
2015-09-06,6.4871144,0.0,,,75.92,64.94
2015-09-07,7.829276,0.0,,,78.98,71.06
2015-09-08,9.171437599999999,0.0,,,80.96,73.94
2015-09-09,10.5135992,0.0,,,80.96,77.0
2015-09-10,5.59234,0.4015748031496063,,,78.98,73.94
2015-09-11,5.8160336,0.07086614173228346,,,75.92,69.08
2015-09-12,8.5003568,0.33858267716535434,,,75.92,71.96
2015-09-13,7.158195200000001,0.01968503937007874,,,73.94,62.059999999999995
2015-09-14,8.947744,0.0,,,75.92,60.08
2015-09-15,6.2634208,0.0,,,75.92,62.059999999999995
2015-09-16,5.8160336,0.0,,,78.08,66.92
2015-09-17,5.3686464,0.0,,,77.0,66.02
2015-09-18,6.2634208,0.0,,,75.92,66.92
2015-09-19,6.4871144,0.0,,,77.0,68.0
2015-09-20,7.3818888,0.0,,,75.92,66.02
2015-09-21,13.197922400000001,0.0,,,69.98,66.02
2015-09-22,11.4083736,0.0,,,71.06,66.02
2015-09-23,8.7240504,0.0,,,69.98,62.059999999999995
2015-09-24,8.0529696,0.0,,,71.96,60.08
2015-09-25,17.2244072,0.0,,,71.06,68.0
2015-09-26,19.2376496,0.0,,,69.08,66.02
2015-09-27,12.5268416,0.0,,,69.98,66.92
2015-09-28,6.4871144,0.0,,,75.02,66.02
2015-09-29,6.710808,1.0511811023622049,,,77.0,69.98
2015-09-30,10.289905599999999,0.4881889763779528,,,77.0,66.92
2015-10-01,16.3296328,0.8110236220472442,,,69.08,60.08
2015-10-02,22.8167472,1.5000000000000002,,,62.059999999999995,55.04
2015-10-03,25.0536832,0.421259842519685,,,62.059999999999995,57.92
2015-10-04,20.803504800000002,0.0,,,62.059999999999995,60.08
2015-10-05,12.303148,0.0,,,62.059999999999995,57.92
2015-10-06,5.8160336,0.0,,,64.04,53.96
2015-10-07,5.59234,0.0,,,69.08,57.92
2015-10-08,5.1449527999999995,0.0,,,66.92,57.92
2015-10-09,10.960986400000001,0.16929133858267717,,,71.06,64.94
2015-10-10,10.066212,0.0,,,64.94,53.96
2015-10-11,4.6975656,0.0,,,64.04,51.98
2015-10-12,6.2634208,0.0,,,66.92,57.02
2015-10-13,9.842518400000001,0.011811023622047244,,,73.94,64.04
2015-10-14,7.158195200000001,0.0,,,66.92,57.02
2015-10-15,6.4871144,0.0,,,64.04,53.06
2015-10-16,8.5003568,0.0,,,64.94,53.06
2015-10-17,6.9345016,0.0,,,57.02,44.96
2015-10-18,8.0529696,0.0,,,50.0,39.92
2015-10-19,7.829276,0.0,,,51.98,37.04
2015-10-20,13.6453096,0.0,,,64.94,50.0
2015-10-21,8.2766632,0.0,,,64.94,55.04
2015-10-22,9.842518400000001,0.0,,,68.0,60.08
2015-10-23,8.2766632,0.0,,,64.94,53.96
2015-10-24,7.3818888,0.0,,,60.08,46.04
2015-10-25,8.5003568,0.01968503937007874,,,66.02,53.06
2015-10-26,8.5003568,0.0,,,55.94,48.92
2015-10-27,13.6453096,0.0,,,62.059999999999995,53.96
2015-10-28,16.5533264,0.5,,,69.08,60.08
2015-10-29,10.066212,0.03149606299212599,,,71.96,57.92
2015-10-30,6.2634208,0.0,,,60.08,48.02
2015-10-31,6.4871144,0.0,,,57.92,44.06
2015-11-01,11.6320672,0.0,,,64.94,57.02
2015-11-02,3.5790976000000003,0.0,,,62.059999999999995,53.96
2015-11-03,3.8027912,0.0,,,64.04,51.98
2015-11-04,4.921259200000001,0.0,,,64.94,53.96
2015-11-05,7.6055824,0.011811023622047244,,,69.08,62.959999999999994
2015-11-06,9.3951312,0.011811023622047244,,,69.98,64.04
2015-11-07,6.039727200000001,0.2204724409448819,,,69.08,55.04
2015-11-08,6.710808,0.0,,,57.92,48.92
2015-11-09,4.921259200000001,0.01968503937007874,,,60.08,46.94
2015-11-10,16.1059392,2.3110236220472444,,,62.059999999999995,59.0
2015-11-11,8.947744,0.03149606299212599,,,60.980000000000004,53.96
2015-11-12,8.5003568,0.01968503937007874,,,62.059999999999995,53.06
2015-11-13,10.5135992,0.0,,,60.08,48.92
2015-11-14,9.842518400000001,0.0,,,51.98,42.08
2015-11-15,9.3951312,0.0,,,60.08,39.92
2015-11-16,7.6055824,0.0,,,66.92,50.0
2015-11-17,13.8690032,0.0,,,59.0,51.98
2015-11-18,11.4083736,0.0,,,60.08,51.98
2015-11-19,12.079454400000001,0.7992125984251969,,,64.04,60.08
2015-11-20,9.6188248,0.07874015748031496,,,64.04,44.96
2015-11-21,9.3951312,0.0,,,57.92,42.08
2015-11-22,8.5003568,0.07086614173228346,,,59.0,42.08
2015-11-23,10.289905599999999,0.0,,,44.96,35.06
2015-11-24,4.6975656,0.0,,,50.0,35.06
2015-11-25,4.921259200000001,0.0,,,51.08,39.02
2015-11-26,3.355404,0.0,,,60.08,46.04
2015-11-27,4.6975656,0.0,,,64.94,50.0
2015-11-28,6.4871144,0.0,,,64.04,50.0
2015-11-29,7.158195200000001,0.20078740157480315,,,53.96,42.08
2015-11-30,13.6453096,0.0,,,53.96,42.08
2015-12-01,10.289905599999999,0.6614173228346457,,,55.94,53.06
2015-12-02,7.6055824,0.07086614173228346,,,57.92,55.04
2015-12-03,9.6188248,0.01968503937007874,,,57.92,42.08
2015-12-04,6.039727200000001,0.0,,,51.98,39.92
2015-12-05,4.2501784,0.0,,,51.08,39.02
2015-12-06,4.2501784,0.0,,,53.06,39.92
2015-12-07,6.2634208,0.0,,,51.98,39.92
2015-12-08,4.6975656,0.0,,,50.0,39.92
2015-12-09,5.1449527999999995,0.0,,,55.94,39.92
2015-12-10,5.1449527999999995,0.0,,,57.02,51.98
2015-12-11,6.2634208,0.0,,,57.92,51.98
2015-12-12,5.59234,0.0,,,60.980000000000004,53.96
2015-12-13,4.6975656,0.0,,,64.94,55.04
2015-12-14,9.842518400000001,0.14173228346456693,,,62.059999999999995,55.04
2015-12-15,10.5135992,0.0,,,62.959999999999994,51.08
2015-12-16,6.710808,0.0,,,53.06,48.92
2015-12-17,8.0529696,0.8110236220472442,,,60.08,53.06
2015-12-18,8.2766632,0.0,,,55.94,39.92
2015-12-19,12.079454400000001,0.0,,,41.0,33.98
2015-12-20,7.6055824,0.0,,,46.04,33.08
2015-12-21,11.8557608,0.0,,,57.02,41.0
2015-12-22,8.5003568,0.5590551181102362,,,59.0,55.04
2015-12-23,8.5003568,1.3188976377952757,,,62.959999999999994,53.96
2015-12-24,12.079454400000001,0.16141732283464566,,,62.959999999999994,57.92
2015-12-25,4.473872,1.078740157480315,,,64.94,57.02
2015-12-26,10.5135992,0.0,,,59.0,53.06
2015-12-27,8.5003568,0.03937007874015748,,,66.92,53.06
2015-12-28,15.2111648,0.03149606299212599,,,59.0,42.08
2015-12-29,11.8557608,0.9212598425196851,,,60.08,46.04
2015-12-30,6.710808,0.07874015748031496,,,57.92,46.94
2015-12-31,6.039727200000001,0.011811023622047244,,,57.92,44.06
2016-01-01,6.710808,0.0,,,42.980000000000004,37.94
2016-01-02,5.8160336,0.0,,,44.06,33.08
2016-01-03,8.0529696,0.0,,,51.98,37.94
2016-01-04,10.5135992,0.0,,,37.94,20.12
2016-01-05,7.6055824,0.0,,,30.2,14.18
2016-01-06,4.0264848,0.0,,,37.04,24.26
2016-01-07,2.9080168,0.0,,,44.96,33.08
2016-01-08,5.1449527999999995,0.0,,,46.04,37.94
2016-01-09,10.066212,0.0,,,53.06,46.94
2016-01-10,14.0926968,0.8700787401574804,,,59.0,42.980000000000004
2016-01-11,10.066212,0.0,,,42.980000000000004,32.0
2016-01-12,9.3951312,0.0,,,46.04,31.1
2016-01-13,12.079454400000001,0.0,,,35.06,24.26
2016-01-14,8.2766632,0.0,,,48.02,27.14
2016-01-15,7.158195200000001,0.31102362204724415,,,50.0,44.06
2016-01-16,8.2766632,0.421259842519685,,,53.06,42.08
2016-01-17,6.710808,0.011811023622047244,,,42.08,31.1
2016-01-18,11.4083736,0.011811023622047244,,,32.0,20.12
2016-01-19,12.5268416,0.0,,,28.22,17.240000000000002
2016-01-20,7.6055824,0.0,,,35.06,23.18
2016-01-21,7.3818888,0.0,,,35.96,26.240000000000002
2016-01-22,7.158195200000001,0.0,,,30.2,24.26
2016-01-23,23.487828,2.9606299212598426,,,37.94,28.22
2016-01-24,15.2111648,0.01968503937007874,,,33.08,26.240000000000002
2016-01-25,5.59234,0.0,,,44.06,27.14
2016-01-26,10.066212,0.0,,,50.0,44.06
2016-01-27,6.9345016,0.0,,,50.0,35.96
2016-01-28,3.355404,0.0,,,44.06,31.1
2016-01-29,7.6055824,0.011811023622047244,,,42.08,33.98
2016-01-30,8.2766632,0.0,,,42.980000000000004,28.22
2016-01-31,8.7240504,0.0,,,51.08,42.08
2016-02-01,6.4871144,0.05118110236220473,,,64.94,46.04
2016-02-02,4.6975656,0.0,,,48.02,37.04
2016-02-03,10.7372928,0.5118110236220472,,,55.94,44.06
2016-02-04,7.3818888,0.38188976377952755,,,55.94,42.08
2016-02-05,8.947744,0.8110236220472442,,,42.980000000000004,33.08
2016-02-06,5.3686464,0.0,,,39.92,32.0
2016-02-07,6.2634208,0.0,,,42.980000000000004,33.08
2016-02-08,12.7505352,0.05905511811023623,,,42.980000000000004,35.06
2016-02-09,9.6188248,0.03937007874015748,,,39.92,35.96
2016-02-10,9.6188248,0.03937007874015748,,,35.96,32.0
2016-02-11,12.9742288,0.0,,,32.0,24.26
2016-02-12,6.9345016,0.0,,,27.14,18.14
2016-02-13,10.7372928,0.0,,,25.16,15.259999999999998
2016-02-14,6.710808,0.0,,,21.2,10.220000000000002
2016-02-15,6.4871144,0.5,,,48.02,18.14
2016-02-16,14.7637776,0.48031496062992124,,,51.98,42.08
2016-02-17,6.4871144,0.0,,,44.06,35.96
2016-02-18,6.2634208,0.0,,,37.04,31.1
2016-02-19,5.8160336,0.0,,,41.0,26.240000000000002
2016-02-20,6.039727200000001,0.0,,,55.04,41.0
2016-02-21,6.4871144,0.05118110236220473,,,60.08,44.06
2016-02-22,6.039727200000001,0.0,,,44.96,39.92
2016-02-23,10.5135992,0.7283464566929134,,,46.04,42.08
2016-02-24,15.2111648,0.12992125984251968,,,57.92,44.06
2016-02-25,17.895488,0.03149606299212599,,,57.92,42.08
2016-02-26,10.289905599999999,0.0,,,42.08,33.98
2016-02-27,7.6055824,0.0,,,41.0,29.12
2016-02-28,12.079454400000001,0.0,,,48.92,37.94
2016-02-29,12.079454400000001,0.0,,,62.059999999999995,44.96
2016-03-01,8.2766632,0.0,,,53.06,44.96
2016-03-02,12.079454400000001,0.11811023622047245,,,51.98,35.06
2016-03-03,7.3818888,0.0,,,37.04,29.12
2016-03-04,8.7240504,0.421259842519685,,,35.96,32.0
2016-03-05,6.4871144,0.0,,,37.94,30.2
2016-03-06,3.8027912,0.0,,,41.0,35.06
2016-03-07,9.3951312,0.0,,,50.0,39.02
2016-03-08,7.3818888,0.0,,,60.980000000000004,48.92
2016-03-09,8.2766632,0.0,,,59.0,51.08
2016-03-10,9.171437599999999,0.0,,,68.0,51.98
2016-03-11,4.2501784,0.0,,,64.94,51.08
2016-03-12,4.921259200000001,0.0,,,53.06,42.980000000000004
2016-03-13,6.2634208,0.03149606299212599,,,55.94,48.02
2016-03-14,13.197922400000001,1.311023622047244,,,48.92,46.04
2016-03-15,4.921259200000001,0.05118110236220473,,,51.98,46.04
2016-03-16,6.2634208,0.0,,,55.94,46.04
2016-03-17,5.59234,0.0,,,57.92,46.04
2016-03-18,8.947744,0.0,,,62.059999999999995,48.92
2016-03-19,6.9345016,0.12992125984251968,,,57.02,37.94
2016-03-20,13.197922400000001,0.33070866141732286,,,44.06,35.96
2016-03-21,8.2766632,0.2204724409448819,,,48.02,33.98
2016-03-22,10.960986400000001,0.0,,,48.92,37.04
2016-03-23,10.7372928,0.0,,,66.02,48.02
2016-03-24,10.066212,0.0,,,55.94,46.94
2016-03-25,12.303148,0.2283464566929134,,,66.92,53.96
2016-03-26,10.066212,0.0,,,57.02,39.92
2016-03-27,11.8557608,0.0,,,46.94,46.04
2016-03-28,10.066212,0.4881889763779528,,,66.02,46.94
2016-03-29,10.7372928,0.0,,,57.92,46.94
2016-03-30,8.2766632,0.0,,,48.02,37.94
2016-03-31,15.658552,0.0,,,57.92,48.92
2016-04-01,14.540084,0.12992125984251968,,,60.980000000000004,53.96
2016-04-02,7.6055824,0.9606299212598425,,,64.94,42.08
2016-04-03,13.197922400000001,0.1889763779527559,,,48.92,37.94
2016-04-04,11.4083736,0.2913385826771654,,,55.94,44.06
2016-04-05,7.6055824,0.0,,,42.980000000000004,30.92
2016-04-06,7.6055824,0.0,,,51.08,33.98
2016-04-07,14.316390400000001,0.0905511811023622,,,55.94,50.0
2016-04-08,12.079454400000001,0.0,,,51.08,44.06
2016-04-09,8.5003568,0.6614173228346457,,,46.94,33.98
2016-04-10,10.5135992,0.0,,,44.96,32.0
2016-04-11,15.2111648,0.0,,,55.04,46.04
2016-04-12,10.066212,0.33858267716535434,,,55.94,48.02
2016-04-13,8.5003568,0.0,,,48.02,41.0
2016-04-14,6.9345016,0.0,,,51.08,41.0
2016-04-15,7.6055824,0.0,,,53.06,42.980000000000004
2016-04-16,8.2766632,0.0,,,53.06,44.96
2016-04-17,6.710808,0.0,,,55.04,44.06
2016-04-18,6.710808,0.0,,,66.02,48.92
2016-04-19,7.829276,0.0,,,77.0,55.04
2016-04-20,8.2766632,0.0,,,57.92,50.0
2016-04-21,11.4083736,0.0,,,59.0,50.0
2016-04-22,10.066212,0.0,,,66.02,57.02
2016-04-23,4.921259200000001,0.24015748031496062,,,64.94,57.92
2016-04-24,8.5003568,0.0,,,62.059999999999995,48.02
2016-04-25,11.6320672,0.0,,,59.0,51.98
2016-04-26,11.8557608,0.2913385826771654,,,82.04,51.08
2016-04-27,9.3951312,0.011811023622047244,,,50.0,48.92
2016-04-28,9.3951312,0.14173228346456693,,,53.06,46.94
2016-04-29,10.5135992,0.05118110236220473,,,51.08,46.94
2016-04-30,8.2766632,0.0,,,51.08,48.02
2016-05-01,6.9345016,0.8700787401574804,,,51.98,48.92
2016-05-02,6.710808,0.20866141732283466,,,55.04,48.92
2016-05-03,8.7240504,0.6299212598425197,,,55.94,50.0
2016-05-04,11.4083736,0.6496062992125985,,,50.0,50.0
2016-05-05,12.9742288,0.0,,,51.98,48.02
2016-05-06,10.960986400000001,1.078740157480315,,,53.96,48.02
2016-05-07,6.710808,0.0,,,53.06,48.92
2016-05-08,7.829276,0.0,,,69.98,50.0
2016-05-09,9.6188248,0.0,,,68.0,53.96
2016-05-10,7.158195200000001,0.0,,,60.08,53.06
2016-05-11,3.5790976000000003,0.0,,,62.059999999999995,51.98
2016-05-12,4.6975656,0.0,,,66.92,57.02
2016-05-13,6.039727200000001,0.20866141732283466,,,64.94,57.92
2016-05-14,7.6055824,0.14173228346456693,,,66.02,59.0
2016-05-15,12.303148,0.0,,,59.0,50.0
2016-05-16,10.960986400000001,0.0,,,64.94,46.04
2016-05-17,5.59234,0.14173228346456693,,,62.059999999999995,53.06
2016-05-18,6.4871144,0.0,,,59.0,51.98
2016-05-19,6.710808,0.011811023622047244,,,62.059999999999995,53.96
2016-05-20,7.6055824,0.0,,,68.0,55.94
2016-05-21,11.18468,0.46850393700787407,,,60.08,55.94
2016-05-22,6.4871144,0.14960629921259844,,,57.92,55.04
2016-05-23,6.039727200000001,0.0,,,62.959999999999994,57.02
2016-05-24,7.6055824,0.07086614173228346,,,73.94,57.92
2016-05-25,7.3818888,0.0,,,84.91999999999999,60.980000000000004
2016-05-26,8.2766632,0.0,,,78.98,66.02
2016-05-27,12.7505352,0.0,,,69.08,64.94
2016-05-28,11.18468,0.0,,,73.04,64.94
2016-05-29,6.4871144,0.03937007874015748,,,73.94,64.94
2016-05-30,8.2766632,0.5905511811023623,,,69.08,66.92
2016-05-31,5.1449527999999995,0.0,,,73.94,64.04
2016-06-01,5.8160336,0.0,,,73.94,64.94
2016-06-02,8.0529696,0.0,,,66.02,62.959999999999994
2016-06-03,6.4871144,0.0,,,66.02,62.959999999999994
2016-06-04,5.59234,0.0,,,71.96,64.04
2016-06-05,8.947744,0.48031496062992124,,,73.04,66.92
2016-06-06,9.3951312,0.0,,,82.04,69.98
2016-06-07,6.9345016,0.01968503937007874,,,80.06,69.08
2016-06-08,9.6188248,0.0905511811023622,,,71.06,59.0
2016-06-09,8.2766632,0.0,,,75.02,55.04
2016-06-10,6.2634208,0.0,,,78.08,60.980000000000004
2016-06-11,12.079454400000001,0.0,,,80.96,66.02
2016-06-12,12.7505352,0.0,,,89.96000000000001,78.98
2016-06-13,,0.0,,,,
2016-06-14,,0.0,,,75.02,64.94
2016-06-15,,0.0,,,73.94,62.059999999999995
2016-06-16,,0.0,,,68.0,62.959999999999994
2016-06-17,,0.0,,,69.08,64.04
2016-06-18,,0.0,,,71.06,60.08
2016-06-19,,0.0,,,84.02,66.92
2016-06-20,,0.0,,,78.08,66.92
2016-06-21,,0.03937007874015748,,,78.98,68.0
2016-06-22,,0.0,,,84.91999999999999,66.92
2016-06-23,,0.03149606299212599,,,84.91999999999999,66.92
2016-06-24,,0.33858267716535434,,,73.04,66.02
2016-06-25,,0.0,,,73.94,64.94
2016-06-26,,0.0,,,73.04,62.959999999999994
2016-06-27,,0.0,,,75.02,68.0
2016-06-28,,0.9015748031496063,,,73.94,69.98
2016-06-29,5.8160336,0.0,,,80.06,69.98
2016-06-30,6.9345016,0.0,,,78.08,66.02
2016-07-01,,0.0,,,77.0,69.08
2016-07-02,,0.0,,,78.98,69.08
2016-07-03,6.2634208,0.011811023622047244,,,73.04,66.92
2016-07-04,,0.421259842519685,,,73.04,66.92
2016-07-05,6.710808,0.9409448818897638,,,87.08000000000001,69.98
2016-07-06,6.4871144,0.0,,,84.02,73.94
2016-07-07,,0.0,,,84.02,73.94
2016-07-08,8.0529696,2.141732283464567,,,84.02,71.96
2016-07-09,7.6055824,0.0,,,73.94,69.98
2016-07-10,6.4871144,0.0,,,82.04,69.98
2016-07-11,7.158195200000001,0.0,,,73.94,66.02
2016-07-12,7.6055824,0.0,,,75.92,71.96
2016-07-13,8.5003568,0.0,,,78.08,73.04
2016-07-14,8.0529696,0.0,,,84.91999999999999,75.02
2016-07-15,8.2766632,0.0,,,89.96000000000001,78.98
2016-07-16,7.158195200000001,0.01968503937007874,,,84.02,71.96
2016-07-17,7.829276,0.0,,,82.04,71.96
2016-07-18,10.5135992,0.421259842519685,,,82.94,73.04
2016-07-19,6.039727200000001,0.0,,,84.02,73.04
2016-07-20,7.158195200000001,0.0,,,77.0,71.96
2016-07-21,6.4871144,0.0,,,78.98,71.96
2016-07-22,11.18468,0.0,,,82.04,73.94
2016-07-23,8.7240504,0.531496062992126,,,93.02,71.96
2016-07-24,5.8160336,0.0,,,82.04,73.94
2016-07-25,7.6055824,0.4015748031496063,,,84.91999999999999,71.06
2016-07-26,5.8160336,0.0,,,89.06,73.04
2016-07-27,4.921259200000001,0.16929133858267717,,,82.04,73.94
2016-07-28,4.921259200000001,0.46850393700787407,,,82.04,73.04
2016-07-29,5.59234,1.0984251968503937,,,78.98,71.96
2016-07-30,6.710808,0.0,,,80.06,73.94
2016-07-31,6.710808,0.01968503937007874,,,84.02,75.02
2016-08-01,7.3818888,0.07874015748031496,,,78.98,73.94
2016-08-02,8.5003568,0.0,,,75.92,71.96
2016-08-03,8.2766632,0.0,,,75.92,68.0
2016-08-04,7.3818888,0.0,,,75.92,69.98
2016-08-05,6.2634208,0.0,,,77.0,69.08
2016-08-06,9.3951312,0.03149606299212599,,,84.02,75.92
2016-08-07,4.2501784,0.0,,,87.08000000000001,71.96
2016-08-08,5.1449527999999995,0.0,,,80.06,75.02
2016-08-09,6.9345016,0.0,,,80.96,71.96
2016-08-10,11.4083736,0.0,,,82.04,78.98
2016-08-11,12.7505352,0.0,,,84.02,78.08
2016-08-12,12.079454400000001,0.0,,,87.98,78.08
2016-08-13,10.7372928,0.0,,,84.91999999999999,78.98
2016-08-14,8.7240504,0.0,,,93.91999999999999,78.08
2016-08-15,6.039727200000001,0.0,,,84.02,75.92
2016-08-16,9.842518400000001,0.0,,,82.94,75.02
2016-08-17,,0.0,,,89.96000000000001,77.0
2016-08-18,,0.6496062992125985,,,84.91999999999999,71.96
2016-08-19,5.1449527999999995,0.11023622047244094,,,82.04,73.04
2016-08-20,5.8160336,0.0,,,80.96,75.02
2016-08-21,7.3818888,0.2913385826771654,,,82.04,73.94
2016-08-22,6.9345016,0.0,,,80.96,69.08
2016-08-23,5.59234,0.0,,,75.92,64.04
2016-08-24,7.3818888,0.0,,,80.96,69.08
2016-08-25,10.066212,0.0,,,78.08,69.98
2016-08-26,6.2634208,0.0,,,93.02,73.94
2016-08-27,6.710808,0.0,,,80.06,73.04
2016-08-28,7.3818888,0.0,,,78.98,73.94
2016-08-29,4.921259200000001,0.0,,,86.0,71.96
2016-08-30,7.158195200000001,0.0,,,78.08,73.94
2016-08-31,6.710808,0.0,,,80.06,75.92
2016-09-01,3.8027912,0.2519685039370079,,,78.08,71.06
2016-09-02,9.3951312,0.0,,,75.02,64.04
2016-09-03,18.342875199999998,0.0,,,73.94,71.06
2016-09-04,8.5003568,0.0,,,71.96,64.04
2016-09-05,6.039727200000001,0.0,,,77.0,64.04
2016-09-06,8.947744,0.20078740157480315,,,80.06,69.98
2016-09-07,6.2634208,0.011811023622047244,,,82.04,69.98
2016-09-08,5.8160336,0.0,,,82.94,71.96
2016-09-09,7.6055824,0.0,,,89.96000000000001,78.08
2016-09-10,10.960986400000001,0.0,,,80.06,75.02
2016-09-11,8.0529696,0.0,,,84.91999999999999,71.96
2016-09-12,8.5003568,0.0,,,71.96,64.94
2016-09-13,6.710808,0.0,,,73.94,68.0
2016-09-14,7.829276,0.0,,,80.96,71.96
2016-09-15,12.303148,0.0,,,73.94,66.92
2016-09-16,11.18468,0.0,,,69.08,66.02
2016-09-17,6.2634208,0.0,,,73.04,66.92
2016-09-18,8.2766632,0.0,,,78.08,73.04
2016-09-19,8.7240504,4.318897637795276,,,75.02,69.08
2016-09-20,5.3686464,0.03149606299212599,,,75.02,71.06
2016-09-21,6.039727200000001,0.0,,,75.92,71.96
2016-09-22,6.710808,0.0,,,75.92,64.94
2016-09-23,5.1449527999999995,0.0,,,75.92,69.08
2016-09-24,7.829276,0.0,,,73.04,62.059999999999995
2016-09-25,4.6975656,0.0,,,66.92,55.94
2016-09-26,7.6055824,0.0,,,71.96,62.959999999999994
2016-09-27,5.8160336,0.421259842519685,,,73.04,66.02
2016-09-28,14.7637776,0.011811023622047244,,,71.06,64.04
2016-09-29,25.0536832,1.0196850393700787,,,66.92,64.04
2016-09-30,17.0007136,0.2992125984251969,,,66.02,64.94
2016-10-01,10.7372928,0.07874015748031496,,,66.02,64.04
2016-10-02,6.039727200000001,0.0,,,66.02,64.04
2016-10-03,3.355404,0.0,,,69.98,60.08
2016-10-04,10.960986400000001,0.011811023622047244,,,66.02,62.059999999999995
2016-10-05,8.5003568,0.0,,,64.04,60.980000000000004
2016-10-06,6.4871144,0.0,,,66.02,59.0
2016-10-07,8.7240504,0.0,,,66.92,62.959999999999994
2016-10-08,5.59234,0.610236220472441,,,69.08,64.04
2016-10-09,9.6188248,1.6811023622047245,,,64.94,53.06
2016-10-10,7.6055824,0.0,,,62.059999999999995,46.94
2016-10-11,5.8160336,0.0,,,60.980000000000004,48.02
2016-10-12,4.2501784,0.011811023622047244,,,64.04,53.96
2016-10-13,4.2501784,0.0,,,71.06,55.94
2016-10-14,4.921259200000001,0.0,,,60.980000000000004,48.92
2016-10-15,3.8027912,0.0,,,62.059999999999995,51.98
2016-10-16,7.3818888,0.0,,,66.02,55.94
2016-10-17,7.829276,0.0,,,71.06,60.980000000000004
2016-10-18,10.066212,0.0,,,71.06,66.02
2016-10-19,6.9345016,0.0,,,80.06,66.92
2016-10-20,8.7240504,0.0,,,69.08,66.02
2016-10-21,6.039727200000001,0.0984251968503937,,,73.04,62.959999999999994
2016-10-22,10.5135992,0.5196850393700787,,,62.959999999999994,50.0
2016-10-23,11.8557608,0.0,,,62.959999999999994,46.94
2016-10-24,8.7240504,0.0,,,64.94,51.08
2016-10-25,6.710808,0.0,,,55.94,46.04
2016-10-26,4.921259200000001,0.0,,,51.98,42.08
2016-10-27,10.7372928,0.11023622047244094,,,64.04,46.94
2016-10-28,7.829276,0.0,,,62.959999999999994,44.96
2016-10-29,9.3951312,0.0,,,64.94,42.08
2016-10-30,9.6188248,0.0,,,75.92,57.92
2016-10-31,4.921259200000001,0.0,,,57.92,48.02
2016-11-01,3.8027912,0.0,,,59.0,44.96
2016-11-02,6.710808,0.0,,,64.94,55.04
2016-11-03,8.5003568,0.0,,,80.06,57.92
2016-11-04,6.710808,0.0,,,62.059999999999995,50.0
2016-11-05,6.9345016,0.0,,,62.959999999999994,42.08
2016-11-06,8.5003568,0.0,,,62.059999999999995,46.94
2016-11-07,5.8160336,0.0,,,51.08,41.0
2016-11-08,5.8160336,0.0,,,68.0,42.08
2016-11-09,7.158195200000001,0.0,,,55.94,48.92
2016-11-10,8.2766632,0.0,,,55.94,42.980000000000004
2016-11-11,9.6188248,0.0,,,62.959999999999994,42.980000000000004
2016-11-12,6.4871144,0.0,,,50.0,37.94
2016-11-13,9.842518400000001,0.0,,,59.0,41.0
2016-11-14,6.4871144,0.07874015748031496,,,57.92,44.06
2016-11-15,6.4871144,0.3700787401574803,,,57.02,46.94
2016-11-16,7.3818888,0.0,,,60.08,42.980000000000004
2016-11-17,5.1449527999999995,0.0,,,60.08,48.02
2016-11-18,4.2501784,0.0,,,60.980000000000004,44.96
2016-11-19,7.3818888,0.07874015748031496,,,60.08,37.04
2016-11-20,17.4481008,0.0,,,44.06,37.94
2016-11-21,15.2111648,0.0,,,44.06,37.04
2016-11-22,8.947744,0.0,,,48.02,35.96
2016-11-23,4.0264848,0.0,,,50.0,32.0
2016-11-24,4.2501784,0.0,,,55.94,42.980000000000004
2016-11-25,2.4606296000000003,0.0,,,53.06,42.980000000000004
2016-11-26,6.9345016,0.0,,,51.98,42.08
2016-11-27,4.921259200000001,0.0,,,50.0,37.94
2016-11-28,5.3686464,0.0,,,53.96,37.94
2016-11-29,13.8690032,0.2519685039370079,,,60.08,53.06
2016-11-30,7.3818888,0.05905511811023623,,,59.0,53.06
2016-12-01,9.6188248,0.05905511811023623,,,60.980000000000004,44.06
2016-12-02,10.289905599999999,0.0,,,51.08,41.0
2016-12-03,9.3951312,0.0,,,50.0,42.08
2016-12-04,4.0264848,0.0,,,48.02,39.92
2016-12-05,6.4871144,0.3188976377952756,,,48.92,42.980000000000004
2016-12-06,12.303148,0.8503937007874017,,,48.92,37.94
2016-12-07,6.039727200000001,0.11023622047244094,,,48.92,41.0
2016-12-08,6.9345016,0.0,,,44.06,33.08
2016-12-09,9.842518400000001,0.0,,,37.94,30.2
2016-12-10,7.6055824,0.0,,,37.94,29.12
2016-12-11,5.3686464,0.0,,,48.02,28.22
2016-12-12,8.7240504,0.16929133858267717,,,53.06,39.92
2016-12-13,4.473872,0.0,,,46.04,35.06
2016-12-14,6.710808,0.0,,,44.96,37.94
2016-12-15,11.18468,0.03149606299212599,,,44.06,18.14
2016-12-16,8.0529696,0.0,,,29.12,17.240000000000002
2016-12-17,6.4871144,1.0196850393700787,,,48.02,28.22
2016-12-18,12.303148,0.07874015748031496,,,60.980000000000004,37.04
2016-12-19,5.8160336,0.0,,,37.04,28.22
2016-12-20,4.0264848,0.0,,,37.94,24.26
2016-12-21,5.1449527999999995,0.0,,,42.980000000000004,30.2
2016-12-22,8.2766632,0.0,,,53.06,33.98
2016-12-23,6.039727200000001,0.0,,,46.04,35.06
2016-12-24,8.5003568,0.16929133858267717,,,51.98,42.08
2016-12-25,4.473872,0.0,,,46.94,37.04
2016-12-26,8.5003568,0.0,,,51.08,37.04
2016-12-27,11.6320672,0.0,,,62.059999999999995,48.02
2016-12-28,5.1449527999999995,0.0,,,48.02,37.94
2016-12-29,8.947744,0.1811023622047244,,,48.92,39.02
2016-12-30,12.303148,0.0,,,42.08,33.98
2016-12-31,13.6453096,0.0,,,46.04,32.0
2017-01-01,6.2634208,0.0,,,53.06,39.92
2017-01-02,9.6188248,1.0590551181102361,,,46.04,39.92
2017-01-03,8.947744,0.531496062992126,,,48.92,44.06
2017-01-04,10.066212,0.011811023622047244,,,55.94,37.94
2017-01-05,7.3818888,0.0,,,37.04,30.2
2017-01-06,5.8160336,,,,33.08,29.12
2017-01-07,9.3951312,,,,29.12,21.2
2017-01-08,9.171437599999999,0.0,,,24.26,16.16
2017-01-09,5.8160336,0.0,,,29.12,14.18
2017-01-10,4.921259200000001,0.0,,,46.04,22.1
2017-01-11,11.18468,0.20078740157480315,,,50.0,44.06
2017-01-12,14.316390400000001,0.0,,,57.92,46.04
2017-01-13,8.947744,0.0,,,60.08,35.96
2017-01-14,5.3686464,0.20078740157480315,,,37.04,31.1
2017-01-15,4.6975656,0.011811023622047244,,,42.980000000000004,33.08
2017-01-16,4.473872,0.0,,,39.92,28.22
2017-01-17,4.921259200000001,0.16929133858267717,,,46.04,39.02
2017-01-18,9.3951312,0.0,,,46.04,39.92
2017-01-19,3.1317104,0.0,,,50.0,37.94
2017-01-20,2.6843232,0.05905511811023623,,,44.96,35.06
2017-01-21,4.6975656,0.0,,,46.04,44.06
2017-01-22,7.6055824,0.5511811023622047,,,46.94,42.08
2017-01-23,23.7115216,1.8897637795275593,,,46.04,41.0
2017-01-24,11.6320672,0.31102362204724415,,,42.980000000000004,37.04
2017-01-25,8.0529696,0.0,,,53.06,39.92
2017-01-26,10.066212,0.01968503937007874,,,53.96,44.06
2017-01-27,12.303148,0.0,,,44.06,35.96
2017-01-28,11.4083736,0.0,,,42.08,33.98
2017-01-29,6.039727200000001,0.0,,,42.980000000000004,35.06
2017-01-30,6.9345016,0.011811023622047244,,,39.02,30.2
2017-01-31,6.9345016,0.0,,,48.02,29.12
2017-02-01,6.9345016,0.0,,,46.94,39.02
2017-02-02,5.1449527999999995,0.0,,,46.04,33.98
2017-02-03,6.710808,0.0,,,35.06,30.2
2017-02-04,8.5003568,0.0,,,35.06,23.18
2017-02-05,10.960986400000001,0.0,,,50.0,33.08
2017-02-06,7.6055824,0.0,,,46.94,37.94
2017-02-07,12.5268416,0.0,,,51.98,44.96
2017-02-08,7.829276,0.0,,,62.959999999999994,46.04
2017-02-09,13.6453096,1.1614173228346458,,,46.04,25.16
2017-02-10,10.7372928,0.0,,,39.92,24.26
2017-02-11,8.7240504,0.0,,,53.96,39.92
2017-02-12,10.066212,0.3188976377952756,,,44.06,37.94
2017-02-13,11.6320672,0.011811023622047244,,,42.08,32.0
2017-02-14,7.829276,0.0,,,42.08,29.12
2017-02-15,8.2766632,0.011811023622047244,,,48.92,37.04
2017-02-16,8.947744,0.0,,,37.94,32.0
2017-02-17,7.3818888,0.0,,,42.980000000000004,28.22
2017-02-18,7.158195200000001,0.0,,,55.04,35.96
2017-02-19,5.3686464,0.0,,,68.0,51.08
2017-02-20,,0.0,,,57.02,39.02
2017-02-21,,0.0,,,46.94,39.02
2017-02-22,4.921259200000001,0.0,,,50.0,42.980000000000004
2017-02-23,9.171437599999999,0.0,,,59.0,44.96
2017-02-24,9.3951312,0.0,,,59.0,51.08
2017-02-25,8.2766632,0.46850393700787407,,,57.92,48.02
2017-02-26,8.0529696,0.0,,,48.02,37.04
2017-02-27,7.3818888,0.0,,,50.0,35.96
2017-02-28,6.4871144,0.1811023622047244,,,57.02,48.92
2017-03-01,14.7637776,0.07086614173228346,,,62.959999999999994,48.92
2017-03-02,13.421616,0.0,,,60.08,39.02
2017-03-03,7.6055824,0.0,,,41.0,31.1
2017-03-04,8.947744,0.0,,,35.06,23.18
2017-03-05,7.6055824,0.0,,,37.04,17.240000000000002
2017-03-06,5.8160336,0.0,,,44.06,29.12
2017-03-07,12.303148,0.0,,,51.98,44.06
2017-03-08,13.421616,0.0984251968503937,,,60.08,46.94
2017-03-09,11.8557608,0.0,,,66.02,48.02
2017-03-10,10.289905599999999,0.16929133858267717,,,48.92,29.12
2017-03-11,10.289905599999999,0.0,,,32.0,21.2
2017-03-12,7.158195200000001,0.0,,,33.08,24.26
2017-03-13,8.7240504,0.20866141732283466,,,37.94,23.18
2017-03-14,15.8822456,3.2007874015748032,,,46.94,26.240000000000002
2017-03-15,15.8822456,0.0,,,32.0,23.18
2017-03-16,12.303148,0.0,,,39.02,26.240000000000002
2017-03-17,6.710808,0.0,,,48.02,30.2
2017-03-18,9.6188248,0.03937007874015748,,,42.08,39.92
2017-03-19,11.4083736,0.0,,,42.08,37.04
2017-03-20,6.039727200000001,0.0,,,48.02,35.06
2017-03-21,5.59234,0.0,,,55.04,44.06
2017-03-22,12.5268416,0.0,,,50.0,28.22
2017-03-23,7.3818888,0.0,,,44.06,24.26
2017-03-24,13.6453096,0.0,,,48.02,37.94
2017-03-25,9.6188248,0.0,,,66.92,44.06
2017-03-26,10.960986400000001,0.0,,,44.06,42.08
2017-03-27,7.6055824,0.07086614173228346,,,55.94,42.980000000000004
2017-03-28,4.6975656,0.16929133858267717,,,51.98,44.96
2017-03-29,5.1449527999999995,0.0,,,55.94,44.06
2017-03-30,7.3818888,0.0,,,44.06,39.02
2017-03-31,10.5135992,1.078740157480315,,,51.98,42.08
2017-04-01,10.066212,0.0,,,50.0,39.92
2017-04-02,6.710808,0.0,,,60.980000000000004,39.92
2017-04-03,9.171437599999999,0.2795275590551181,,,53.96,46.04
2017-04-04,10.289905599999999,0.2204724409448819,,,75.02,46.04
2017-04-05,7.829276,0.0,,,55.94,42.08
2017-04-06,13.8690032,0.3897637795275591,,,59.0,46.04
2017-04-07,13.421616,0.0,,,53.06,42.08
2017-04-08,8.947744,0.0,,,57.92,39.92
2017-04-09,7.6055824,0.0,,,55.04,42.980000000000004
2017-04-10,10.960986400000001,0.0,,,60.08,50.0
2017-04-11,12.079454400000001,0.0,,,60.980000000000004,51.98
2017-04-12,5.59234,0.0,,,75.92,53.06
2017-04-13,6.4871144,0.0,,,62.059999999999995,50.0
2017-04-14,5.8160336,0.0,,,53.96,46.04
2017-04-15,10.289905599999999,0.0,,,57.02,50.0
2017-04-16,10.066212,0.0,,,80.06,55.04
2017-04-17,5.8160336,0.03937007874015748,,,71.96,55.04
2017-04-18,9.171437599999999,0.0,,,57.92,48.92
2017-04-19,11.18468,0.0,,,55.04,48.02
2017-04-20,7.829276,0.0,,,62.959999999999994,51.98
2017-04-21,8.2766632,0.07086614173228346,,,55.04,50.0
2017-04-22,5.8160336,0.33070866141732286,,,53.06,51.08
2017-04-23,6.9345016,0.0,,,51.98,46.94
2017-04-24,10.289905599999999,0.05905511811023623,,,53.06,50.0
2017-04-25,13.6453096,0.9803149606299213,,,55.94,51.98
2017-04-26,5.8160336,0.07874015748031496,,,60.08,53.96
2017-04-27,7.3818888,0.0,,,60.08,55.04
2017-04-28,8.5003568,0.0,,,73.94,59.0
2017-04-29,7.3818888,0.0,,,87.98,60.08
2017-04-30,9.842518400000001,0.0,,,66.92,51.98
2017-05-01,11.18468,0.01968503937007874,,,66.02,55.04
2017-05-02,15.658552,0.0905511811023622,,,75.02,60.08
2017-05-03,7.6055824,0.0,,,66.02,53.96
2017-05-04,12.9742288,0.0,,,55.94,53.06
2017-05-05,16.5533264,1.3503937007874016,,,64.04,55.94
2017-05-06,13.6453096,0.0,,,62.059999999999995,53.06
2017-05-07,9.842518400000001,0.0,,,55.94,51.98
2017-05-08,5.8160336,0.01968503937007874,,,57.92,46.04
2017-05-09,6.4871144,0.0,,,62.959999999999994,48.02
2017-05-10,8.2766632,0.0,,,60.980000000000004,53.96
2017-05-11,10.5135992,0.0,,,53.96,51.98
2017-05-12,12.5268416,0.0,,,53.06,51.08
2017-05-13,15.2111648,3.251968503937008,,,53.96,46.94
2017-05-14,8.7240504,0.0,,,71.06,46.94
2017-05-15,9.171437599999999,0.0,,,69.98,51.98
2017-05-16,8.5003568,0.0,,,77.0,55.94
2017-05-17,9.6188248,0.0,,,71.96,60.980000000000004
2017-05-18,10.7372928,0.0,,,82.04,66.02
2017-05-19,9.6188248,0.0,,,87.98,66.02
2017-05-20,13.8690032,0.0,,,75.92,55.94
2017-05-21,10.960986400000001,0.0,,,57.92,55.04
2017-05-22,5.3686464,1.5393700787401576,,,62.959999999999994,57.02
2017-05-23,7.6055824,0.05118110236220473,,,64.04,57.02
2017-05-24,11.18468,0.14173228346456693,,,62.059999999999995,55.04
2017-05-25,11.6320672,0.5905511811023623,,,66.02,55.04
2017-05-26,10.5135992,0.2204724409448819,,,73.04,60.08
2017-05-27,5.8160336,0.0,,,69.98,59.0
2017-05-28,9.3951312,0.38188976377952755,,,64.04,59.0
2017-05-29,10.066212,0.11811023622047245,,,60.08,55.94
2017-05-30,8.5003568,0.12992125984251968,,,60.980000000000004,55.04
2017-05-31,5.59234,0.011811023622047244,,,66.02,60.08
2017-06-01,7.829276,0.0,,,80.06,62.059999999999995
2017-06-02,6.710808,0.0,,,78.08,62.059999999999995
2017-06-03,5.1449527999999995,0.0,,,73.94,57.92
2017-06-04,8.2766632,0.0,,,69.98,59.0
2017-06-05,8.7240504,0.31102362204724415,,,75.02,62.959999999999994
2017-06-06,9.6188248,0.07874015748031496,,,64.04,55.94
2017-06-07,8.5003568,0.0,,,60.08,55.04
2017-06-08,6.2634208,0.0,,,60.980000000000004,53.96
2017-06-09,7.3818888,0.0,,,80.06,53.06
2017-06-10,10.289905599999999,0.0,,,77.0,64.94
2017-06-11,8.7240504,0.0,,,86.0,68.0
2017-06-12,8.2766632,0.0,,,87.08000000000001,71.96
2017-06-13,9.3951312,0.0,,,87.08000000000001,73.94
2017-06-14,8.5003568,0.05118110236220473,,,78.08,66.92
2017-06-15,9.171437599999999,0.0,,,69.08,64.04
2017-06-16,7.3818888,0.0,,,71.06,66.02
2017-06-17,6.9345016,0.07874015748031496,,,75.02,66.92
2017-06-18,,0.0,,,75.92,71.06
2017-06-19,14.316390400000001,0.9488188976377954,,,75.02,69.08
2017-06-20,10.5135992,0.1889763779527559,,,82.04,69.08
2017-06-21,8.947744,0.751968503937008,,,77.0,68.0
2017-06-22,6.039727200000001,0.0,,,77.0,69.08
2017-06-23,12.303148,0.03937007874015748,,,77.0,69.98
2017-06-24,11.4083736,0.27165354330708663,,,84.91999999999999,68.0
2017-06-25,6.4871144,0.0,,,78.08,71.06
2017-06-26,6.710808,0.0,,,73.94,66.02
2017-06-27,6.039727200000001,0.0,,,78.98,64.94
2017-06-28,7.6055824,0.0,,,77.0,60.980000000000004
2017-06-29,11.8557608,0.0,,,71.96,64.94
2017-06-30,15.2111648,0.0,,,75.02,66.02
2017-07-01,11.6320672,0.0,,,73.94,66.92
2017-07-02,7.158195200000001,0.0,,,87.98,71.96
2017-07-03,7.6055824,0.0,,,84.91999999999999,73.04
2017-07-04,6.2634208,0.0,,,78.08,69.98
2017-07-05,8.5003568,0.0,,,77.0,68.0
2017-07-06,7.158195200000001,0.07874015748031496,,,71.96,69.08
2017-07-07,4.921259200000001,0.46850393700787407,,,78.98,69.98
2017-07-08,8.0529696,0.0,,,86.0,71.06
2017-07-09,6.9345016,0.0,,,77.0,69.08
2017-07-10,8.0529696,0.0,,,78.98,71.96
2017-07-11,9.6188248,0.0,,,82.94,75.02
2017-07-12,8.5003568,0.0,,,89.96000000000001,75.92
2017-07-13,6.9345016,1.0905511811023623,,,87.08000000000001,71.06
2017-07-14,,0.3700787401574803,,,77.0,69.08
2017-07-15,5.3686464,0.0,,,80.96,73.94
2017-07-16,6.039727200000001,0.0,,,80.06,69.98
2017-07-17,6.039727200000001,0.0,,,80.06,75.02
2017-07-18,7.6055824,0.0,,,80.06,73.94
2017-07-19,8.947744,0.0,,,82.94,75.92
2017-07-20,8.947744,0.0,,,89.06,78.08
2017-07-21,7.6055824,0.0,,,84.91999999999999,78.98
2017-07-22,6.710808,0.05118110236220473,,,84.02,75.92
2017-07-23,9.842518400000001,1.0590551181102361,,,80.96,73.94
2017-07-24,8.947744,0.5,,,87.08000000000001,69.08
2017-07-25,8.5003568,0.05118110236220473,,,73.04,69.98
2017-07-26,8.5003568,0.0,,,71.06,69.08
2017-07-27,6.710808,0.0,,,78.08,69.08
2017-07-28,8.0529696,0.1889763779527559,,,78.98,73.04
2017-07-29,14.7637776,2.5590551181102366,,,73.94,68.0
2017-07-30,8.2766632,0.0,,,73.94,62.959999999999994
2017-07-31,5.59234,0.0,,,82.04,64.94
2017-08-01,7.3818888,0.0,,,84.02,71.96
2017-08-02,7.3818888,0.0,,,78.98,71.06
2017-08-03,6.710808,0.0,,,78.98,71.96
2017-08-04,8.7240504,0.0,,,78.98,75.02
2017-08-05,7.6055824,0.011811023622047244,,,80.06,69.08
2017-08-06,5.59234,0.0,,,77.0,66.02
2017-08-07,10.066212,1.468503937007874,,,73.94,69.08
2017-08-08,4.921259200000001,0.0,,,75.92,68.0
2017-08-09,5.3686464,0.0,,,77.0,66.92
2017-08-10,4.921259200000001,0.0,,,75.92,69.08
2017-08-11,6.039727200000001,0.0,,,75.92,69.98
2017-08-12,8.0529696,0.5393700787401575,,,75.92,71.96
2017-08-13,4.0264848,0.0,,,84.91999999999999,73.04
2017-08-14,4.6975656,0.0,,,78.08,69.98
2017-08-15,4.2501784,0.4015748031496063,,,75.02,73.94
2017-08-16,5.1449527999999995,0.0,,,82.04,71.06
2017-08-17,6.2634208,0.0,,,80.06,71.96
2017-08-18,11.6320672,0.33858267716535434,,,80.96,75.02
2017-08-19,6.710808,0.0,,,84.91999999999999,73.94
2017-08-20,4.921259200000001,0.0,,,84.91999999999999,69.08
2017-08-21,6.9345016,0.0,,,80.06,71.06
2017-08-22,13.8690032,0.0,,,80.96,75.92
2017-08-23,4.2501784,0.011811023622047244,,,82.94,73.04
2017-08-24,4.473872,0.0,,,80.06,66.92
2017-08-25,4.6975656,0.0,,,75.02,64.94
2017-08-26,6.2634208,0.0,,,75.02,64.04
2017-08-27,8.7240504,0.0,,,73.94,64.94
2017-08-28,17.0007136,0.0,,,71.96,69.08
2017-08-29,16.5533264,0.6614173228346457,,,71.06,66.92
2017-08-30,6.4871144,0.03937007874015748,,,75.92,62.959999999999994
2017-08-31,7.3818888,0.2283464566929134,,,82.94,66.92
2017-09-01,5.3686464,0.0,,,68.0,59.0
2017-09-02,12.079454400000001,1.4291338582677164,,,69.08,62.059999999999995
2017-09-03,7.829276,0.0,,,73.04,68.0
2017-09-04,9.842518400000001,0.0,,,77.0,64.04
2017-09-05,12.303148,0.0,,,77.0,73.04
2017-09-06,7.158195200000001,1.6417322834645671,,,78.08,62.059999999999995
2017-09-07,8.7240504,0.0,,,71.96,60.980000000000004
2017-09-08,6.2634208,0.0,,,73.04,60.980000000000004
2017-09-09,5.1449527999999995,0.0,,,71.96,55.94
2017-09-10,6.710808,0.0,,,69.08,55.04
2017-09-11,4.2501784,0.0,,,69.98,57.92
2017-09-12,4.2501784,0.0,,,75.02,62.059999999999995
2017-09-13,5.8160336,0.0,,,73.04,66.02
2017-09-14,8.5003568,0.0,,,75.92,71.06
2017-09-15,5.59234,0.0,,,78.08,69.98
2017-09-16,4.921259200000001,0.0,,,75.02,69.98
2017-09-17,7.6055824,0.0,,,73.94,69.98
2017-09-18,10.960986400000001,0.0,,,71.96,69.98
2017-09-19,12.7505352,0.07874015748031496,,,71.96,69.08
2017-09-20,7.3818888,0.0,,,80.06,69.98
2017-09-21,5.59234,0.0,,,80.96,69.98
2017-09-22,6.039727200000001,0.0,,,80.06,68.0
2017-09-23,5.3686464,0.0,,,80.96,69.98
2017-09-24,4.2501784,0.0,,,80.06,69.08
2017-09-25,6.4871144,0.0,,,75.02,66.92
2017-09-26,8.2766632,0.0,,,73.04,68.0
2017-09-27,11.18468,0.011811023622047244,,,75.92,71.96
2017-09-28,9.3951312,0.0,,,77.0,60.980000000000004
2017-09-29,5.8160336,0.0,,,69.08,55.94
2017-09-30,8.2766632,0.0,,,66.02,55.04
2017-10-01,6.710808,0.0,,,62.959999999999994,53.06
2017-10-02,6.2634208,0.0,,,68.0,53.96
2017-10-03,8.947744,0.0,,,66.92,62.059999999999995
2017-10-04,7.3818888,0.0,,,68.0,57.02
2017-10-05,10.960986400000001,0.0,,,75.92,64.04
2017-10-06,8.0529696,0.0,,,75.02,68.0
2017-10-07,8.5003568,0.0,,,73.94,69.98
2017-10-08,11.8557608,0.011811023622047244,,,75.02,71.96
2017-10-09,12.079454400000001,0.03937007874015748,,,75.02,71.96
2017-10-10,4.6975656,0.0,,,78.08,69.98
2017-10-11,9.6188248,0.011811023622047244,,,71.96,68.0
2017-10-12,21.0271984,0.2992125984251969,,,68.0,60.980000000000004
2017-10-13,14.9874712,0.011811023622047244,,,66.92,62.059999999999995
2017-10-14,5.1449527999999995,0.07874015748031496,,,69.08,64.94
2017-10-15,9.171437599999999,0.011811023622047244,,,71.06,66.02
2017-10-16,8.0529696,0.0905511811023622,,,71.96,50.0
2017-10-17,6.039727200000001,0.0,,,57.02,44.06
2017-10-18,7.829276,0.0,,,66.92,51.08
2017-10-19,8.5003568,0.0,,,66.02,55.94
2017-10-20,6.2634208,0.0,,,71.96,57.92
2017-10-21,4.0264848,0.0,,,71.06,55.94
2017-10-22,4.921259200000001,0.0,,,69.08,57.92
2017-10-23,11.6320672,0.0,,,69.98,66.02
2017-10-24,12.9742288,0.5,,,71.96,64.94
2017-10-25,6.2634208,0.0,,,66.02,55.04
2017-10-26,8.0529696,0.0,,,57.92,46.04
2017-10-27,7.158195200000001,0.0,,,62.959999999999994,48.02
2017-10-28,10.289905599999999,0.0,,,66.92,57.92
2017-10-29,11.6320672,2.9094488188976384,,,66.92,60.08
2017-10-30,15.8822456,0.05118110236220473,,,64.04,46.94
2017-10-31,7.6055824,0.0,,,60.08,48.02
2017-11-01,9.3951312,0.0,,,64.04,46.94
2017-11-02,6.4871144,0.0,,,71.06,64.04
2017-11-03,6.710808,0.0,,,71.06,55.04
2017-11-04,10.5135992,0.0,,,60.08,46.94
2017-11-05,7.829276,0.2283464566929134,,,64.04,57.92
2017-11-06,9.171437599999999,0.0,,,66.92,51.98
2017-11-07,8.0529696,1.5393700787401576,,,51.98,44.06
2017-11-08,7.3818888,0.011811023622047244,,,51.98,42.980000000000004
2017-11-09,6.9345016,0.0,,,55.94,51.08
2017-11-10,10.7372928,0.0,,,53.96,27.14
2017-11-11,5.3686464,0.0,,,39.92,24.26
2017-11-12,2.9080168,0.0,,,46.04,35.96
2017-11-13,4.921259200000001,0.42913385826771655,,,48.92,41.0
2017-11-14,5.59234,0.0,,,50.0,37.04
2017-11-15,7.3818888,0.0,,,55.04,42.08
2017-11-16,8.2766632,0.011811023622047244,,,59.0,44.96
2017-11-17,7.3818888,0.0,,,50.0,41.0
2017-11-18,12.303148,0.0,,,60.08,39.02
2017-11-19,13.6453096,0.0905511811023622,,,60.08,42.08
2017-11-20,9.842518400000001,0.0,,,46.94,39.02
2017-11-21,13.421616,0.0,,,57.92,46.94
2017-11-22,9.6188248,0.6299212598425197,,,59.0,37.94
2017-11-23,5.3686464,0.0,,,42.08,32.0
2017-11-24,5.3686464,0.0,,,48.92,35.96
2017-11-25,6.9345016,0.0,,,53.96,42.08
2017-11-26,6.9345016,0.0,,,51.98,39.92
2017-11-27,8.2766632,0.0,,,53.96,39.02
2017-11-28,7.158195200000001,0.0,,,55.94,42.08
2017-11-29,8.2766632,0.0,,,64.04,44.96
2017-11-30,6.039727200000001,0.0,,,55.94,42.08
2017-12-01,4.921259200000001,0.0,,,55.04,42.08
2017-12-02,3.1317104,0.0,,,50.0,39.02
2017-12-03,3.1317104,0.011811023622047244,,,51.08,44.06
2017-12-04,4.921259200000001,0.0,,,53.06,39.92
2017-12-05,12.303148,0.14173228346456693,,,60.08,51.98
2017-12-06,7.829276,0.05905511811023623,,,57.92,42.08
2017-12-07,8.7240504,0.0,,,46.04,39.92
2017-12-08,4.921259200000001,0.011811023622047244,,,44.96,33.08
2017-12-09,4.6975656,0.2992125984251969,,,35.96,30.2
2017-12-10,10.066212,0.24015748031496062,,,39.92,31.1
2017-12-11,6.2634208,0.0,,,46.04,35.06
2017-12-12,10.289905599999999,0.0,,,51.08,28.22
2017-12-13,14.316390400000001,0.0,,,31.1,22.1
2017-12-14,10.066212,0.011811023622047244,,,42.08,29.12
2017-12-15,4.921259200000001,0.0,,,29.12,25.16
2017-12-16,10.5135992,0.03149606299212599,,,41.0,24.26
2017-12-17,2.9080168,0.0,,,46.04,33.98
2017-12-18,4.2501784,0.0,,,53.06,41.0
2017-12-19,8.7240504,0.0,,,55.94,44.06
2017-12-20,6.4871144,0.0,,,51.98,35.06
2017-12-21,3.5790976000000003,0.0,,,42.08,31.1
2017-12-22,2.9080168,0.0,,,51.08,35.06
2017-12-23,10.7372928,0.05905511811023623,,,55.04,44.96
2017-12-24,9.3951312,0.11811023622047245,,,46.94,37.04
2017-12-25,13.421616,0.05118110236220473,,,46.94,31.1
2017-12-26,9.3951312,0.0,,,33.98,28.22
2017-12-27,6.039727200000001,0.0,,,31.1,19.22
2017-12-28,7.829276,0.0,,,22.1,15.259999999999998
2017-12-29,6.4871144,0.0,,,26.240000000000002,14.18
2017-12-30,3.1317104,0.0,,,26.96,17.96
2017-12-31,8.5003568,0.0,,,21.92,12.020000000000003
2018-01-01,9.6188248,0.0,,,20.12,10.220000000000002
2018-01-02,10.5135992,0.0,,,26.240000000000002,13.100000000000001
2018-01-03,5.59234,0.0,,,31.1,19.22
2018-01-04,13.8690032,0.0,,,31.1,18.14
2018-01-05,16.1059392,0.0,,,18.14,12.2
2018-01-06,11.18468,0.0,,,17.240000000000002,9.14
2018-01-07,7.3818888,0.0,,,19.22,5.18
2018-01-08,11.8557608,0.14173228346456693,,,35.06,18.14
2018-01-09,5.8160336,0.0,,,44.06,31.1
2018-01-10,2.6843232,0.0,,,42.08,27.14
2018-01-11,7.3818888,0.0,,,57.02,42.08
2018-01-12,12.303148,0.16929133858267717,,,57.92,46.94
2018-01-13,12.303148,0.2283464566929134,,,53.06,23.18
2018-01-14,7.6055824,0.0,,,27.14,16.16
2018-01-15,9.3951312,0.0,,,33.08,20.12
2018-01-16,3.8027912,0.0,,,39.92,27.14
2018-01-17,7.6055824,0.07874015748031496,,,39.92,24.26
2018-01-18,8.947744,0.0,,,35.96,20.12
2018-01-19,7.6055824,0.0,,,46.04,27.14
2018-01-20,9.3951312,0.0,,,55.04,33.98
2018-01-21,4.921259200000001,0.0,,,53.96,37.04
2018-01-22,6.710808,0.0,,,51.98,42.980000000000004
2018-01-23,10.289905599999999,0.7204724409448819,,,55.04,44.06
2018-01-24,8.5003568,0.0,,,44.06,33.98
2018-01-25,7.3818888,0.0,,,35.96,28.22
2018-01-26,4.473872,0.0,,,37.94,26.240000000000002
2018-01-27,7.6055824,0.0,,,48.02,37.94
2018-01-28,4.0264848,0.8582677165354331,,,50.0,42.980000000000004
2018-01-29,11.6320672,0.0905511811023622,,,44.96,33.98
2018-01-30,7.158195200000001,0.11811023622047245,,,35.06,25.16
2018-01-31,7.6055824,0.0,,,37.04,18.14
2018-02-01,6.710808,0.0,,,44.06,37.04
2018-02-02,9.842518400000001,0.07874015748031496,,,44.06,22.1
2018-02-03,6.4871144,0.0,,,33.08,18.14
2018-02-04,7.6055824,1.0590551181102361,,,50.0,33.08
2018-02-05,8.2766632,0.0,,,42.08,28.22
2018-02-06,3.8027912,0.0,,,42.980000000000004,28.22
2018-02-07,7.158195200000001,0.6496062992125985,,,50.0,31.1
2018-02-08,8.2766632,0.0,,,39.02,28.22
2018-02-09,4.6975656,0.0,,,42.980000000000004,28.22
2018-02-10,4.921259200000001,0.3897637795275591,,,51.98,42.980000000000004
2018-02-11,6.710808,1.9015748031496063,,,53.96,44.96
2018-02-12,5.59234,0.5787401574803149,,,55.04,37.04
2018-02-13,6.039727200000001,0.0,,,37.04,29.12
2018-02-14,5.3686464,0.03149606299212599,,,46.94,35.06
2018-02-15,5.1449527999999995,0.011811023622047244,,,57.92,42.08
2018-02-16,7.6055824,0.05118110236220473,,,60.980000000000004,41.0
2018-02-17,5.59234,0.9212598425196851,,,41.0,31.1
2018-02-18,6.710808,0.0,,,48.02,35.06
2018-02-19,5.59234,0.0,,,50.0,39.02
2018-02-20,6.2634208,0.011811023622047244,,,59.0,46.94
2018-02-21,4.921259200000001,0.011811023622047244,,,64.04,46.04
2018-02-22,10.7372928,0.05118110236220473,,,55.94,39.02
2018-02-23,7.3818888,0.3582677165354331,,,44.96,39.92
2018-02-24,5.59234,0.0,,,53.06,44.96
2018-02-25,5.59234,0.40944881889763785,,,51.98,42.980000000000004
2018-02-26,4.921259200000001,0.0,,,51.08,42.980000000000004
2018-02-27,5.59234,0.0,,,48.02,39.02
2018-02-28,6.039727200000001,0.0,,,50.0,42.980000000000004
2018-03-01,4.473872,0.33070866141732286,,,50.0,44.06
2018-03-02,15.434858400000001,1.0590551181102361,,,46.94,33.08
2018-03-03,14.540084,0.0,,,46.04,33.98
2018-03-04,10.960986400000001,0.0,,,46.04,33.08
2018-03-05,8.5003568,0.0,,,44.96,31.1
2018-03-06,7.6055824,0.11023622047244094,,,41.0,32.0
2018-03-07,13.421616,1.6614173228346458,,,42.980000000000004,33.08
2018-03-08,8.0529696,0.0,,,42.08,33.98
2018-03-09,10.5135992,0.0,,,42.08,32.0
2018-03-10,8.0529696,0.0,,,44.06,32.0
2018-03-11,4.2501784,0.0,,,46.04,31.1
2018-03-12,10.7372928,0.24015748031496062,,,42.08,35.06
2018-03-13,10.5135992,0.07086614173228346,,,41.0,33.08
2018-03-14,13.197922400000001,0.0,,,39.02,32.0
2018-03-15,9.6188248,0.0,,,46.04,33.08
2018-03-16,8.0529696,0.0,,,42.980000000000004,33.08
2018-03-17,7.3818888,0.0,,,46.04,31.1
2018-03-18,6.710808,0.0,,,48.02,33.98
2018-03-19,7.6055824,0.0,,,44.06,35.96
2018-03-20,14.9874712,0.5787401574803149,,,39.92,33.98
2018-03-21,10.960986400000001,0.5905511811023623,,,37.94,32.0
2018-03-22,8.2766632,0.3700787401574803,,,46.94,32.0
2018-03-23,6.4871144,0.0,,,48.02,33.98
2018-03-24,6.4871144,0.0,,,48.92,33.98
2018-03-25,9.171437599999999,0.0,,,42.08,33.08
2018-03-26,9.3951312,0.0,,,39.92,37.04
2018-03-27,5.3686464,0.0,,,39.02,33.98
2018-03-28,2.6843232,0.0,,,48.02,39.02
2018-03-29,4.473872,0.011811023622047244,,,53.06,42.08
2018-03-30,6.710808,0.01968503937007874,,,59.0,44.96
2018-03-31,6.9345016,0.0,,,46.94,39.02
2018-04-01,3.8027912,0.0,,,64.04,44.06
2018-04-02,10.066212,0.0984251968503937,,,46.94,37.04
2018-04-03,6.2634208,0.03937007874015748,,,48.02,39.92
2018-04-04,7.829276,0.01968503937007874,,,57.02,42.08
2018-04-05,6.9345016,0.0,,,46.04,35.96
2018-04-06,6.710808,0.0,,,51.98,39.02
2018-04-07,4.473872,0.0,,,57.92,41.0
2018-04-08,6.4871144,0.0,,,46.04,33.98
2018-04-09,4.921259200000001,0.0,,,42.08,33.98
2018-04-10,4.473872,0.0,,,51.98,39.02
2018-04-11,4.921259200000001,0.0,,,46.94,37.94
2018-04-12,5.1449527999999995,0.0,,,55.94,44.96
2018-04-13,4.921259200000001,0.0,,,62.959999999999994,51.98
2018-04-14,4.921259200000001,0.0,,,60.980000000000004,51.98
2018-04-15,12.079454400000001,1.0118110236220472,,,51.98,42.08
2018-04-16,13.197922400000001,0.8385826771653544,,,57.92,46.04
2018-04-17,8.5003568,0.0,,,46.94,41.0
2018-04-18,6.4871144,0.0,,,53.96,37.94
2018-04-19,6.9345016,0.0984251968503937,,,51.98,41.0
2018-04-20,7.3818888,0.0,,,53.96,37.04
2018-04-21,5.1449527999999995,0.0,,,57.92,37.94
2018-04-22,5.1449527999999995,0.0,,,55.04,44.96
2018-04-23,5.3686464,0.0,,,57.92,44.96
2018-04-24,10.289905599999999,0.12992125984251968,,,53.06,50.0
2018-04-25,8.5003568,0.7716535433070867,,,57.92,50.0
2018-04-26,5.1449527999999995,0.0,,,68.0,53.06
2018-04-27,4.921259200000001,0.3897637795275591,,,59.0,48.92
2018-04-28,4.921259200000001,0.0,,,62.059999999999995,46.94
2018-04-29,7.158195200000001,0.11023622047244094,,,57.02,46.94
2018-04-30,8.0529696,0.0,,,66.02,44.96
2018-05-01,4.6975656,0.0,,,77.0,48.92
2018-05-02,3.8027912,0.0,,,75.02,57.92
2018-05-03,4.2501784,0.0,,,71.96,62.059999999999995
2018-05-04,3.8027912,0.0,,,71.06,60.08
2018-05-05,4.6975656,0.0,,,71.96,57.92
2018-05-06,4.473872,0.07086614173228346,,,59.0,53.96
2018-05-07,5.1449527999999995,0.0,,,62.959999999999994,53.06
2018-05-08,7.3818888,0.0,,,60.08,48.92
2018-05-09,6.039727200000001,0.0,,,62.059999999999995,48.92
2018-05-10,4.473872,0.0,,,64.94,50.0
2018-05-11,6.039727200000001,0.0,,,69.08,60.08
2018-05-12,8.5003568,1.1299212598425197,,,68.0,55.94
2018-05-13,9.842518400000001,0.3582677165354331,,,57.02,53.06
2018-05-14,4.921259200000001,0.2519685039370079,,,62.059999999999995,53.96
2018-05-15,3.8027912,0.8503937007874017,,,71.96,57.92
2018-05-16,4.6975656,0.7204724409448819,,,64.94,57.92
2018-05-17,4.6975656,0.909448818897638,,,62.059999999999995,57.02
2018-05-18,10.7372928,0.48031496062992124,,,62.059999999999995,51.98
2018-05-19,6.710808,0.33070866141732286,,,62.959999999999994,51.08
2018-05-20,3.5790976000000003,0.0,,,75.02,62.059999999999995
2018-05-21,6.039727200000001,0.0,,,66.02,57.92
2018-05-22,4.921259200000001,0.0905511811023622,,,64.04,57.92
2018-05-23,3.8027912,0.0,,,80.06,60.980000000000004
2018-05-24,5.8160336,0.0,,,75.92,64.04
2018-05-25,4.2501784,0.0,,,73.94,64.04
2018-05-26,3.8027912,0.0,,,75.92,66.02
2018-05-27,7.158195200000001,0.8897637795275591,,,73.94,55.04
2018-05-28,6.710808,0.0,,,60.08,55.04
2018-05-29,2.0132424,0.0,,,73.04,60.08
2018-05-30,6.9345016,0.0,,,64.04,60.08
2018-05-31,7.6055824,0.01968503937007874,,,68.0,62.059999999999995
2018-06-01,2.9080168,0.0,,,78.08,64.04
2018-06-02,4.2501784,0.0,,,77.0,66.02
2018-06-03,15.434858400000001,0.610236220472441,,,66.02,55.94
2018-06-04,6.4871144,0.07086614173228346,,,71.06,53.96
2018-06-05,5.8160336,0.01968503937007874,,,78.08,60.08
2018-06-06,8.0529696,0.0,,,64.04,60.08
2018-06-07,7.3818888,0.0,,,62.959999999999994,60.08
2018-06-08,3.355404,0.0,,,73.04,62.059999999999995
2018-06-09,2.9080168,0.20078740157480315,,,75.02,66.92
2018-06-10,8.5003568,0.11811023622047245,,,68.0,60.980000000000004
2018-06-11,10.7372928,1.110236220472441,,,62.959999999999994,57.02
2018-06-12,6.4871144,0.0,,,64.94,59.0
2018-06-13,3.355404,0.25984251968503935,,,73.04,64.04
2018-06-14,6.710808,0.0,,,82.94,71.06
2018-06-15,6.2634208,0.0,,,75.92,66.02
2018-06-16,4.2501784,0.0,,,75.92,64.94
2018-06-17,4.2501784,0.0,,,82.04,68.0
2018-06-18,3.5790976000000003,0.0,,,78.08,69.08
2018-06-19,5.59234,0.0,,,87.08000000000001,73.04
2018-06-20,4.921259200000001,0.0,,,75.92,68.0
2018-06-21,3.1317104,0.0984251968503937,,,73.04,69.08
2018-06-22,11.6320672,0.03937007874015748,,,69.08,66.02
2018-06-23,5.8160336,0.11811023622047245,,,71.96,66.02
2018-06-24,3.8027912,0.0,,,78.98,66.92
2018-06-25,6.4871144,0.0,,,82.04,69.98
2018-06-26,7.829276,0.0,,,71.96,66.02
2018-06-27,11.18468,0.0,,,73.04,69.08
2018-06-28,4.2501784,0.11023622047244094,,,82.94,69.98
2018-06-29,4.473872,0.0,,,89.06,75.02
2018-06-30,3.8027912,0.0,,,84.91999999999999,73.94
2018-07-01,3.5790976000000003,0.0,,,89.96000000000001,75.92
2018-07-02,3.1317104,0.0,,,87.98,75.02
2018-07-03,4.921259200000001,0.0,,,82.94,75.92
2018-07-04,5.59234,0.0,,,80.06,73.94
2018-07-05,5.3686464,0.0,,,82.94,77.0
2018-07-06,3.355404,0.5511811023622047,,,82.04,71.06
2018-07-07,8.7240504,0.0,,,71.06,66.02
2018-07-08,6.2634208,0.0,,,73.04,62.059999999999995
2018-07-09,4.0264848,0.0,,,75.02,60.980000000000004
2018-07-10,4.2501784,0.0,,,80.96,68.0
2018-07-11,5.59234,0.0,,,84.02,71.96
2018-07-12,6.710808,0.0,,,75.02,69.98
2018-07-13,4.921259200000001,0.0,,,75.92,69.08
2018-07-14,3.355404,0.0,,,82.04,68.0
2018-07-15,2.9080168,0.0,,,80.96,71.96
2018-07-16,3.8027912,0.0,,,86.0,73.94
2018-07-17,4.2501784,0.7992125984251969,,,80.06,71.96
2018-07-18,5.1449527999999995,0.0,,,80.96,71.06
2018-07-19,5.8160336,0.0,,,75.92,66.92
2018-07-20,6.710808,0.0,,,75.92,69.08
2018-07-21,16.1059392,1.141732283464567,,,75.02,69.98
2018-07-22,10.289905599999999,0.03937007874015748,,,78.08,71.96
2018-07-23,12.7505352,0.05118110236220473,,,78.98,73.94
2018-07-24,13.197922400000001,0.0,,,78.98,75.92
2018-07-25,6.9345016,0.5393700787401575,,,78.08,73.04
2018-07-26,2.9080168,0.0,,,86.0,73.94
2018-07-27,4.0264848,0.20866141732283466,,,82.94,71.06
2018-07-28,4.0264848,0.011811023622047244,,,80.96,73.04
2018-07-29,4.6975656,0.0,,,78.98,71.06
2018-07-30,6.039727200000001,0.07086614173228346,,,77.0,71.06
2018-07-31,8.5003568,0.0,,,75.92,71.06
2018-08-01,4.921259200000001,0.0,,,82.04,75.92
2018-08-02,3.8027912,0.0,,,82.04,77.0
2018-08-03,3.8027912,0.0,,,82.94,75.92
2018-08-04,3.8027912,0.01968503937007874,,,86.0,75.92
2018-08-05,3.8027912,0.0,,,87.98,75.02
2018-08-06,3.5790976000000003,0.0,,,87.08000000000001,75.92
2018-08-07,3.355404,0.2204724409448819,,,82.94,73.94
2018-08-08,3.355404,0.07874015748031496,,,84.02,73.04
2018-08-09,3.5790976000000003,0.0,,,89.06,73.94
2018-08-10,4.2501784,0.0,,,84.02,71.96
2018-08-11,2.9080168,0.24015748031496062,,,84.02,73.04
2018-08-12,4.6975656,0.0,,,80.06,71.96
2018-08-13,3.355404,0.011811023622047244,,,82.94,75.92
2018-08-14,3.8027912,0.03937007874015748,,,82.94,71.96
2018-08-15,4.921259200000001,0.0,,,87.98,73.94
2018-08-16,3.355404,0.0,,,87.98,75.02
2018-08-17,3.8027912,0.0,,,84.02,77.0
2018-08-18,3.355404,0.01968503937007874,,,89.06,75.02
2018-08-19,8.2766632,0.5984251968503937,,,77.0,71.06
2018-08-20,6.4871144,0.011811023622047244,,,73.94,69.98
2018-08-21,4.473872,0.05118110236220473,,,78.08,73.04
2018-08-22,4.0264848,0.11023622047244094,,,84.02,71.96
2018-08-23,5.8160336,0.0,,,78.08,66.02
2018-08-24,5.1449527999999995,0.0,,,77.0,66.02
2018-08-25,6.2634208,0.0,,,75.92,69.98
2018-08-26,9.171437599999999,0.0,,,78.08,69.98
2018-08-27,6.4871144,0.0,,,82.04,73.94
2018-08-28,,0.0,,,86.0,78.08
2018-08-29,,0.0,,,89.96000000000001,78.98
2018-08-30,,0.0,,,93.02,78.98
2018-08-31,,0.11811023622047245,,,78.98,73.94
2018-09-01,,0.0,,,75.92,73.04
2018-09-02,,0.0,,,80.06,73.04
2018-09-03,,0.0,,,84.02,77.0
2018-09-04,,0.0,,,89.96000000000001,77.0
2018-09-05,,0.0,,,84.02,71.96
2018-09-06,,0.0,,,86.0,78.08
2018-09-07,,0.011811023622047244,,,82.94,73.94
2018-09-08,,0.48031496062992124,,,75.92,69.08
2018-09-09,,0.9212598425196851,,,71.06,62.059999999999995
2018-09-10,,0.9488188976377954,,,73.04,60.980000000000004
2018-09-11,,0.011811023622047244,,,78.98,66.92
2018-09-12,,0.03149606299212599,,,80.06,71.96
2018-09-13,12.7505352,0.0,,,71.96,69.98
2018-09-14,12.5268416,0.03149606299212599,,,71.96,69.08
2018-09-15,9.171437599999999,0.0,,,71.96,69.98
2018-09-16,8.5003568,0.0,,,73.94,69.08
2018-09-17,10.289905599999999,0.0,,,77.0,73.04
2018-09-18,11.18468,1.0708661417322836,,,78.98,71.06
2018-09-19,8.7240504,0.0,,,77.0,69.08
2018-09-20,10.7372928,0.0,,,69.98,68.0
2018-09-21,,0.0,,,75.92,69.08
2018-09-22,8.7240504,0.0,,,78.08,66.02
2018-09-23,,0.8110236220472442,,,68.0,64.04
2018-09-24,,0.7598425196850395,,,69.08,64.04
2018-09-25,13.6453096,0.05905511811023623,,,77.0,68.0
2018-09-26,8.2766632,0.0,,,77.0,73.04
2018-09-27,,0.0,,,75.92,64.94
2018-09-28,,0.20866141732283466,,,73.94,60.980000000000004
2018-09-29,,0.0,,,73.94,62.059999999999995
2018-09-30,4.921259200000001,0.0,,,69.08,60.980000000000004
2018-10-01,9.3951312,0.0,,,73.04,69.08
2018-10-02,11.6320672,0.0,,,73.94,69.08
2018-10-03,,0.2283464566929134,,,78.08,66.02
2018-10-04,6.2634208,0.0,,,75.02,69.08
2018-10-05,10.066212,0.0,,,75.02,66.02
2018-10-06,7.829276,0.0,,,69.98,66.02
2018-10-07,7.6055824,0.0,,,75.02,69.98
2018-10-08,8.2766632,0.0,,,73.04,69.98
2018-10-09,6.710808,0.0,,,75.02,71.06
2018-10-10,7.3818888,0.0,,,77.0,71.96
2018-10-11,10.066212,0.5984251968503937,,,75.02,71.06
2018-10-12,10.960986400000001,1.6692913385826773,,,73.94,60.08
2018-10-13,,0.011811023622047244,,,64.04,51.08
2018-10-14,,0.0,,,60.980000000000004,48.02
2018-10-15,,0.11023622047244094,,,73.94,60.08
2018-10-16,,0.31102362204724415,,,73.94,53.06
2018-10-17,,0.0,,,66.02,53.06
2018-10-18,,0.0,,,55.04,44.06
2018-10-19,,0.0,,,62.059999999999995,46.04
2018-10-20,,0.11023622047244094,,,64.94,57.02
2018-10-21,,0.05905511811023623,,,57.02,42.08
2018-10-22,,0.0,,,55.04,37.94
2018-10-23,,0.0,,,66.92,55.04
2018-10-24,,0.0,,,57.02,44.06
2018-10-25,,0.0,,,53.96,39.92
2018-10-26,12.5268416,0.5,,,55.04,48.92
2018-10-27,19.2376496,1.2913385826771653,,,62.959999999999994,48.02
2018-10-28,8.7240504,0.0,,,59.0,48.02
2018-10-29,11.4083736,0.0,,,60.08,46.94
2018-10-30,7.829276,0.0,,,59.0,44.96
2018-10-31,10.289905599999999,0.0,,,62.059999999999995,48.92
2018-11-01,12.303148,0.0,,,66.02,59.0
2018-11-02,15.658552,0.05118110236220473,,,66.02,62.959999999999994
2018-11-03,12.079454400000001,0.5118110236220472,,,66.02,48.02
2018-11-04,7.158195200000001,0.0,,,55.04,44.96
2018-11-05,16.1059392,0.6496062992125985,,,57.92,55.04
2018-11-06,7.829276,0.2992125984251969,,,64.04,55.04
2018-11-07,9.6188248,0.0,,,64.04,55.04
2018-11-08,4.6975656,0.0,,,60.08,48.92
2018-11-09,13.8690032,1.4881889763779528,,,60.08,46.94
2018-11-10,10.960986400000001,0.0,,,53.96,35.06
2018-11-11,6.4871144,0.0,,,46.94,32.0
2018-11-12,3.355404,0.20866141732283466,,,53.06,39.02
2018-11-13,10.5135992,0.33858267716535434,,,62.059999999999995,44.96
2018-11-14,7.158195200000001,0.0,,,44.96,37.04
2018-11-15,23.487828,1.5511811023622049,,,51.98,33.98
2018-11-16,20.579811199999998,0.0,,,57.02,41.0
2018-11-17,0.0,0.0,,,51.08,39.02
2018-11-18,0.0,0.0,,,51.08,37.94
2018-11-19,6.9345016,0.0,,,53.96,51.98
2018-11-20,6.9345016,0.01968503937007874,,,51.98,39.92
2018-11-21,9.6188248,0.0,,,48.92,37.04
2018-11-22,9.6188248,0.0,,,37.04,23.18
2018-11-23,4.473872,0.0,,,35.06,19.22
2018-11-24,12.9742288,1.0511811023622049,,,55.94,33.98
2018-11-25,7.158195200000001,0.0984251968503937,,,57.92,44.96
2018-11-26,11.6320672,0.5393700787401575,,,55.94,46.04
2018-11-27,13.6453096,0.0,,,46.04,35.96
2018-11-28,15.2111648,0.0,,,39.92,35.96
2018-11-29,10.7372928,0.0,,,44.96,35.06
2018-11-30,4.2501784,0.0,,,44.96,33.98
2018-12-01,6.710808,0.14173228346456693,,,48.92,37.04
2018-12-02,11.4083736,0.16929133858267717,,,57.02,48.02
2018-12-03,9.171437599999999,0.0,,,57.92,44.96
2018-12-04,9.171437599999999,0.0,,,46.04,33.08
2018-12-05,6.2634208,0.0,,,33.98,30.2
2018-12-06,8.5003568,0.0,,,41.0,28.22
2018-12-07,7.829276,0.0,,,41.0,31.1
2018-12-08,4.473872,0.0,,,35.96,27.14
2018-12-09,4.2501784,0.0,,,35.96,29.12
2018-12-10,6.710808,0.0,,,37.94,29.12
2018-12-11,4.6975656,0.0,,,42.980000000000004,30.2
2018-12-12,4.2501784,0.0,,,42.980000000000004,32.0
2018-12-13,5.1449527999999995,0.0,,,46.94,39.02
2018-12-14,4.921259200000001,0.011811023622047244,,,50.0,44.96
2018-12-15,10.5135992,0.7992125984251969,,,51.98,46.94
2018-12-16,14.7637776,1.2519685039370079,,,48.92,39.92
2018-12-17,8.7240504,0.0,,,48.92,39.02
2018-12-18,8.947744,0.0,,,42.08,33.08
2018-12-19,4.6975656,0.0,,,44.06,30.2
2018-12-20,6.4871144,0.33858267716535434,,,53.96,37.94
2018-12-21,14.540084,1.0118110236220472,,,57.92,51.98
2018-12-22,13.421616,0.0,,,51.98,42.08
2018-12-23,6.4871144,0.0,,,46.04,37.04
2018-12-24,6.039727200000001,0.011811023622047244,,,46.04,37.04
2018-12-25,6.039727200000001,0.0,,,42.08,32.0
2018-12-26,6.2634208,0.0,,,44.06,32.0
2018-12-27,8.7240504,0.0,,,46.94,35.06
2018-12-28,13.197922400000001,0.9685039370078741,,,57.92,46.94
2018-12-29,8.5003568,0.0,,,55.94,39.92
2018-12-30,4.921259200000001,0.0,,,46.04,39.02
2018-12-31,9.3951312,0.5590551181102362,,,53.96,42.08
2019-01-01,11.8557608,0.0984251968503937,,,64.04,44.96
2019-01-02,7.3818888,0.0,,,46.04,39.92
2019-01-03,7.829276,0.16141732283464566,,,48.02,37.94
2019-01-04,7.6055824,0.0,,,48.02,35.06
2019-01-05,7.3818888,0.05905511811023623,,,50.0,44.96
2019-01-06,9.171437599999999,0.0,,,51.08,37.04
2019-01-07,6.710808,0.0,,,39.92,30.2
2019-01-08,7.6055824,0.05905511811023623,,,51.08,39.92
2019-01-09,13.8690032,0.011811023622047244,,,51.08,33.98
2019-01-10,12.9742288,0.0,,,39.02,31.1
2019-01-11,9.171437599999999,0.0,,,33.08,28.22
2019-01-12,3.8027912,0.0,,,33.98,24.26
2019-01-13,10.7372928,0.05118110236220473,,,35.06,27.14
2019-01-14,6.710808,0.03937007874015748,,,33.98,25.16
2019-01-15,5.8160336,0.011811023622047244,,,39.02,24.26
2019-01-16,7.6055824,0.0,,,37.94,28.22
2019-01-17,4.921259200000001,0.0,,,35.96,29.12
2019-01-18,3.8027912,0.03937007874015748,,,39.02,32.0
2019-01-19,8.7240504,0.0,,,44.06,33.08
2019-01-20,14.0926968,1.2795275590551183,,,53.06,20.12
2019-01-21,12.5268416,0.0,,,20.12,12.2
2019-01-22,7.3818888,0.0,,,33.08,15.259999999999998
2019-01-23,13.421616,0.0,,,48.02,32.0
2019-01-24,14.316390400000001,1.0590551181102361,,,55.04,35.06
2019-01-25,9.171437599999999,0.0,,,39.92,31.1
2019-01-26,5.1449527999999995,0.0,,,37.04,27.14
2019-01-27,10.7372928,0.0,,,44.06,37.04
2019-01-28,7.158195200000001,0.0,,,41.0,29.12
2019-01-29,7.158195200000001,0.27165354330708663,,,46.04,27.14
2019-01-30,12.303148,0.0,,,35.96,11.120000000000001
2019-01-31,8.5003568,0.0,,,19.22,8.240000000000002
2019-02-01,4.921259200000001,0.0,,,19.22,15.259999999999998
2019-02-02,8.2766632,0.0,,,32.0,14.18
2019-02-03,4.0264848,0.0,,,46.04,29.12
2019-02-04,2.236936,0.0,,,50.0,32.0
2019-02-05,4.0264848,0.0,,,57.92,35.96
2019-02-06,7.6055824,0.03149606299212599,,,53.06,37.04
2019-02-07,6.710808,0.07874015748031496,,,50.0,39.02
2019-02-08,8.947744,0.011811023622047244,,,55.94,35.06
2019-02-09,9.171437599999999,0.0,,,35.06,27.14
2019-02-10,6.4871144,0.0,,,35.96,23.18
2019-02-11,5.8160336,0.2283464566929134,,,35.06,29.12
2019-02-12,15.8822456,1.0393700787401574,,,48.02,33.98
2019-02-13,13.197922400000001,0.011811023622047244,,,48.02,37.04
2019-02-14,9.6188248,0.0,,,48.02,33.98
2019-02-15,13.421616,0.0,,,53.06,44.96
2019-02-16,6.710808,0.0,,,53.96,33.98
2019-02-17,6.710808,0.12992125984251968,,,39.02,29.12
2019-02-18,10.5135992,0.4015748031496063,,,46.94,33.08
2019-02-19,7.158195200000001,0.0,,,37.94,27.14
2019-02-20,8.947744,,,,42.980000000000004,31.1
2019-02-21,7.829276,0.05905511811023623,,,53.96,37.94
2019-02-22,4.473872,0.0,,,46.94,39.02
2019-02-23,7.6055824,0.07086614173228346,,,41.0,33.98
2019-02-24,14.0926968,0.46062992125984253,,,50.0,41.0
2019-02-25,19.013956,0.0,,,46.94,35.06
2019-02-26,8.2766632,0.0,,,42.980000000000004,31.1
2019-02-27,10.066212,0.0,,,35.96,28.22
2019-02-28,8.0529696,0.0,,,41.0,33.98
2019-03-01,11.18468,0.2992125984251969,,,37.94,32.0
2019-03-02,8.0529696,0.421259842519685,,,39.92,35.06
2019-03-03,6.2634208,1.0984251968503937,,,41.0,35.96
2019-03-04,10.289905599999999,0.2519685039370079,,,41.0,31.1
2019-03-05,6.9345016,0.0,,,35.96,24.26
2019-03-06,10.5135992,0.0,,,29.12,22.1
2019-03-07,6.710808,0.0,,,35.06,22.1
2019-03-08,4.0264848,0.05905511811023623,,,37.94,31.1
2019-03-09,5.59234,0.0,,,39.92,33.08
2019-03-10,9.842518400000001,1.2795275590551183,,,51.98,39.92
2019-03-11,8.5003568,0.0,,,55.04,42.980000000000004
2019-03-12,8.7240504,0.0,,,48.02,37.04
2019-03-13,6.039727200000001,0.0,,,42.08,33.98
2019-03-14,11.18468,0.0,,,51.98,42.08
2019-03-15,17.0007136,0.0,,,60.08,48.02
2019-03-16,10.5135992,0.0,,,60.08,39.92
2019-03-17,6.2634208,0.0,,,46.04,35.06
2019-03-18,7.6055824,0.0,,,41.0,35.96
2019-03-19,8.0529696,0.0,,,42.08,35.06
2019-03-20,6.710808,0.011811023622047244,,,44.96,37.94
2019-03-21,15.2111648,0.421259842519685,,,48.92,44.96
2019-03-22,13.421616,0.20078740157480315,,,51.08,41.0
2019-03-23,14.0926968,0.0,,,50.0,35.96
2019-03-24,11.8557608,0.0,,,57.92,37.04
2019-03-25,6.9345016,0.05905511811023623,,,53.96,42.08
2019-03-26,9.842518400000001,0.011811023622047244,,,42.980000000000004,35.06
2019-03-27,8.2766632,0.0,,,41.0,33.08
2019-03-28,8.0529696,0.0,,,48.92,39.02
2019-03-29,10.7372928,0.0,,,55.04,46.94
2019-03-30,10.289905599999999,0.0,,,55.04,46.94
2019-03-31,11.18468,0.07874015748031496,,,53.96,39.02
2019-04-01,7.829276,0.0,,,46.04,32.0
2019-04-02,11.4083736,0.05905511811023623,,,44.96,37.94
2019-04-03,12.9742288,0.03149606299212599,,,66.02,39.92
2019-04-04,6.710808,0.0,,,57.92,46.04
2019-04-05,12.5268416,0.07874015748031496,,,48.92,42.08
2019-04-06,4.2501784,0.0,,,55.94,46.04
2019-04-07,6.710808,0.0,,,55.94,46.94
2019-04-08,10.5135992,0.03149606299212599,,,66.02,51.98
2019-04-10,6.9345016,0.0,,,62.959999999999994,44.96
2019-04-11,13.421616,0.0,,,50.0,44.06
2019-04-12,10.960986400000001,0.0,,,60.980000000000004,46.94
2019-04-13,8.5003568,0.2204724409448819,,,62.959999999999994,53.96
2019-04-14,8.947744,0.0,,,62.059999999999995,53.96
2019-04-15,14.9874712,0.8503937007874017,,,60.980000000000004,46.94
2019-04-16,10.5135992,0.0,,,64.94,44.06
2019-04-17,12.079454400000001,0.0,,,53.96,48.92
2019-04-18,13.197922400000001,0.0,,,59.0,51.08
2019-04-19,14.9874712,0.421259842519685,,,62.959999999999994,55.94
2019-04-20,14.316390400000001,0.7401574803149606,,,62.959999999999994,55.04
2019-04-21,8.2766632,0.0,,,60.08,53.96
2019-04-22,5.1449527999999995,0.03149606299212599,,,64.04,53.06
2019-04-23,9.842518400000001,0.0,,,71.06,55.94
2019-04-24,8.7240504,0.0,,,71.96,59.0
2019-04-25,9.171437599999999,0.0,,,62.959999999999994,51.98
2019-04-26,10.066212,0.9409448818897638,,,62.959999999999994,55.04
2019-04-27,15.434858400000001,0.011811023622047244,,,66.92,53.06
2019-04-28,7.6055824,0.0,,,60.08,48.02
2019-04-29,8.5003568,0.05118110236220473,,,51.98,42.980000000000004
2019-04-30,7.158195200000001,0.01968503937007874,,,64.04,50.0
2019-05-01,9.842518400000001,0.0,,,55.94,51.98
2019-05-02,7.3818888,0.0,,,64.04,51.98
2019-05-03,8.947744,0.0,,,59.0,51.08
2019-05-04,6.039727200000001,0.0,,,60.980000000000004,53.06
2019-05-05,13.197922400000001,0.8700787401574804,,,55.04,51.08
2019-05-06,8.5003568,0.011811023622047244,,,60.08,51.08
2019-05-07,8.5003568,0.0,,,62.059999999999995,53.06
2019-05-08,7.829276,0.20078740157480315,,,62.059999999999995,55.04
2019-05-09,11.4083736,0.0,,,60.08,55.04
2019-05-10,13.197922400000001,0.0,,,66.02,57.92
2019-05-11,8.5003568,0.01968503937007874,,,66.02,55.04
2019-05-12,21.0271984,0.9409448818897638,,,55.04,48.02
2019-05-13,13.6453096,0.4409448818897638,,,51.08,48.02
2019-05-14,5.3686464,0.0,,,57.02,48.02
2019-05-15,8.0529696,0.0,,,69.98,46.04
2019-05-16,7.829276,0.011811023622047244,,,71.96,57.02
2019-05-17,10.5135992,0.0,,,69.08,59.0
2019-05-18,6.710808,0.0,,,69.08,60.08
2019-05-19,10.7372928,0.0,,,68.0,60.980000000000004
2019-05-20,11.18468,0.11811023622047245,,,77.0,64.04
2019-05-21,7.3818888,0.0,,,71.06,60.08
2019-05-22,8.2766632,0.0,,,66.02,55.04
2019-05-23,11.8557608,0.0,,,69.08,60.08
2019-05-24,9.6188248,0.0,,,78.98,62.959999999999994
2019-05-25,9.6188248,0.0,,,64.04,57.02
2019-05-26,8.7240504,0.0984251968503937,,,86.0,62.959999999999994
2019-05-27,7.3818888,0.0,,,75.02,66.02
2019-05-28,10.7372928,0.011811023622047244,,,75.02,64.94
2019-05-29,7.158195200000001,0.610236220472441,,,82.04,64.94
2019-05-30,8.5003568,0.0984251968503937,,,73.04,62.059999999999995
2019-05-31,6.710808,0.0,,,78.98,69.08
2019-06-01,5.59234,0.0,,,75.02,66.02
2019-06-02,7.6055824,0.14173228346456693,,,75.02,66.02
2019-06-03,6.710808,0.0,,,71.96,60.980000000000004
2019-06-04,8.0529696,0.0,,,71.06,55.94
2019-06-05,15.2111648,0.05905511811023623,,,71.96,66.02
2019-06-06,6.2634208,0.0,,,80.06,64.94
2019-06-07,5.8160336,0.0,,,71.96,60.980000000000004
2019-06-08,9.3951312,0.0,,,68.0,60.980000000000004
2019-06-09,16.1059392,0.011811023622047244,,,68.0,64.04
2019-06-10,10.960986400000001,0.05118110236220473,,,71.06,64.94
2019-06-11,10.7372928,0.20866141732283466,,,78.08,66.02
2019-06-12,10.960986400000001,0.0,,,66.92,62.059999999999995
2019-06-13,11.6320672,0.9803149606299213,,,66.02,57.92
2019-06-14,10.960986400000001,0.011811023622047244,,,73.04,60.980000000000004
2019-06-15,13.197922400000001,0.0,,,71.96,64.04
2019-06-16,13.8690032,0.03937007874015748,,,75.02,68.0
2019-06-17,6.2634208,0.05118110236220473,,,78.98,69.98
2019-06-18,7.158195200000001,0.05905511811023623,,,82.94,69.08
2019-06-19,7.3818888,0.01968503937007874,,,73.04,69.98
2019-06-20,9.171437599999999,0.5196850393700787,,,80.96,71.06
2019-06-21,10.7372928,0.11811023622047245,,,78.98,69.98
2019-06-22,7.6055824,0.0,,,80.06,64.04
2019-06-23,8.5003568,0.0,,,80.06,64.04
2019-06-24,8.947744,0.0,,,78.98,66.92
2019-06-25,8.0529696,0.0,,,86.0,71.96
2019-06-26,7.158195200000001,0.0,,,80.96,71.96
2019-06-27,6.710808,0.0,,,84.02,73.94
2019-06-28,6.710808,0.0,,,82.04,73.94
2019-06-29,8.0529696,0.12992125984251968,,,84.91999999999999,73.94
2019-06-30,8.2766632,0.0,,,87.08000000000001,71.06
2019-07-01,7.6055824,0.0,,,78.08,64.94
2019-07-02,9.842518400000001,0.0984251968503937,,,87.08000000000001,69.98
2019-07-03,5.59234,0.5,,,82.94,73.04
2019-07-04,6.2634208,0.0,,,78.08,73.94
2019-07-05,7.829276,0.0,,,80.96,75.92
2019-07-06,10.5135992,0.8897637795275591,,,80.96,73.04
2019-07-07,8.5003568,0.0,,,77.0,73.04
2019-07-08,9.171437599999999,0.011811023622047244,,,75.02,69.98
2019-07-09,7.829276,0.0,,,80.06,68.0
2019-07-10,9.171437599999999,0.0,,,80.96,71.96
2019-07-11,9.171437599999999,0.610236220472441,,,80.06,73.04
2019-07-12,7.6055824,0.011811023622047244,,,87.98,73.04
2019-07-13,6.039727200000001,0.0,,,82.04,71.96
2019-07-14,7.158195200000001,0.0,,,89.96000000000001,75.92
2019-07-15,5.8160336,0.0,,,80.06,71.06
2019-07-16,8.2766632,0.0,,,82.94,73.94
2019-07-17,9.6188248,0.0,,,84.91999999999999,75.92
2019-07-18,8.5003568,0.20866141732283466,,,82.04,73.94
2019-07-19,6.9345016,0.0,,,84.02,71.06
2019-07-20,7.6055824,0.0,,,93.02,80.06
2019-07-21,8.0529696,0.0,,,96.08000000000001,82.04
2019-07-22,7.6055824,0.01968503937007874,,,84.91999999999999,75.02
2019-07-23,7.3818888,0.2913385826771654,,,78.08,68.0
2019-07-24,6.4871144,0.2204724409448819,,,73.94,66.92
2019-07-25,4.6975656,0.0,,,78.98,69.08
2019-07-26,4.921259200000001,0.0,,,80.06,71.06
2019-07-27,6.710808,0.0,,,78.98,71.96
2019-07-28,10.960986400000001,0.0,,,82.94,73.94
2019-07-29,9.171437599999999,0.0,,,84.02,73.94
2019-07-30,9.3951312,0.0,,,82.04,75.92
2019-07-31,8.947744,0.2992125984251969,,,78.98,69.08
2019-08-01,4.0264848,0.011811023622047244,,,78.98,69.98
2019-08-02,4.473872,0.0,,,78.98,71.06
2019-08-03,5.1449527999999995,0.0,,,80.06,73.04
2019-08-04,7.158195200000001,0.0,,,82.04,75.02
2019-08-05,5.8160336,0.0,,,80.06,73.04
2019-08-06,6.2634208,0.2992125984251969,,,78.98,73.04
2019-08-07,10.5135992,0.8307086614173229,,,80.96,71.06
2019-08-08,8.5003568,0.0,,,82.94,71.96
2019-08-09,6.9345016,0.0,,,80.06,73.04
2019-08-10,6.039727200000001,0.0,,,82.04,69.08
2019-08-11,5.1449527999999995,0.0,,,80.06,66.92
2019-08-12,8.7240504,0.0,,,80.06,69.98
2019-08-13,10.289905599999999,0.12992125984251968,,,78.08,73.04
2019-08-14,4.921259200000001,1.3818897637795278,,,78.08,71.06
2019-08-15,7.6055824,0.0,,,75.02,69.98
2019-08-16,6.9345016,0.0,,,78.08,73.04
2019-08-17,5.8160336,0.0,,,80.96,75.02
2019-08-18,6.710808,0.0,,,84.02,78.08
2019-08-19,8.2766632,0.0,,,82.04,75.92
2019-08-20,6.2634208,0.0,,,82.04,78.08
2019-08-21,10.066212,0.05905511811023623,,,84.02,73.94
2019-08-22,8.947744,0.03937007874015748,,,89.06,77.0
2019-08-23,4.921259200000001,0.3582677165354331,,,77.0,64.04
2019-08-24,9.6188248,0.0,,,73.04,62.959999999999994
2019-08-25,14.7637776,0.0,,,71.06,69.08
2019-08-26,13.421616,0.0,,,69.98,66.92
2019-08-27,9.842518400000001,0.0,,,71.96,68.0
2019-08-28,5.1449527999999995,0.03149606299212599,,,77.0,69.08
2019-08-29,6.9345016,0.0,,,82.04,66.92
2019-08-30,9.6188248,0.0,,,82.04,68.0
2019-08-31,9.171437599999999,0.0,,,77.0,71.96
2019-09-01,11.18468,0.0,,,75.02,71.06
2019-09-02,8.947744,0.0,,,78.98,73.04
2019-09-03,7.158195200000001,0.0,,,75.92,69.98
2019-09-04,10.7372928,0.16141732283464566,,,80.06,71.96
2019-09-05,10.960986400000001,0.0,,,75.92,69.98
2019-09-06,14.7637776,0.03937007874015748,,,71.06,62.059999999999995
2019-09-07,7.158195200000001,0.0,,,78.98,57.92
2019-09-08,5.8160336,0.0,,,75.92,66.02
2019-09-09,7.3818888,0.0,,,73.94,69.98
2019-09-10,6.9345016,0.0,,,75.02,69.98
2019-09-11,11.4083736,0.0,,,75.92,73.04
2019-09-12,11.8557608,0.6811023622047244,,,87.98,68.0
2019-09-13,18.566568800000002,0.0,,,69.08,66.92
2019-09-14,9.3951312,0.0,,,75.92,69.08
2019-09-15,5.59234,0.1889763779527559,,,77.0,71.96
2019-09-16,5.3686464,0.0,,,78.08,69.08
2019-09-17,11.18468,0.0,,,71.96,66.92
2019-09-18,11.6320672,0.0,,,68.0,62.059999999999995
2019-09-19,7.158195200000001,0.0,,,64.04,55.94
2019-09-20,7.6055824,0.0,,,73.94,57.92
2019-09-21,8.2766632,0.0,,,77.0,64.04
2019-09-22,9.3951312,0.0,,,75.02,69.08
2019-09-23,13.6453096,0.0,,,77.0,73.04
2019-09-24,6.039727200000001,0.0,,,77.0,66.02
2019-09-25,6.710808,0.0,,,75.92,60.980000000000004
2019-09-26,8.947744,0.0,,,75.02,64.94
2019-09-27,6.039727200000001,0.0,,,71.06,62.059999999999995
2019-09-28,9.3951312,0.1889763779527559,,,75.92,69.98
2019-09-29,9.842518400000001,0.05905511811023623,,,75.02,69.08
2019-09-30,10.5135992,0.0,,,69.98,66.92
2019-10-01,10.066212,0.0,,,73.04,66.92
2019-10-02,8.947744,0.0,,,89.06,71.96
2019-10-03,15.434858400000001,0.0,,,71.96,64.94
2019-10-04,9.171437599999999,0.0,,,71.06,51.98
2019-10-05,9.6188248,0.0,,,62.959999999999994,50.0
2019-10-06,10.960986400000001,0.0,,,71.96,62.959999999999994
2019-10-07,9.6188248,0.011811023622047244,,,73.94,64.94
2019-10-08,14.7637776,0.0,,,64.94,62.059999999999995
2019-10-09,11.6320672,0.0905511811023622,,,64.04,55.04
2019-10-10,9.6188248,0.0,,,69.98,53.06
2019-10-11,8.2766632,0.0,,,60.980000000000004,55.94
2019-10-12,5.1449527999999995,0.0,,,66.02,55.04
2019-10-13,7.3818888,0.27165354330708663,,,66.02,53.96
2019-10-14,4.921259200000001,0.05905511811023623,,,71.96,60.08
2019-10-15,6.4871144,0.0,,,62.959999999999994,53.06
2019-10-16,14.540084,0.7598425196850395,,,68.0,53.06
2019-10-17,17.2244072,0.0,,,60.980000000000004,51.98
2019-10-18,7.3818888,0.0,,,59.0,48.02
2019-10-19,5.59234,0.0,,,60.980000000000004,44.06
2019-10-20,10.960986400000001,1.0590551181102361,,,62.059999999999995,53.96
2019-10-21,8.5003568,0.0,,,60.980000000000004,53.96
2019-10-22,10.5135992,0.11811023622047245,,,66.02,60.08
2019-10-23,6.9345016,0.0,,,64.94,53.96
2019-10-24,4.6975656,0.0,,,62.059999999999995,51.08
2019-10-25,5.3686464,0.0,,,64.04,53.96
2019-10-26,10.066212,0.0,,,62.059999999999995,57.92
2019-10-27,12.9742288,1.468503937007874,,,73.04,60.08
2019-10-28,8.5003568,0.0,,,62.059999999999995,55.04
2019-10-29,5.1449527999999995,0.20078740157480315,,,62.959999999999994,57.02
2019-10-30,3.8027912,0.24015748031496062,,,64.04,62.059999999999995
2019-10-31,14.316390400000001,0.01968503937007874,,,69.98,62.059999999999995
2019-11-01,9.842518400000001,0.12992125984251968,,,69.08,42.980000000000004
2019-11-02,5.8160336,0.0,,,55.04,39.02
2019-11-03,5.8160336,0.0,,,53.06,42.08
2019-11-04,6.039727200000001,0.0,,,59.0,44.06
2019-11-05,6.710808,0.11023622047244094,,,62.059999999999995,53.06
2019-11-06,5.3686464,0.0,,,57.02,46.04
2019-11-07,8.7240504,0.0,,,59.0,48.02
2019-11-08,12.079454400000001,0.0,,,46.94,32.0
2019-11-09,5.1449527999999995,0.0,,,44.06,29.12
2019-11-10,8.2766632,0.0,,,53.96,39.92
2019-11-11,9.171437599999999,0.0,,,60.08,51.98
2019-11-12,13.421616,0.05905511811023623,,,60.08,28.22
2019-11-13,8.5003568,0.0,,,35.06,25.16
2019-11-14,3.8027912,0.0,,,46.04,31.1
2019-11-15,4.921259200000001,0.07086614173228346,,,51.08,37.94
2019-11-16,15.434858400000001,0.011811023622047244,,,44.06,37.04
2019-11-17,13.197922400000001,0.4409448818897638,,,44.96,35.96
2019-11-18,6.710808,0.14173228346456693,,,42.980000000000004,39.92
2019-11-19,4.473872,0.011811023622047244,,,50.0,42.08
2019-11-20,9.171437599999999,0.0,,,48.92,41.0
2019-11-21,11.8557608,0.07086614173228346,,,53.06,39.92
2019-11-22,11.8557608,0.07086614173228346,,,53.06,39.92
2019-11-23,6.4871144,0.07086614173228346,,,50.0,35.06
2019-11-24,13.421616,0.46062992125984253,,,57.92,41.0
2019-11-25,7.6055824,0.0,,,51.08,39.02
2019-11-26,6.710808,0.0,,,55.94,46.94
2019-11-27,11.18468,0.0,,,55.94,53.96
2019-11-28,15.8822456,0.0,,,55.04,39.02
2019-11-29,9.3951312,0.0,,,42.980000000000004,33.08
2019-11-30,4.0264848,0.0,,,44.06,33.98
2019-12-01,,0.46062992125984253,,,44.06,33.98
2019-12-02,14.316390400000001,0.05118110236220473,,,46.94,35.06
2019-12-03,9.842518400000001,0.011811023622047244,,,42.980000000000004,33.98
2019-12-04,7.158195200000001,0.03937007874015748,,,44.96,35.06
2019-12-05,10.5135992,0.011811023622047244,,,44.96,37.04
2019-12-06,9.6188248,0.0,,,51.98,35.96
2019-12-07,4.921259200000001,0.0,,,44.96,33.08
2019-12-08,5.3686464,0.0,,,50.0,32.0
2019-12-09,9.842518400000001,0.9015748031496063,,,55.04,44.06
2019-12-10,11.4083736,0.16141732283464566,,,59.0,44.06
2019-12-11,8.0529696,0.25984251968503935,,,44.06,33.08
2019-12-12,5.8160336,0.0,,,42.08,30.2
2019-12-13,8.5003568,1.3503937007874016,,,55.94,42.980000000000004
2019-12-14,11.4083736,0.531496062992126,,,57.02,44.96
2019-12-15,10.7372928,0.0,,,51.08,37.04
2019-12-16,6.9345016,0.11023622047244094,,,44.06,35.96
2019-12-17,6.2634208,0.5393700787401575,,,46.04,35.96
2019-12-18,12.5268416,0.0,,,39.92,27.14
2019-12-19,8.5003568,0.0,,,30.2,21.2
2019-12-20,6.4871144,0.0,,,35.96,25.16
2019-12-21,2.9080168,0.0,,,37.94,25.16
2019-12-22,7.158195200000001,0.0,,,50.0,30.2
2019-12-23,8.0529696,0.0,,,48.92,35.96
2019-12-24,7.3818888,0.0,,,46.94,35.96
2019-12-25,2.6843232,0.0,,,48.02,33.98
2019-12-26,3.5790976000000003,0.0,,,46.94,35.06
2019-12-27,6.2634208,0.0,,,53.06,46.04
2019-12-28,4.0264848,0.0,,,57.92,42.08
2019-12-29,6.710808,0.1811023622047244,,,53.06,39.02
2019-12-30,9.6188248,0.2283464566929134,,,55.94,42.980000000000004
2019-12-31,8.0529696,0.0,,,46.94,39.02
2020-01-01,6.4871144,0.0,,,44.96,35.96
2020-01-02,8.7240504,0.0,,,48.92,33.98
2020-01-03,7.829276,0.16141732283464566,,,50.0,46.04
2020-01-04,5.8160336,0.1889763779527559,,,55.04,42.980000000000004
2020-01-05,12.079454400000001,0.011811023622047244,,,42.980000000000004,35.96
2020-01-06,8.5003568,0.0,,,50.0,35.96
2020-01-07,7.158195200000001,0.20866141732283466,,,46.04,33.98
2020-01-08,11.4083736,0.0,,,42.08,32.0
2020-01-09,6.2634208,0.0,,,39.02,26.240000000000002
2020-01-10,12.303148,0.0,,,51.98,39.02
2020-01-11,13.197922400000001,0.0,,,55.04,50.0
2020-01-12,13.421616,0.011811023622047244,,,66.02,48.02
2020-01-13,4.921259200000001,0.0,,,51.08,42.08
2020-01-14,4.921259200000001,0.03149606299212599,,,46.94,41.0
2020-01-15,6.039727200000001,0.011811023622047244,,,51.98,42.980000000000004
2020-01-16,11.6320672,0.0,,,53.06,35.96
2020-01-17,13.6453096,0.0,,,37.04,25.16
2020-01-18,8.0529696,0.31102362204724415,,,44.06,23.18
2020-01-19,10.5135992,0.0,,,44.96,29.12
2020-01-20,10.289905599999999,0.011811023622047244,,,33.08,24.26
2020-01-21,5.8160336,0.0,,,33.98,21.2
2020-01-22,3.5790976000000003,0.0,,,37.04,25.16
2020-01-23,2.6843232,0.0,,,41.0,30.2
2020-01-24,7.6055824,0.0,,,46.94,33.08
2020-01-25,12.079454400000001,0.5118110236220472,,,51.98,42.08
2020-01-26,8.0529696,0.0,,,48.02,37.04
2020-01-27,8.2766632,0.0,,,44.96,35.96
2020-01-28,8.0529696,0.0,,,42.08,37.94
2020-01-29,6.039727200000001,0.0,,,42.980000000000004,33.98
2020-01-30,5.8160336,0.0,,,37.94,28.22
2020-01-31,4.473872,0.05905511811023623,,,46.94,35.06
2020-02-01,3.1317104,0.05905511811023623,,,44.06,35.96
2020-02-02,7.829276,0.0984251968503937,,,44.96,37.94
2020-02-03,8.2766632,0.0,,,60.980000000000004,37.94
2020-02-04,7.6055824,0.011811023622047244,,,59.0,48.02
2020-02-05,9.6188248,0.03149606299212599,,,53.06,39.92
2020-02-06,6.710808,0.9685039370078741,,,50.0,42.08
2020-02-07,16.77702,0.27165354330708663,,,55.94,37.04
2020-02-08,9.3951312,0.0,,,42.980000000000004,33.08
2020-02-09,6.039727200000001,0.0,,,44.96,37.04
2020-02-10,11.8557608,0.14173228346456693,,,50.0,42.980000000000004
2020-02-11,4.473872,0.5,,,53.06,46.94
2020-02-12,6.710808,0.03149606299212599,,,46.94,39.92
2020-02-13,8.7240504,0.20078740157480315,,,55.04,42.08
2020-02-14,8.2766632,0.0,,,42.08,23.18
2020-02-15,6.710808,0.0,,,35.06,17.240000000000002
2020-02-16,9.171437599999999,0.0,,,44.96,33.98
2020-02-17,5.3686464,0.0,,,46.04,37.94
2020-02-18,8.0529696,0.0,,,55.04,42.08
2020-02-19,6.4871144,0.0,,,50.0,39.02
2020-02-20,4.473872,0.0,,,39.92,31.1
2020-02-21,6.9345016,0.0,,,32.0,23.18
2020-02-22,10.289905599999999,0.0,,,48.02,30.2
2020-02-23,7.829276,0.0,,,48.92,35.06
2020-02-24,8.947744,0.0,,,48.92,44.06
2020-02-25,,0.20078740157480315,,,48.02,44.96
2020-02-26,6.710808,0.5118110236220472,,,48.02,44.96
2020-02-27,17.6717944,0.20866141732283466,,,53.06,33.08
2020-02-28,12.9742288,0.0,,,44.06,32.0
2020-02-29,7.829276,0.0,,,37.04,30.2
2020-03-01,8.0529696,0.0,,,44.06,28.22
2020-03-02,13.8690032,0.03149606299212599,,,50.0,42.08
2020-03-03,9.6188248,0.011811023622047244,,,55.94,46.04
2020-03-04,12.303148,0.0,,,57.02,46.04
2020-03-05,8.0529696,0.0,,,50.0,41.0
2020-03-06,7.6055824,0.42913385826771655,,,46.04,37.04
2020-03-07,11.8557608,0.01968503937007874,,,46.94,35.96
2020-03-08,9.3951312,0.0,,,55.04,33.98
2020-03-09,11.4083736,0.0,,,57.02,46.04
2020-03-10,12.5268416,0.0,,,59.0,48.92
2020-03-11,5.8160336,0.0,,,60.08,44.06
2020-03-12,6.710808,0.011811023622047244,,,48.92,42.980000000000004
2020-03-13,11.4083736,0.27165354330708663,,,71.06,48.02
2020-03-14,6.710808,0.0,,,57.92,44.06
2020-03-15,6.710808,0.03937007874015748,,,46.04,42.08
2020-03-16,13.197922400000001,0.0,,,46.94,37.94
2020-03-17,,0.01968503937007874,,,55.04,42.980000000000004
2020-03-18,8.947744,0.0,,,53.06,42.980000000000004
2020-03-19,8.7240504,0.33070866141732286,,,55.94,46.04
2020-03-20,10.5135992,0.0,,,71.06,46.04
2020-03-21,8.5003568,0.05905511811023623,,,69.08,44.06
2020-03-22,14.7637776,0.0,,,44.06,39.92
2020-03-23,15.434858400000001,0.6614173228346457,,,51.98,39.92
2020-03-24,6.2634208,0.0,,,50.0,37.94
2020-03-25,16.5533264,0.11811023622047245,,,46.94,42.08
2020-03-26,8.947744,0.0,,,48.02,37.94
2020-03-27,7.6055824,0.0,,,62.959999999999994,48.02
2020-03-28,7.6055824,0.20078740157480315,,,53.06,48.02
2020-03-29,5.8160336,0.011811023622047244,,,53.96,46.94
2020-03-30,6.9345016,0.07086614173228346,,,48.02,44.96
2020-03-31,13.8690032,0.0,,,44.96,42.08
2020-04-01,12.9742288,0.0,,,46.94,39.92
2020-04-02,15.2111648,0.011811023622047244,,,55.94,39.92
2020-04-03,12.079454400000001,0.0,,,53.96,48.02
2020-04-04,9.171437599999999,0.011811023622047244,,,51.08,44.96
2020-04-05,8.7240504,0.0,,,57.92,44.96
2020-04-06,8.5003568,0.0,,,55.04,48.02
2020-04-07,5.8160336,0.0,,,55.94,46.94
2020-04-08,9.171437599999999,0.05905511811023623,,,71.06,48.92
2020-04-09,12.5268416,0.33858267716535434,,,69.98,48.02
2020-04-10,16.5533264,0.0,,,48.92,42.08
2020-04-11,8.7240504,0.0,,,55.94,39.02
2020-04-12,10.5135992,0.03149606299212599,,,57.02,46.94
2020-04-13,17.0007136,0.8503937007874017,,,62.959999999999994,53.06
2020-04-14,7.3818888,0.0,,,57.92,46.94
2020-04-15,7.6055824,0.11023622047244094,,,51.98,39.02
2020-04-16,9.842518400000001,0.0,,,48.92,42.08
2020-04-17,9.6188248,0.0,,,55.04,37.04
2020-04-18,8.5003568,0.05905511811023623,,,55.04,42.08
2020-04-19,11.8557608,0.0,,,53.06,39.92
2020-04-20,7.829276,0.0,,,53.06,48.02
2020-04-21,12.7505352,0.2283464566929134,,,57.92,42.980000000000004
2020-04-22,9.842518400000001,0.0,,,53.96,37.94
2020-04-23,8.5003568,0.2913385826771654,,,50.0,42.980000000000004
2020-04-24,8.7240504,1.3700787401574803,,,53.96,48.02
2020-04-25,7.3818888,0.03937007874015748,,,53.96,46.04
2020-04-26,11.18468,0.11023622047244094,,,51.98,46.94
2020-04-27,7.829276,0.0,,,51.98,42.08
2020-04-28,8.7240504,0.0,,,62.059999999999995,42.08
2020-04-29,12.5268416,0.0,,,55.94,51.08
2020-04-30,16.5533264,0.42913385826771655,,,59.0,53.96
2020-05-01,6.039727200000001,0.3503937007874016,,,62.959999999999994,53.06
2020-05-02,10.066212,0.0,,,71.06,53.96
2020-05-03,8.7240504,0.14173228346456693,,,73.04,53.96
2020-05-04,8.5003568,0.2283464566929134,,,73.04,51.98
2020-05-05,6.9345016,0.0,,,59.0,48.02
2020-05-06,10.066212,0.03937007874015748,,,53.06,44.96
2020-05-07,9.171437599999999,0.0,,,64.04,44.96
2020-05-08,9.6188248,0.03149606299212599,,,55.94,46.04
2020-05-09,13.197922400000001,0.0,,,48.02,35.96
2020-05-10,14.0926968,0.0,,,59.0,41.0
2020-05-11,10.5135992,0.0,,,60.980000000000004,48.92
2020-05-12,10.5135992,0.0,,,59.0,44.06
2020-05-13,7.829276,0.0,,,55.04,44.06
2020-05-14,9.171437599999999,0.0,,,60.980000000000004,48.92
2020-05-15,13.421616,0.0,,,71.96,59.0
2020-05-16,9.6188248,0.0,,,71.06,57.92
2020-05-17,12.079454400000001,0.0,,,57.92,53.96
2020-05-18,13.6453096,0.0,,,55.94,53.96
2020-05-19,19.461343199999998,0.0,,,57.02,51.98
2020-05-20,19.2376496,0.0,,,53.06,50.0
2020-05-21,10.960986400000001,0.0,,,55.94,51.08
2020-05-22,7.6055824,0.01968503937007874,,,64.04,55.94
2020-05-23,7.3818888,0.5,,,75.92,53.06
2020-05-24,12.9742288,0.011811023622047244,,,55.94,51.98
2020-05-25,8.7240504,0.011811023622047244,,,62.059999999999995,53.96
2020-05-26,5.1449527999999995,0.0,,,62.059999999999995,55.94
2020-05-27,5.3686464,0.0,,,66.02,55.94
2020-05-28,11.18468,0.0,,,68.0,60.980000000000004
2020-05-29,12.079454400000001,0.0,,,66.92,60.980000000000004
2020-05-30,6.710808,0.0,,,82.04,62.059999999999995
2020-05-31,7.158195200000001,0.0,,,69.98,57.92
2020-06-01,7.6055824,0.0,,,69.98,53.06
2020-06-02,9.842518400000001,0.0,,,71.06,60.08
2020-06-03,8.7240504,0.5393700787401575,,,87.08000000000001,62.959999999999994
2020-06-04,6.710808,0.3188976377952756,,,78.98,66.02
2020-06-05,10.7372928,0.3188976377952756,,,75.92,66.02
2020-06-06,7.829276,0.0,,,87.08000000000001,64.94
2020-06-07,6.710808,0.0,,,78.08,64.94
2020-06-08,7.158195200000001,0.0,,,68.0,60.08
2020-06-09,9.842518400000001,0.0,,,75.02,64.04
2020-06-10,12.079454400000001,0.0,,,73.94,69.08
2020-06-11,,0.4015748031496063,,,69.98,66.92
2020-06-12,6.710808,0.0,,,80.96,66.02
2020-06-13,6.710808,0.0,,,69.98,62.059999999999995
2020-06-14,12.5268416,0.0,,,62.959999999999994,60.08
2020-06-15,12.079454400000001,0.0,,,64.04,60.980000000000004
2020-06-16,11.8557608,0.0,,,64.94,60.980000000000004
2020-06-17,12.079454400000001,0.0,,,64.04,60.980000000000004
2020-06-18,5.8160336,0.01968503937007874,,,69.98,62.059999999999995
2020-06-19,6.4871144,0.0,,,73.94,62.959999999999994
2020-06-20,6.4871144,0.0,,,75.92,66.92
2020-06-21,6.2634208,0.0,,,75.92,68.0
2020-06-22,8.5003568,0.0,,,78.08,69.98
2020-06-23,8.5003568,0.0,,,75.92,71.06
2020-06-24,8.947744,0.0,,,84.02,71.96
2020-06-25,6.4871144,0.0,,,78.08,71.06
2020-06-26,7.829276,0.0,,,87.98,69.08
2020-06-27,9.842518400000001,0.0,,,82.94,73.04
2020-06-28,7.3818888,0.0,,,84.02,73.94
2020-06-29,6.2634208,0.0,,,84.02,73.04
2020-06-30,5.8160336,0.0,,,75.02,69.98
2020-07-01,4.473872,0.5393700787401575,,,75.92,66.92
2020-07-02,6.039727200000001,0.0,,,82.94,69.08
2020-07-03,7.158195200000001,0.01968503937007874,,,89.06,71.96
2020-07-04,7.3818888,0.0,,,75.02,71.96
2020-07-05,8.7240504,0.610236220472441,,,80.06,71.96
2020-07-06,8.7240504,1.078740157480315,,,82.04,69.08
2020-07-07,7.3818888,0.0,,,80.06,71.96
2020-07-08,7.6055824,0.0,,,80.06,75.92
2020-07-09,7.829276,0.0,,,82.04,75.92
2020-07-10,16.77702,2.598425196850394,,,78.98,71.96
2020-07-11,10.5135992,0.0,,,82.04,75.02
2020-07-12,9.6188248,0.0,,,84.02,75.02
2020-07-13,5.1449527999999995,0.0,,,87.08000000000001,73.94
2020-07-14,6.039727200000001,0.0,,,86.0,71.96
2020-07-15,10.960986400000001,0.0,,,77.0,71.96
2020-07-16,10.5135992,0.0,,,71.96,71.06
2020-07-17,10.289905599999999,0.0,,,80.06,71.06
2020-07-18,5.8160336,0.0,,,84.02,75.92
2020-07-19,7.6055824,0.0,,,80.96,75.92
2020-07-20,8.7240504,0.0,,,93.02,80.06
2020-07-21,6.039727200000001,0.0,,,84.02,78.08
2020-07-22,8.2766632,0.2992125984251969,,,84.02,73.04
2020-07-23,8.947744,0.011811023622047244,,,84.91999999999999,75.92
2020-07-24,5.3686464,0.2204724409448819,,,80.96,75.02
2020-07-25,6.039727200000001,0.0,,,80.06,73.04
2020-07-26,9.3951312,0.0,,,84.02,77.0
2020-07-27,8.947744,0.0,,,91.03999999999999,78.98
2020-07-28,8.7240504,0.11811023622047245,,,91.03999999999999,78.08
2020-07-29,7.829276,0.0,,,89.06,78.08
2020-07-30,8.7240504,0.03937007874015748,,,82.94,75.92
2020-07-31,4.921259200000001,0.8897637795275591,,,77.0,69.98
2020-08-01,5.59234,0.0,,,80.06,71.96
2020-08-02,12.303148,0.0,,,82.04,77.0
2020-08-03,8.5003568,0.0,,,82.94,75.02
2020-08-04,16.1059392,0.16141732283464566,,,80.06,69.98
2020-08-05,5.8160336,0.0,,,82.94,69.08
2020-08-06,7.6055824,0.909448818897638,,,75.92,68.0
2020-08-07,7.158195200000001,0.6614173228346457,,,73.94,69.08
2020-08-08,5.8160336,0.0,,,78.08,69.98
2020-08-09,7.158195200000001,0.0,,,78.98,71.06
2020-08-10,9.171437599999999,0.0,,,80.06,73.94
2020-08-11,9.171437599999999,0.0,,,80.06,73.04
2020-08-12,7.158195200000001,0.0,,,82.04,73.94
2020-08-13,4.921259200000001,0.03149606299212599,,,78.08,75.02
2020-08-14,9.6188248,0.11023622047244094,,,78.08,73.04
2020-08-15,11.18468,0.0,,,75.92,71.06
2020-08-16,11.8557608,0.8188976377952757,,,73.04,69.08
2020-08-17,8.2766632,0.0,,,73.94,66.02
2020-08-18,5.3686464,0.0,,,82.04,69.98
2020-08-19,4.473872,1.0,,,78.08,64.94
2020-08-20,5.59234,0.0,,,75.02,66.92
2020-08-21,8.947744,0.0,,,75.92,69.98
2020-08-22,7.829276,0.0,,,80.06,73.94
2020-08-23,4.473872,0.0,,,78.98,73.94
2020-08-24,8.0529696,0.0,,,87.98,75.02
2020-08-25,9.6188248,0.0,,,87.98,75.92
2020-08-26,5.59234,0.0,,,80.96,69.98
2020-08-27,,0.0,,,89.96000000000001,73.94
2020-08-28,7.3818888,0.0905511811023622,,,84.91999999999999,73.94
2020-08-29,11.18468,0.9212598425196851,,,80.06,73.94
2020-08-30,6.2634208,0.0,,,78.98,66.92
2020-08-31,7.158195200000001,0.0,,,75.02,68.0
2020-09-01,10.7372928,0.011811023622047244,,,75.92,71.96
2020-09-02,8.7240504,0.011811023622047244,,,78.98,73.94
2020-09-03,8.5003568,0.03149606299212599,,,82.04,75.02
2020-09-04,5.59234,0.011811023622047244,,,84.91999999999999,73.94
2020-09-05,6.9345016,0.0,,,77.0,66.92
2020-09-06,6.2634208,0.0,,,77.0,69.08
2020-09-07,5.8160336,0.0,,,75.02,71.06
2020-09-08,7.158195200000001,0.0,,,75.92,71.06
2020-09-09,9.842518400000001,0.1811023622047244,,,75.92,73.94
2020-09-10,4.473872,4.570866141732283,,,77.0,73.94
2020-09-11,10.289905599999999,0.1889763779527559,,,75.92,71.06
2020-09-12,15.658552,0.0,,,71.06,68.0
2020-09-13,8.0529696,0.0,,,75.02,71.06
2020-09-14,6.4871144,0.0,,,77.0,62.059999999999995
2020-09-15,5.8160336,0.0,,,64.04,55.94
2020-09-16,5.1449527999999995,0.0,,,71.96,59.0
2020-09-17,6.2634208,0.16141732283464566,,,75.02,68.0
2020-09-18,7.158195200000001,0.05905511811023623,,,69.98,57.92
2020-09-19,8.5003568,0.0,,,60.980000000000004,51.08
2020-09-20,8.947744,0.0,,,62.059999999999995,51.98
2020-09-21,8.5003568,0.0,,,60.980000000000004,51.08
2020-09-22,7.6055824,0.0,,,69.98,48.02
2020-09-23,6.9345016,0.0,,,78.08,55.04
2020-09-24,6.039727200000001,0.0,,,69.98,62.059999999999995
2020-09-25,6.710808,0.0,,,71.06,62.959999999999994
2020-09-26,6.4871144,0.12992125984251968,,,71.96,66.92
2020-09-27,5.8160336,0.03149606299212599,,,73.04,68.0
2020-09-28,9.6188248,0.0,,,73.04,69.98
2020-09-29,10.5135992,0.01968503937007874,,,73.94,69.98
2020-09-30,13.197922400000001,0.6889763779527559,,,73.94,60.08
2020-10-01,7.6055824,0.0,,,71.96,64.04
2020-10-02,6.2634208,0.0,,,66.92,55.04
2020-10-03,5.1449527999999995,0.0,,,66.02,51.98
2020-10-04,6.039727200000001,0.0,,,64.94,53.06
2020-10-05,5.1449527999999995,0.011811023622047244,,,68.0,55.94
2020-10-06,7.3818888,0.0,,,69.08,55.04
2020-10-07,12.303148,0.0,,,77.0,62.059999999999995
2020-10-08,8.0529696,0.0,,,66.92,55.94
2020-10-09,8.7240504,0.0,,,68.0,51.98
2020-10-10,14.0926968,0.0,,,71.96,64.94
2020-10-11,12.5268416,0.0984251968503937,,,68.0,64.04
2020-10-12,20.803504800000002,1.3700787401574803,,,64.94,60.980000000000004
2020-10-13,7.829276,0.12992125984251968,,,64.94,57.92
2020-10-14,6.710808,0.0,,,69.08,53.96
2020-10-15,11.4083736,0.0,,,69.08,62.959999999999994
2020-10-16,8.5003568,0.9803149606299213,,,69.08,51.98
2020-10-17,5.59234,0.03937007874015748,,,60.08,48.02
2020-10-18,7.6055824,0.0,,,64.04,50.0
2020-10-19,7.158195200000001,0.01968503937007874,,,64.94,59.0
2020-10-20,4.2501784,0.42913385826771655,,,68.0,62.059999999999995
2020-10-21,4.921259200000001,0.011811023622047244,,,69.98,60.980000000000004
2020-10-22,4.0264848,0.0,,,71.96,64.04
2020-10-23,4.6975656,0.0,,,64.94,62.059999999999995
2020-10-24,6.710808,0.0,,,69.08,53.96
2020-10-25,11.4083736,0.07086614173228346,,,60.08,48.92
2020-10-26,9.3951312,0.0,,,64.94,60.08
2020-10-27,4.473872,0.011811023622047244,,,64.04,60.08
2020-10-28,9.3951312,0.0,,,69.08,60.980000000000004
2020-10-29,11.8557608,2.771653543307087,,,64.94,53.96
2020-10-30,10.960986400000001,0.9291338582677167,,,53.96,42.980000000000004
2020-10-31,4.6975656,0.0,,,50.0,37.94
2020-11-01,6.710808,0.7992125984251969,,,59.0,44.96
2020-11-02,12.9742288,0.0,,,48.02,39.02
2020-11-03,9.842518400000001,0.0,,,57.92,44.96
2020-11-04,6.2634208,0.0,,,62.059999999999995,46.04
2020-11-05,7.829276,0.0,,,66.92,60.08
2020-11-06,6.4871144,0.0,,,62.959999999999994,57.02
2020-11-07,6.9345016,0.0,,,69.98,53.96
2020-11-08,5.8160336,0.0,,,71.96,53.96
2020-11-09,5.8160336,0.0,,,66.02,55.94
2020-11-10,7.6055824,0.0,,,69.08,59.0
2020-11-11,11.6320672,1.0984251968503937,,,68.0,64.04
2020-11-12,6.2634208,0.9291338582677167,,,66.92,50.0
2020-11-13,5.1449527999999995,0.03937007874015748,,,55.94,48.02
2020-11-14,5.3686464,0.0,,,55.04,46.04
2020-11-15,11.8557608,0.3582677165354331,,,64.94,46.04
2020-11-16,9.6188248,0.0,,,55.94,48.92
2020-11-17,8.0529696,0.0,,,55.94,39.02
2020-11-18,9.171437599999999,0.0,,,41.0,33.08
2020-11-19,9.3951312,0.0,,,51.08,33.08
2020-11-20,13.421616,0.0,,,59.0,51.08
2020-11-21,5.1449527999999995,0.0,,,66.02,48.92
2020-11-22,9.3951312,0.011811023622047244,,,62.959999999999994,51.08
2020-11-23,9.3951312,0.5196850393700787,,,60.980000000000004,42.980000000000004
2020-11-24,5.1449527999999995,0.0,,,50.0,39.02
2020-11-25,9.842518400000001,0.0,,,60.08,48.92
2020-11-26,11.18468,0.3700787401574803,,,62.059999999999995,57.02
2020-11-27,3.355404,0.0,,,60.08,51.98
2020-11-28,5.1449527999999995,0.0,,,57.92,46.04
2020-11-29,6.4871144,0.0,,,55.04,42.08
2020-11-30,15.2111648,1.1614173228346458,,,64.94,55.04
2020-12-01,12.303148,0.0,,,57.92,39.92
2020-12-02,12.303148,0.0,,,44.96,39.02
2020-12-03,10.289905599999999,0.0,,,53.06,37.04
2020-12-04,10.066212,0.14173228346456693,,,55.94,50.0
2020-12-05,11.4083736,1.4881889763779528,,,53.06,41.0
2020-12-06,8.5003568,0.0,,,42.980000000000004,33.98
2020-12-07,6.2634208,0.0,,,39.02,32.0
2020-12-08,9.171437599999999,0.0,,,39.92,31.1
2020-12-09,8.7240504,0.0,,,41.0,33.08
2020-12-10,6.9345016,0.0,,,51.08,39.02
2020-12-11,8.5003568,0.0,,,55.04,39.02
2020-12-12,10.7372928,0.0,,,57.92,53.06
2020-12-13,9.6188248,0.0,,,64.94,46.94
2020-12-14,6.4871144,0.5787401574803149,,,46.04,37.04
2020-12-15,7.6055824,0.0,,,39.92,32.0
2020-12-16,18.7902624,1.9488188976377954,,,48.92,30.2
2020-12-17,10.5135992,0.14960629921259844,,,53.06,28.22
2020-12-18,8.2766632,0.0,,,37.94,26.240000000000002
2020-12-19,4.921259200000001,0.0,,,35.96,24.26
2020-12-20,3.355404,0.1811023622047244,,,42.980000000000004,32.0
2020-12-21,4.921259200000001,0.0,,,44.06,35.96
2020-12-22,8.7240504,0.0905511811023622,,,46.94,39.02
2020-12-23,6.4871144,0.0,,,48.92,35.06
2020-12-24,17.895488,0.1889763779527559,,,59.0,48.92
2020-12-25,17.0007136,0.8188976377952757,,,60.980000000000004,29.12
2020-12-26,13.197922400000001,0.0,,,33.08,26.240000000000002
2020-12-27,5.1449527999999995,0.0,,,39.92,26.240000000000002
2020-12-28,9.842518400000001,0.0,,,50.0,39.92
2020-12-29,8.2766632,0.0,,,44.06,32.0
2020-12-30,9.171437599999999,0.0,,,48.02,29.12
2020-12-31,9.842518400000001,0.0,,,53.96,39.02
2021-01-01,8.0529696,0.6614173228346457,,,46.94,33.08
2021-01-02,8.947744,0.03149606299212599,,,55.04,41.0
2021-01-03,8.7240504,0.4409448818897638,,,48.02,37.94
2021-01-04,5.1449527999999995,0.01968503937007874,,,44.06,37.04
2021-01-05,4.6975656,0.0,,,41.0,37.94
2021-01-06,9.6188248,0.0,,,42.980000000000004,35.06
2021-01-07,8.5003568,0.0,,,44.06,33.08
2021-01-08,4.6975656,0.0,,,35.06,30.2
2021-01-09,7.6055824,0.0,,,39.02,28.22
2021-01-10,5.59234,0.0,,,46.04,32.0
2021-01-11,4.473872,0.0,,,44.06,31.1
2021-01-12,4.921259200000001,0.0,,,46.04,33.98
2021-01-13,6.2634208,0.0,,,44.96,32.0
2021-01-14,3.1317104,0.0,,,46.04,39.02
2021-01-15,6.9345016,0.16141732283464566,,,53.06,37.04
2021-01-16,8.947744,0.46062992125984253,,,50.0,37.94
2021-01-17,12.5268416,0.0,,,46.04,35.06
2021-01-18,9.842518400000001,0.0,,,46.04,35.96
2021-01-19,10.5135992,0.0,,,46.04,33.08
2021-01-20,8.7240504,0.0,,,42.08,31.1
2021-01-21,8.2766632,0.0,,,48.02,30.2
2021-01-22,9.3951312,0.0,,,46.94,35.96
2021-01-23,10.5135992,0.0,,,35.96,27.14
2021-01-24,7.158195200000001,0.0,,,35.06,24.26
2021-01-25,3.8027912,0.0,,,37.94,32.0
2021-01-26,9.3951312,0.05905511811023623,,,42.980000000000004,33.98
2021-01-27,8.947744,0.0,,,41.0,32.0
2021-01-28,15.434858400000001,0.0,,,33.98,25.16
2021-01-29,14.7637776,0.0,,,28.22,22.1
2021-01-30,7.3818888,0.0,,,33.98,19.22
2021-01-31,10.5135992,0.3700787401574803,,,39.02,27.14
2021-02-01,17.895488,2.0118110236220472,,,41.0,33.98
2021-02-02,14.0926968,0.14173228346456693,,,33.98,31.1
2021-02-03,8.0529696,0.0,,,35.06,29.12
2021-02-04,8.2766632,0.0,,,42.08,32.0
2021-02-05,10.289905599999999,0.03937007874015748,,,48.02,39.02
2021-02-06,9.171437599999999,0.0,,,48.92,35.96
2021-02-07,7.6055824,0.7795275590551182,,,44.96,31.1
2021-02-08,6.2634208,0.0,,,33.98,22.1
2021-02-09,6.710808,0.20078740157480315,,,46.94,33.08
2021-02-10,4.2501784,0.0,,,37.04,29.12
2021-02-11,6.9345016,0.4015748031496063,,,33.08,30.2
2021-02-12,7.158195200000001,0.0,,,31.1,25.16
2021-02-13,12.303148,0.40944881889763785,,,35.06,29.12
2021-02-14,4.921259200000001,0.11811023622047245,,,35.06,31.1
2021-02-15,9.6188248,0.01968503937007874,,,41.0,33.98
2021-02-16,11.4083736,0.7204724409448819,,,53.96,32.0
2021-02-17,6.9345016,0.0,,,33.98,26.240000000000002
2021-02-18,12.303148,0.46850393700787407,,,37.94,30.2
2021-02-19,10.066212,0.3700787401574803,,,37.94,32.0
2021-02-20,9.171437599999999,0.0,,,33.08,27.14
2021-02-21,6.039727200000001,0.0,,,37.94,24.26
2021-02-22,10.7372928,0.610236220472441,,,46.04,32.0
2021-02-23,11.4083736,0.0,,,51.98,35.06
2021-02-24,10.960986400000001,0.0,,,48.02,39.02
2021-02-25,7.6055824,0.0,,,51.08,39.92
2021-02-26,7.3818888,0.03149606299212599,,,42.980000000000004,35.96
2021-02-27,10.5135992,0.38188976377952755,,,53.96,41.0
2021-02-28,7.6055824,0.7086614173228347,,,48.92,42.08
2021-03-01,7.829276,0.6889763779527559,,,50.0,37.94
2021-03-02,10.066212,0.0,,,37.94,27.14
2021-03-03,10.066212,0.0,,,51.98,35.06
2021-03-04,9.6188248,0.0,,,48.02,33.98
2021-03-05,11.6320672,0.0,,,37.94,27.14
2021-03-06,7.829276,0.0,,,37.94,31.1
2021-03-07,5.3686464,0.0,,,42.08,32.0
2021-03-08,,0.0,,,48.02,28.04
2021-03-09,9.171437599999999,0.0,,,66.02,39.92
2021-03-10,9.6188248,0.0,,,51.98,42.980000000000004
2021-03-11,13.6453096,0.0,,,51.98,46.04
2021-03-12,8.0529696,0.0,,,68.0,48.02
2021-03-13,9.171437599999999,0.0,,,57.02,39.02
2021-03-14,11.4083736,0.0,,,57.02,35.96
2021-03-15,9.6188248,0.0,,,41.0,29.12
2021-03-16,7.3818888,0.0,,,42.08,33.98
2021-03-17,6.2634208,0.0,,,44.96,41.0
2021-03-18,7.6055824,1.5393700787401576,,,53.06,42.08
2021-03-19,11.8557608,0.05905511811023623,,,44.06,35.96
2021-03-20,5.8160336,0.0,,,42.980000000000004,32.0
2021-03-21,4.6975656,0.0,,,48.02,37.04
2021-03-22,6.710808,0.0,,,50.0,39.02
2021-03-23,7.829276,0.0,,,50.0,42.980000000000004
2021-03-24,8.5003568,2.051181102362205,,,59.0,46.94
2021-03-25,6.2634208,0.011811023622047244,,,57.92,48.92
2021-03-26,14.7637776,0.0,,,80.96,51.98
2021-03-27,8.7240504,0.0,,,59.0,51.98
2021-03-28,12.9742288,0.5,,,60.08,48.02
2021-03-29,11.4083736,0.0,,,55.04,46.04
2021-03-30,8.0529696,0.0,,,53.06,42.08
2021-03-31,10.289905599999999,0.909448818897638,,,59.0,51.08
2021-04-01,12.9742288,0.01968503937007874,,,57.02,39.92
2021-04-02,10.5135992,0.0,,,41.0,32.0
2021-04-03,7.3818888,0.0,,,51.08,31.1
2021-04-04,6.710808,0.0,,,53.96,44.96
2021-04-05,8.7240504,0.0,,,68.0,46.04
2021-04-06,6.710808,0.0,,,66.92,50.0
2021-04-07,4.921259200000001,0.011811023622047244,,,57.92,48.02
2021-04-08,5.3686464,0.0,,,57.02,48.02
2021-04-09,7.3818888,0.0,,,51.08,48.92
2021-04-10,5.8160336,0.01968503937007874,,,57.92,51.08
2021-04-11,9.3951312,0.2992125984251969,,,57.92,50.0
2021-04-12,12.303148,0.3582677165354331,,,50.0,46.04
2021-04-13,8.5003568,0.0,,,51.98,46.04
2021-04-14,8.2766632,0.011811023622047244,,,62.059999999999995,48.92
2021-04-15,4.473872,0.5196850393700787,,,59.0,50.0
2021-04-16,10.066212,0.0,,,55.94,42.980000000000004
2021-04-17,5.59234,0.0,,,55.94,44.96
2021-04-18,7.3818888,0.0,,,59.0,46.94
2021-04-19,6.9345016,0.0,,,60.08,51.08
2021-04-20,8.5003568,0.0,,,59.0,48.92
2021-04-21,,0.14173228346456693,,,60.08,42.08
2021-04-22,,0.0,,,48.92,37.04
2021-04-23,,0.0,,,59.0,42.08
2021-04-24,,0.01968503937007874,,,62.059999999999995,48.02
2021-04-25,,0.909448818897638,,,62.959999999999994,48.92
2021-04-26,,0.0,,,60.980000000000004,46.04
2021-04-27,,0.0,,,60.980000000000004,50.0
2021-04-28,,0.0,,,78.08,57.92
2021-04-29,8.2766632,0.01968503937007874,,,78.98,60.08
2021-04-30,14.9874712,0.01968503937007874,,,73.04,50.0
2021-05-01,10.7372928,0.0,,,66.02,46.04
2021-05-02,11.8557608,0.0,,,71.96,55.04
2021-05-03,8.5003568,0.11023622047244094,,,71.96,55.94
2021-05-04,8.0529696,0.011811023622047244,,,69.08,55.04
2021-05-05,5.59234,0.03149606299212599,,,62.959999999999994,53.96
2021-05-06,6.9345016,0.03149606299212599,,,62.959999999999994,51.08
2021-05-07,7.158195200000001,0.0,,,57.02,51.08
2021-05-08,8.2766632,0.0,,,57.02,48.92
2021-05-09,7.829276,0.0,,,60.08,46.04
2021-05-10,8.0529696,0.0,,,62.959999999999994,53.96
2021-05-11,8.5003568,0.0,,,64.94,48.92
2021-05-12,6.4871144,0.0,,,62.059999999999995,48.02
2021-05-13,6.9345016,0.0,,,62.959999999999994,50.0
2021-05-14,7.158195200000001,0.0,,,66.02,53.96
2021-05-15,8.2766632,0.0,,,66.92,57.92
2021-05-16,6.039727200000001,0.0,,,64.94,53.96
2021-05-17,6.4871144,0.0,,,64.94,55.94
2021-05-18,9.842518400000001,0.0,,,71.06,57.02
2021-05-19,8.0529696,0.0,,,80.96,60.980000000000004
2021-05-20,8.0529696,0.0,,,66.02,59.0
2021-05-21,7.6055824,0.0,,,62.959999999999994,55.94
2021-05-22,6.4871144,0.0,,,87.98,62.959999999999994
2021-05-23,6.710808,0.0,,,89.96000000000001,71.06
2021-05-24,12.9742288,0.0,,,71.06,57.92
2021-05-25,8.947744,0.0,,,64.04,57.92
2021-05-26,12.079454400000001,0.421259842519685,,,69.98,60.980000000000004
2021-05-27,6.2634208,0.07874015748031496,,,82.04,64.94
2021-05-28,14.9874712,0.2204724409448819,,,68.0,55.94
2021-05-29,19.2376496,0.8307086614173229,,,55.94,51.98
2021-05-30,13.421616,0.7992125984251969,,,53.96,51.08
2021-05-31,6.710808,0.0,,,69.98,50.0
2021-06-01,8.7240504,0.0,,,68.0,57.92
2021-06-02,6.9345016,0.0,,,66.92,60.980000000000004
2021-06-03,9.3951312,0.7204724409448819,,,69.98,62.059999999999995
2021-06-04,8.947744,0.5984251968503937,,,71.96,64.04
2021-06-05,9.842518400000001,0.0,,,82.04,66.02
2021-06-06,9.6188248,0.0,,,80.06,68.0
2021-06-07,9.6188248,0.0,,,75.92,66.92
2021-06-08,7.3818888,0.0,,,77.0,68.0
2021-06-09,4.921259200000001,0.0,,,80.96,69.08
2021-06-10,9.6188248,0.01968503937007874,,,77.0,64.94
2021-06-11,10.5135992,0.03149606299212599,,,66.02,64.04
2021-06-12,9.3951312,0.0,,,66.92,62.959999999999994
2021-06-13,6.710808,0.0,,,69.08,64.04
2021-06-14,8.7240504,0.0,,,71.96,66.02
2021-06-15,5.59234,0.6299212598425197,,,80.06,64.94
2021-06-16,6.710808,0.0,,,78.08,64.04
2021-06-17,6.9345016,0.0,,,69.98,60.980000000000004
2021-06-18,10.960986400000001,0.0,,,73.94,64.04
2021-06-19,9.842518400000001,0.2992125984251969,,,84.02,69.98
2021-06-20,8.2766632,0.2913385826771654,,,78.98,68.0
2021-06-21,9.842518400000001,0.0,,,77.0,69.98
2021-06-22,6.4871144,0.7204724409448819,,,78.08,62.059999999999995
2021-06-23,6.4871144,0.0,,,69.08,57.92
2021-06-24,8.5003568,0.0,,,69.08,62.059999999999995
2021-06-25,6.2634208,0.0,,,71.06,62.959999999999994
2021-06-26,8.947744,0.0,,,75.92,69.98
2021-06-27,7.6055824,0.0,,,78.98,71.96
2021-06-28,4.921259200000001,0.0,,,80.06,71.96
2021-06-29,10.5135992,0.0,,,80.96,71.96
2021-06-30,10.7372928,0.0,,,82.94,73.04
2021-07-01,7.829276,0.2795275590551181,,,82.04,69.98
2021-07-02,7.158195200000001,0.8897637795275591,,,71.96,68.0
2021-07-03,5.59234,0.3188976377952756,,,71.06,64.04
2021-07-04,4.921259200000001,0.3188976377952756,,,73.94,62.959999999999994
2021-07-05,8.5003568,0.0,,,78.08,69.98
2021-07-06,12.079454400000001,0.0,,,78.08,71.96
2021-07-07,10.5135992,0.0,,,84.91999999999999,69.98
2021-07-08,9.6188248,0.27165354330708663,,,78.08,71.06
2021-07-09,10.5135992,2.078740157480315,,,84.02,71.06
2021-07-10,5.59234,0.0,,,84.02,71.96
2021-07-11,7.6055824,0.0,,,78.08,71.96
2021-07-12,9.3951312,0.0,,,80.06,73.04
2021-07-13,6.039727200000001,0.0,,,80.96,73.04
2021-07-14,7.829276,0.0,,,87.08000000000001,75.92
2021-07-15,8.7240504,0.0,,,82.04,75.92
2021-07-16,8.5003568,0.0,,,84.91999999999999,77.0
2021-07-17,10.289905599999999,0.03937007874015748,,,80.96,75.92
2021-07-18,10.5135992,0.03937007874015748,,,82.04,73.04
2021-07-19,8.0529696,0.0,,,82.94,71.96
2021-07-20,6.9345016,0.0,,,82.04,73.04
2021-07-21,6.039727200000001,1.7283464566929134,,,82.04,68.0
2021-07-22,6.4871144,0.0,,,77.0,64.94
2021-07-23,6.039727200000001,0.0,,,78.08,66.02
2021-07-24,7.6055824,0.0,,,78.08,69.08
2021-07-25,14.7637776,0.12992125984251968,,,75.92,68.0
2021-07-26,5.59234,0.0,,,84.02,73.04
2021-07-27,6.2634208,0.0,,,84.91999999999999,73.04
2021-07-28,7.158195200000001,0.0,,,78.08,71.96
2021-07-29,9.171437599999999,0.1811023622047244,,,77.0,71.06
2021-07-30,6.9345016,0.0,,,84.91999999999999,69.98
2021-07-31,5.59234,0.0,,,73.04,64.04
2021-08-01,5.1449527999999995,0.05905511811023623,,,75.02,68.0
2021-08-02,6.039727200000001,0.0,,,80.06,62.959999999999994
2021-08-03,4.6975656,0.0,,,73.94,68.0
2021-08-04,8.5003568,0.011811023622047244,,,71.06,68.0
2021-08-05,6.710808,0.0,,,75.92,66.02
2021-08-06,7.6055824,0.0,,,82.04,69.98
2021-08-07,5.1449527999999995,0.3897637795275591,,,75.92,66.92
2021-08-08,8.2766632,2.5,,,73.04,66.02
2021-08-09,6.2634208,0.0,,,78.98,68.0
2021-08-10,10.289905599999999,0.0,,,78.08,73.94
2021-08-11,9.6188248,0.0,,,82.04,75.02
2021-08-12,8.5003568,0.0,,,84.91999999999999,77.0
2021-08-13,6.710808,0.0,,,89.06,78.08
2021-08-14,6.710808,0.0,,,86.0,75.92
2021-08-15,9.6188248,0.20866141732283466,,,78.08,71.96
2021-08-16,9.842518400000001,0.0,,,77.0,73.94
2021-08-17,9.171437599999999,0.0,,,78.08,75.02
2021-08-18,9.842518400000001,0.0,,,80.96,75.92
2021-08-19,12.079454400000001,0.0,,,86.0,78.08
2021-08-20,4.0264848,1.1181102362204725,,,80.06,73.04
2021-08-21,5.3686464,0.2992125984251969,,,78.08,73.04
2021-08-22,6.9345016,0.3897637795275591,,,82.94,71.96
2021-08-23,10.5135992,0.16929133858267717,,,86.0,75.02
2021-08-24,6.710808,0.0,,,89.06,77.0
2021-08-25,6.039727200000001,0.0,,,86.0,75.92
2021-08-26,7.829276,0.0,,,82.04,75.92
2021-08-27,4.6975656,0.0,,,87.98,78.08
2021-08-28,8.0529696,1.4488188976377951,,,80.06,73.94
2021-08-29,8.5003568,0.8110236220472442,,,78.08,71.96
2021-08-30,5.59234,1.110236220472441,,,82.04,73.04
2021-08-31,4.6975656,0.0,,,82.04,73.94
2021-09-01,11.4083736,0.2519685039370079,,,82.04,68.0
2021-09-02,9.6188248,0.03937007874015748,,,77.0,64.94
2021-09-03,5.8160336,0.0,,,75.02,60.980000000000004
2021-09-04,6.2634208,0.0,,,73.94,62.059999999999995
2021-09-05,10.5135992,0.03149606299212599,,,75.92,69.98
2021-09-06,7.6055824,0.6889763779527559,,,82.94,69.98
2021-09-07,7.3818888,0.0,,,78.08,66.92
2021-09-08,11.4083736,0.0,,,77.0,73.94
2021-09-09,5.3686464,0.9291338582677167,,,75.92,69.08
2021-09-10,8.2766632,0.0,,,75.02,62.959999999999994
2021-09-11,8.7240504,0.0,,,75.02,62.959999999999994
2021-09-12,13.421616,0.0,,,78.98,71.06
2021-09-13,7.6055824,0.0,,,87.08000000000001,73.04
2021-09-14,6.2634208,0.0,,,77.0,71.06
2021-09-15,12.079454400000001,0.0,,,77.0,73.94
2021-09-16,7.6055824,0.0,,,78.08,73.04
2021-09-17,10.289905599999999,0.0,,,73.94,71.96
2021-09-18,5.1449527999999995,0.0,,,82.04,69.08
2021-09-19,9.6188248,0.0,,,75.02,68.0
2021-09-20,11.4083736,0.0,,,71.96,69.08
2021-09-21,9.842518400000001,0.0,,,73.94,69.98
2021-09-22,10.960986400000001,0.0,,,77.0,73.04
2021-09-23,11.8557608,0.4488188976377953,,,78.08,64.04
2021-09-24,5.1449527999999995,0.2992125984251969,,,73.94,60.980000000000004
2021-09-25,4.2501784,0.0,,,71.96,59.0
2021-09-26,7.3818888,0.0,,,71.96,60.980000000000004
2021-09-27,12.7505352,0.0,,,75.92,62.959999999999994
2021-09-28,8.0529696,0.0,,,80.06,66.02
2021-09-29,6.710808,0.0,,,68.0,55.94
2021-09-30,4.921259200000001,0.0,,,68.0,59.0
2021-10-01,5.1449527999999995,0.0,,,66.02,51.98
2021-10-02,9.3951312,0.0,,,73.04,57.92
2021-10-03,7.158195200000001,0.0,,,73.94,66.02
2021-10-04,9.171437599999999,0.0,,,75.02,71.96
2021-10-05,9.6188248,0.7992125984251969,,,73.04,66.02
2021-10-06,7.6055824,0.0,,,68.0,64.94
2021-10-07,4.473872,0.0,,,69.08,60.980000000000004
2021-10-08,4.473872,0.0,,,71.96,62.959999999999994
2021-10-09,15.8822456,0.0,,,69.98,68.0
2021-10-10,17.2244072,0.03149606299212599,,,71.06,66.02
2021-10-11,14.316390400000001,0.20078740157480315,,,68.0,64.04
2021-10-12,8.947744,0.0,,,69.08,64.94
2021-10-13,3.5790976000000003,0.0,,,69.08,64.04
2021-10-14,4.473872,0.0,,,75.92,62.059999999999995
2021-10-15,5.59234,0.0,,,77.0,64.04
2021-10-16,10.7372928,0.2519685039370079,,,71.96,59.0
2021-10-17,8.0529696,0.0,,,62.959999999999994,53.06
2021-10-18,9.3951312,0.0,,,62.059999999999995,51.08
2021-10-19,8.5003568,0.0,,,66.92,48.92
2021-10-20,8.947744,0.0,,,75.02,57.92
2021-10-21,11.4083736,0.0,,,69.08,60.08
2021-10-22,7.829276,0.0,,,69.98,59.0
2021-10-23,4.6975656,0.01968503937007874,,,64.04,53.96
2021-10-24,5.59234,0.0,,,66.02,51.08
2021-10-25,11.4083736,0.05905511811023623,,,71.06,66.02
2021-10-26,9.171437599999999,1.1692913385826773,,,66.92,50.0
2021-10-27,10.066212,0.0984251968503937,,,62.959999999999994,50.0
2021-10-28,8.2766632,0.0,,,59.0,51.98
2021-10-29,24.8299896,0.2204724409448819,,,66.92,57.92
2021-10-30,9.6188248,0.0,,,66.02,60.08
2021-10-31,10.5135992,0.0,,,64.04,55.04
2021-11-01,8.0529696,0.0,,,60.980000000000004,50.0
2021-11-02,4.921259200000001,0.1811023622047244,,,53.96,44.96
2021-11-03,6.039727200000001,0.0,,,53.06,42.08
2021-11-04,5.3686464,0.0,,,51.08,42.08
2021-11-05,6.039727200000001,0.0,,,51.98,41.0
2021-11-06,6.710808,0.0,,,53.96,41.0
2021-11-07,6.710808,0.0,,,53.06,44.06
2021-11-08,4.473872,0.0,,,64.04,44.96
2021-11-09,7.158195200000001,0.0,,,69.08,51.98
2021-11-10,6.039727200000001,0.0,,,68.0,51.08
2021-11-11,9.171437599999999,0.0,,,64.94,50.0
2021-11-12,10.066212,0.25984251968503935,,,66.02,53.06
2021-11-13,9.3951312,0.0,,,62.959999999999994,42.08
2021-11-14,10.289905599999999,0.0,,,51.08,39.92
2021-11-15,10.7372928,0.0,,,50.0,41.0
2021-11-16,7.3818888,0.0,,,50.0,37.04
2021-11-17,8.2766632,0.0,,,60.980000000000004,42.08
2021-11-18,14.540084,0.03937007874015748,,,64.04,50.0
2021-11-19,8.7240504,0.0,,,50.0,37.94
2021-11-20,6.039727200000001,0.0,,,51.08,35.96
2021-11-21,4.6975656,0.0,,,59.0,42.980000000000004
2021-11-22,7.158195200000001,0.05118110236220473,,,59.0,37.94
2021-11-23,11.18468,0.0,,,42.980000000000004,33.08
2021-11-24,7.3818888,0.0,,,46.04,32.0
2021-11-25,8.0529696,0.0,,,53.96,37.94
2021-11-26,11.18468,0.33858267716535434,,,48.92,37.94
2021-11-27,10.066212,0.0,,,41.0,35.06
2021-11-28,6.2634208,0.0,,,55.04,37.04
2021-11-29,,0.0,,,46.04,32.0
2021-11-30,,0.0,,,46.04,32.0
2021-12-01,,0.0,,,53.06,39.02
2021-12-02,12.303148,0.0,,,59.0,53.06
2021-12-03,7.3818888,0.0,,,57.92,46.04
2021-12-04,5.3686464,0.0,,,48.92,42.08
2021-12-05,7.3818888,0.0,,,53.06,39.92
2021-12-06,14.316390400000001,0.5118110236220472,,,60.08,48.02
2021-12-07,6.9345016,0.0,,,46.94,35.96
2021-12-08,4.0264848,0.0,,,41.0,35.96
2021-12-09,5.8160336,0.0,,,41.0,32.0
2021-12-10,4.473872,0.011811023622047244,,,48.92,37.94
2021-12-11,15.2111648,0.20078740157480315,,,60.980000000000004,46.94
2021-12-12,8.5003568,0.011811023622047244,,,55.04,39.02
2021-12-13,9.6188248,0.0,,,51.98,39.02
2021-12-14,6.710808,0.0,,,51.98,41.0
2021-12-15,7.3818888,0.0,,,57.92,41.0
2021-12-16,12.303148,0.0,,,57.02,51.98
2021-12-17,7.6055824,0.0,,,60.08,50.0
2021-12-18,6.9345016,0.0,,,53.06,44.06
2021-12-19,11.4083736,0.011811023622047244,,,55.94,31.1
2021-12-20,5.8160336,0.0,,,39.02,28.22
2021-12-21,5.1449527999999995,0.0,,,46.94,33.98
2021-12-22,9.842518400000001,0.0,,,46.94,33.08
2021-12-23,6.710808,0.0,,,39.02,30.2
2021-12-24,7.6055824,0.0,,,53.96,35.96
2021-12-25,8.5003568,0.05118110236220473,,,60.980000000000004,48.92
2021-12-26,6.039727200000001,0.0,,,55.94,42.08
2021-12-27,4.6975656,0.03149606299212599,,,48.02,35.96
2021-12-28,4.2501784,0.011811023622047244,,,48.92,41.0
2021-12-29,4.921259200000001,0.03937007874015748,,,48.92,44.96
2021-12-30,3.1317104,0.11023622047244094,,,48.92,44.96
2021-12-31,4.921259200000001,0.0,,,53.06,46.04
2022-01-01,7.158195200000001,0.11811023622047245,,,59.0,48.92
2022-01-02,8.7240504,0.2204724409448819,,,62.059999999999995,42.08
2022-01-03,20.803504800000002,0.8503937007874017,,,42.08,23.18
2022-01-04,6.9345016,0.0,,,33.98,20.12
2022-01-05,7.6055824,0.0,,,46.94,33.08
2022-01-06,6.9345016,0.0,,,42.980000000000004,35.96
2022-01-07,10.960986400000001,0.20078740157480315,,,35.96,25.16
2022-01-08,7.158195200000001,0.0,,,35.96,22.1
2022-01-09,11.4083736,0.31102362204724415,,,44.06,32.0
2022-01-10,8.947744,0.0,,,44.06,26.240000000000002
2022-01-11,8.947744,0.0,,,26.240000000000002,20.12
2022-01-12,12.7505352,0.0,,,42.08,24.26
2022-01-13,4.6975656,0.0,,,42.980000000000004,35.96
2022-01-14,11.6320672,0.0,,,46.94,28.22
2022-01-15,8.7240504,0.0,,,28.22,18.14
2022-01-16,12.7505352,0.40944881889763785,,,48.02,15.259999999999998
2022-01-17,19.685036800000002,0.5393700787401575,,,50.0,33.98
2022-01-18,10.7372928,0.0,,,39.02,32.0
2022-01-19,13.197922400000001,0.0,,,46.04,32.0
2022-01-20,7.158195200000001,0.16929133858267717,,,46.94,26.240000000000002
2022-01-21,8.0529696,0.0,,,26.240000000000002,19.22
2022-01-22,5.3686464,0.0,,,31.1,20.12
2022-01-23,7.3818888,0.0,,,35.96,26.240000000000002
2022-01-24,7.3818888,0.0,,,42.08,29.12
2022-01-25,8.2766632,0.0,,,44.06,32.0
2022-01-26,6.9345016,0.0,,,32.0,24.26
2022-01-27,4.473872,0.0,,,33.08,21.2
2022-01-28,6.2634208,0.07874015748031496,,,37.94,32.0
2022-01-29,16.1059392,0.7992125984251969,,,32.0,16.16
2022-01-30,8.7240504,0.0,,,27.14,13.100000000000001
2022-01-31,6.710808,0.0,,,33.08,25.16
2022-02-01,5.1449527999999995,0.0,,,35.96,26.240000000000002
2022-02-02,2.6843232,0.0,,,44.96,31.1
2022-02-03,6.9345016,0.011811023622047244,,,50.0,39.02
2022-02-04,13.197922400000001,0.7480314960629921,,,51.98,32.0
2022-02-05,12.303148,0.0,,,32.0,23.18
2022-02-06,6.710808,0.0,,,37.94,20.12
2022-02-07,4.6975656,0.5118110236220472,,,41.0,33.98
2022-02-08,6.710808,0.0,,,44.96,33.08
2022-02-09,6.4871144,0.0,,,46.04,31.1
2022-02-10,6.710808,0.0,,,51.08,39.92
2022-02-11,9.3951312,0.0,,,51.08,41.0
2022-02-12,9.3951312,0.0,,,62.959999999999994,44.96
2022-02-13,6.710808,0.07086614173228346,,,44.96,29.12
2022-02-14,9.6188248,0.0,,,28.22,19.22
2022-02-15,4.921259200000001,0.0,,,32.0,21.2
2022-02-16,8.2766632,0.0,,,46.94,30.2
2022-02-17,14.540084,0.0,,,51.08,46.04
2022-02-18,14.540084,0.12992125984251968,,,55.94,32.0
2022-02-19,11.4083736,0.0,,,44.96,26.240000000000002
2022-02-20,9.6188248,0.0,,,39.92,22.1
2022-02-21,10.289905599999999,0.0,,,48.92,39.92
2022-02-22,12.9742288,0.0,,,51.98,48.02
2022-02-23,10.7372928,0.0,,,69.08,46.04
2022-02-24,10.289905599999999,0.11023622047244094,,,46.04,33.08
2022-02-25,10.289905599999999,0.6181102362204725,,,48.92,35.96
2022-02-26,6.4871144,0.0,,,39.02,28.22
2022-02-27,9.842518400000001,0.0,,,48.02,33.08
2022-02-28,8.2766632,0.0,,,41.0,33.08
2022-03-01,9.842518400000001,0.0,,,48.02,35.96
2022-03-02,7.158195200000001,0.0,,,51.98,44.06
2022-03-03,11.18468,0.0,,,50.0,32.0
2022-03-04,7.6055824,0.0,,,35.96,24.26
2022-03-05,5.8160336,0.0,,,50.0,33.98
2022-03-06,13.8690032,0.05118110236220473,,,57.92,48.02
2022-03-07,14.540084,0.03937007874015748,,,62.959999999999994,51.08
2022-03-08,8.5003568,0.0,,,60.980000000000004,42.980000000000004
2022-03-09,10.5135992,0.421259842519685,,,44.06,37.94
2022-03-10,5.1449527999999995,0.0,,,42.08,37.04
2022-03-11,5.3686464,0.0,,,48.02,35.96
2022-03-12,12.5268416,0.7283464566929134,,,48.02,25.16
2022-03-13,13.197922400000001,0.0,,,41.0,24.26
2022-03-14,11.4083736,0.0,,,50.0,37.04
2022-03-15,9.6188248,0.0,,,53.96,42.980000000000004
2022-03-16,6.4871144,0.0,,,57.92,48.02
2022-03-17,5.59234,0.27165354330708663,,,55.04,48.02
2022-03-18,7.6055824,0.0,,,57.92,48.02
2022-03-19,12.079454400000001,0.0,,,59.0,51.08
2022-03-20,8.7240504,0.0,,,60.08,50.0
2022-03-21,8.2766632,0.0,,,62.959999999999994,44.96
2022-03-22,4.473872,0.0,,,57.92,46.94
2022-03-23,14.9874712,0.3700787401574803,,,51.98,44.06
2022-03-24,9.6188248,0.7716535433070867,,,57.92,44.96
2022-03-25,7.158195200000001,0.01968503937007874,,,60.08,46.94
2022-03-26,11.6320672,0.05118110236220473,,,53.06,42.08
2022-03-27,12.303148,0.0,,,44.96,32.0
2022-03-28,11.6320672,0.0,,,35.06,26.240000000000002
2022-03-29,9.171437599999999,0.0,,,39.92,26.240000000000002
2022-03-30,6.710808,0.0,,,51.08,32.0
2022-03-31,17.4481008,0.0984251968503937,,,60.08,50.0
2022-04-01,12.7505352,0.0,,,57.02,44.06
2022-04-02,8.7240504,0.0,,,50.0,39.02
2022-04-03,7.3818888,0.14173228346456693,,,53.06,42.980000000000004
2022-04-04,8.0529696,0.0,,,55.04,39.02
2022-04-05,6.710808,0.2992125984251969,,,51.08,44.96
2022-04-06,13.8690032,1.2913385826771653,,,53.06,46.04
2022-04-07,12.7505352,0.05118110236220473,,,57.02,46.04
2022-04-08,9.6188248,0.0,,,60.08,46.94
2022-04-09,8.0529696,0.0,,,57.02,46.94
2022-04-10,10.289905599999999,0.0,,,48.92,44.06
2022-04-11,8.7240504,0.0,,,50.0,39.02
2022-04-12,5.8160336,0.0,,,71.96,46.94
2022-04-13,8.0529696,0.0,,,62.959999999999994,53.06
2022-04-14,14.0926968,0.05905511811023623,,,66.02,55.94
2022-04-15,9.842518400000001,0.0,,,64.94,53.06
2022-04-16,13.6453096,0.2913385826771654,,,60.08,50.0
2022-04-17,6.9345016,0.011811023622047244,,,53.06,44.06
2022-04-18,18.7902624,1.0,,,55.04,41.0
2022-04-19,15.8822456,0.0,,,55.94,41.0
2022-04-20,8.5003568,0.0,,,59.0,41.0
2022-04-21,10.066212,0.0,,,53.96,48.92
2022-04-22,6.710808,0.0,,,71.06,51.98
2022-04-23,6.710808,0.0,,,55.04,51.98
2022-04-24,10.7372928,0.0,,,57.02,51.08
2022-04-25,10.7372928,0.0,,,53.96,51.08
2022-04-26,8.5003568,0.03937007874015748,,,68.0,55.04
2022-04-27,10.5135992,0.0,,,59.0,44.96
2022-04-28,13.421616,0.0,,,57.02,37.94
2022-04-29,9.6188248,0.0,,,62.059999999999995,42.08
2022-04-30,8.947744,0.0,,,57.92,44.06
2022-05-01,8.0529696,0.01968503937007874,,,60.08,48.02
2022-05-02,8.0529696,0.2283464566929134,,,71.96,51.98
2022-05-03,12.9742288,0.0,,,53.06,48.92
2022-05-04,5.3686464,0.0,,,60.08,51.08
2022-05-05,7.829276,0.0,,,60.980000000000004,55.04
2022-05-06,11.6320672,0.421259842519685,,,55.94,50.0
2022-05-07,24.3826024,1.5905511811023623,,,51.08,46.94
2022-05-08,21.0271984,0.2913385826771654,,,50.0,46.04
2022-05-09,17.0007136,0.0,,,57.02,44.96
2022-05-10,18.1191816,0.0,,,59.0,51.98
2022-05-11,13.421616,0.0,,,55.94,51.98
2022-05-12,10.5135992,0.01968503937007874,,,55.04,51.08
2022-05-13,6.4871144,0.0,,,59.0,53.06
2022-05-14,4.6975656,1.6417322834645671,,,62.059999999999995,53.96
2022-05-15,6.4871144,0.0,,,68.0,55.04
2022-05-16,9.171437599999999,0.07874015748031496,,,69.08,57.92
2022-05-17,8.7240504,0.0,,,78.08,59.0
2022-05-18,8.7240504,0.0,,,66.02,55.94
2022-05-19,8.5003568,0.42913385826771655,,,73.94,55.94
2022-05-20,8.5003568,0.0,,,69.98,60.980000000000004
2022-05-21,8.5003568,0.0,,,80.06,64.94
2022-05-22,10.066212,0.12992125984251968,,,78.98,66.02
2022-05-23,8.0529696,0.011811023622047244,,,71.96,60.980000000000004
2022-05-24,11.6320672,0.01968503937007874,,,60.08,57.02
2022-05-25,12.079454400000001,0.0,,,60.980000000000004,57.02
2022-05-26,8.947744,0.0,,,64.94,57.02
2022-05-27,8.947744,0.0905511811023622,,,66.92,60.980000000000004
2022-05-28,9.171437599999999,0.0,,,78.08,62.959999999999994
2022-05-29,6.039727200000001,0.0,,,71.06,64.94
2022-05-30,9.171437599999999,0.0,,,75.92,64.94
2022-05-31,7.829276,0.0,,,91.03999999999999,69.98
2022-06-01,9.3951312,0.0,,,78.08,60.980000000000004
2022-06-02,8.0529696,0.3582677165354331,,,78.08,62.059999999999995
2022-06-03,5.1449527999999995,0.011811023622047244,,,71.06,64.94
2022-06-04,7.3818888,0.0,,,75.02,64.04
2022-06-05,9.6188248,0.0,,,69.98,62.959999999999994
2022-06-06,5.8160336,0.0,,,71.96,59.0
2022-06-07,11.8557608,0.0,,,71.96,66.02
2022-06-08,10.066212,0.0,,,80.06,68.0
2022-06-09,11.8557608,0.11023622047244094,,,82.04,68.0
2022-06-10,7.6055824,0.0,,,78.98,62.959999999999994
2022-06-11,5.3686464,0.0,,,75.92,66.92
2022-06-12,7.158195200000001,0.2283464566929134,,,73.04,64.94
2022-06-13,7.829276,0.0,,,80.06,66.92
2022-06-14,6.9345016,0.03937007874015748,,,78.08,66.02
2022-06-15,7.3818888,0.0,,,75.02,64.94
2022-06-16,9.6188248,0.2913385826771654,,,71.06,64.04
2022-06-17,9.171437599999999,0.0,,,91.94,69.08
2022-06-18,10.5135992,0.0,,,75.92,62.959999999999994
2022-06-19,9.3951312,0.0,,,73.04,57.02
2022-06-20,8.0529696,0.0,,,73.94,55.94
2022-06-21,7.158195200000001,0.0,,,75.92,62.959999999999994
2022-06-22,10.960986400000001,0.07874015748031496,,,68.0,62.959999999999994
2022-06-23,7.6055824,0.0,,,69.08,64.04
2022-06-24,7.158195200000001,0.0,,,71.06,62.959999999999994
2022-06-25,9.3951312,0.0,,,82.04,66.92
2022-06-26,10.066212,0.0,,,75.02,69.98
2022-06-27,10.960986400000001,0.3582677165354331,,,75.02,69.98
2022-06-28,6.9345016,0.0,,,73.04,68.0
2022-06-29,9.3951312,0.0,,,75.92,66.92
2022-06-30,9.171437599999999,0.0,,,84.02,69.98
2022-07-01,13.421616,0.0,,,78.08,69.98
2022-07-02,12.9742288,0.12992125984251968,,,78.08,69.98
2022-07-03,5.1449527999999995,0.03937007874015748,,,78.08,69.08
2022-07-04,6.039727200000001,0.0,,,75.92,66.02
2022-07-05,11.18468,0.011811023622047244,,,75.92,69.98
2022-07-06,6.4871144,0.20866141732283466,,,86.0,71.96
2022-07-07,7.829276,1.1299212598425197,,,73.94,69.08
2022-07-08,6.4871144,0.0,,,75.02,68.0
2022-07-09,5.1449527999999995,0.01968503937007874,,,73.94,69.98
2022-07-10,6.9345016,0.0,,,73.94,68.0
2022-07-11,6.710808,0.0,,,73.94,64.94
2022-07-12,13.197922400000001,0.05118110236220473,,,78.98,71.06
2022-07-13,7.3818888,0.0,,,82.04,73.04
2022-07-14,6.4871144,0.0,,,89.96000000000001,75.92
2022-07-15,6.710808,0.0,,,78.98,73.04
2022-07-16,6.039727200000001,0.011811023622047244,,,78.08,71.96
2022-07-17,7.3818888,0.07086614173228346,,,80.06,73.94
2022-07-18,11.6320672,0.0,,,80.06,75.02
2022-07-19,9.171437599999999,0.0,,,87.98,75.02
2022-07-20,10.5135992,0.0,,,87.08000000000001,75.92
2022-07-21,11.4083736,0.0,,,80.96,71.96
2022-07-22,8.2766632,0.0,,,87.08000000000001,71.96
2022-07-23,7.829276,0.0,,,87.08000000000001,75.92
2022-07-24,10.289905599999999,0.0,,,84.91999999999999,73.94
2022-07-25,13.197922400000001,0.5118110236220472,,,78.98,71.06
2022-07-26,5.1449527999999995,0.01968503937007874,,,77.0,69.08
2022-07-27,5.1449527999999995,0.0,,,77.0,69.08
2022-07-28,8.5003568,0.0,,,82.04,71.96
2022-07-29,5.1449527999999995,0.0,,,80.06,73.94
2022-07-30,6.2634208,0.0,,,87.08000000000001,73.94
2022-07-31,6.4871144,0.0,,,78.98,73.04
2022-08-01,4.473872,0.07874015748031496,,,80.06,71.06
2022-08-02,7.829276,0.05905511811023623,,,89.06,73.04
2022-08-03,7.158195200000001,0.0,,,80.96,73.94
2022-08-04,8.5003568,0.0,,,84.02,73.94
2022-08-05,6.9345016,0.0,,,82.94,73.94
2022-08-06,10.7372928,0.0,,,82.04,73.94
2022-08-07,12.7505352,0.0,,,80.96,75.02
2022-08-08,13.421616,0.0,,,78.98,73.04
2022-08-09,10.066212,0.0,,,84.02,71.06
2022-08-10,6.710808,0.03937007874015748,,,80.96,73.04
2022-08-11,6.4871144,0.48031496062992124,,,78.98,71.06
2022-08-12,6.2634208,0.0,,,75.92,66.92
2022-08-13,6.710808,0.0,,,73.04,62.959999999999994
2022-08-14,5.1449527999999995,0.0,,,75.02,69.08
2022-08-15,6.2634208,0.0,,,75.92,66.02
2022-08-16,8.0529696,0.0,,,73.94,64.94
2022-08-17,6.2634208,0.0,,,73.94,66.02
2022-08-18,8.7240504,0.0,,,78.98,66.02
2022-08-19,8.2766632,0.0,,,80.96,71.06
2022-08-20,5.1449527999999995,0.0,,,80.96,73.94
2022-08-21,6.710808,0.0,,,78.08,73.94
2022-08-22,7.158195200000001,0.01968503937007874,,,78.08,73.94
2022-08-23,7.3818888,0.0,,,84.91999999999999,71.96
2022-08-24,6.039727200000001,0.0,,,87.98,71.96
2022-08-25,6.4871144,0.0,,,86.0,73.04
2022-08-26,11.18468,0.0,,,80.96,75.02
2022-08-27,6.9345016,0.0,,,82.04,75.02
2022-08-28,7.3818888,0.0,,,78.98,75.92
2022-08-29,6.9345016,0.0,,,80.06,75.92
2022-08-30,8.5003568,0.03149606299212599,,,80.96,75.02
2022-08-31,8.5003568,0.0,,,84.02,71.96
2022-09-01,7.6055824,0.0,,,86.0,69.08
2022-09-02,8.5003568,0.0,,,73.94,69.98
2022-09-03,6.4871144,0.0,,,75.92,69.98
2022-09-04,7.3818888,0.0,,,78.98,73.04
2022-09-05,7.6055824,0.0,,,78.98,75.02
2022-09-06,12.7505352,2.858267716535433,,,77.0,66.92
2022-09-07,13.421616,0.07874015748031496,,,73.04,69.98
2022-09-08,8.5003568,0.0,,,71.96,66.92
2022-09-09,7.6055824,0.0,,,71.96,64.04
2022-09-10,5.1449527999999995,0.0,,,75.02,64.94
2022-09-11,6.9345016,0.31102362204724415,,,75.92,71.96
2022-09-12,6.710808,0.0,,,78.98,73.94
2022-09-13,8.5003568,0.011811023622047244,,,82.04,69.98
2022-09-14,4.921259200000001,0.0,,,80.06,62.959999999999994
2022-09-15,5.59234,0.0,,,71.96,64.04
2022-09-16,4.0264848,0.0,,,77.0,57.92
2022-09-17,6.4871144,0.0,,,73.94,64.94
2022-09-18,9.842518400000001,0.0,,,77.0,69.08
2022-09-19,9.3951312,0.0,,,78.98,69.98
2022-09-20,6.4871144,0.0,,,80.06,69.98
2022-09-21,6.9345016,0.0,,,75.92,66.92
2022-09-22,12.7505352,0.31102362204724415,,,80.96,59.0
2022-09-23,13.6453096,0.0,,,64.94,51.98
2022-09-24,7.3818888,0.0,,,66.92,48.92
2022-09-25,10.7372928,0.03937007874015748,,,73.94,62.959999999999994
2022-09-26,8.2766632,0.0,,,75.02,64.04
2022-09-27,8.5003568,0.0,,,71.06,59.0
2022-09-28,5.8160336,0.0,,,69.08,53.06
2022-09-29,9.842518400000001,0.0,,,64.04,55.04
2022-09-30,16.3296328,0.07874015748031496,,,64.94,57.92
2022-10-01,16.5533264,1.141732283464567,,,66.02,62.059999999999995
2022-10-02,20.579811199999998,4.019685039370079,,,64.04,53.06
2022-10-03,16.1059392,1.6181102362204727,,,55.94,50.0
2022-10-04,10.5135992,0.7401574803149606,,,59.0,48.92
2022-10-05,8.5003568,0.2204724409448819,,,64.04,59.0
2022-10-06,6.039727200000001,0.0,,,66.02,57.92
2022-10-07,7.6055824,0.0,,,75.02,59.0
2022-10-08,7.3818888,0.0,,,62.959999999999994,48.92
2022-10-09,7.829276,0.0,,,62.059999999999995,46.04
2022-10-10,6.9345016,0.0,,,66.92,51.98
2022-10-11,6.9345016,0.0,,,66.02,53.96
2022-10-12,6.9345016,0.0,,,66.02,55.94
2022-10-13,10.289905599999999,0.2283464566929134,,,69.08,55.94
2022-10-14,5.8160336,0.03149606299212599,,,69.08,53.96
2022-10-15,7.158195200000001,0.0,,,66.02,51.98
2022-10-16,4.921259200000001,0.0,,,68.0,57.02
2022-10-17,9.842518400000001,0.0984251968503937,,,64.94,55.94
2022-10-18,6.710808,0.01968503937007874,,,57.02,46.04
2022-10-19,8.5003568,0.0,,,55.04,44.06
2022-10-20,12.7505352,0.0,,,59.0,46.94
2022-10-21,5.8160336,0.0,,,60.980000000000004,51.08
2022-10-22,4.921259200000001,0.0,,,60.980000000000004,51.08
2022-10-23,12.7505352,0.46850393700787407,,,62.059999999999995,57.92
2022-10-24,6.710808,0.4015748031496063,,,64.04,60.08
2022-10-25,3.355404,0.0,,,64.94,60.980000000000004
2022-10-26,4.921259200000001,0.0,,,66.02,60.08
2022-10-27,5.59234,0.0,,,64.94,51.98
2022-10-28,12.7505352,0.0,,,57.02,50.0
2022-10-29,6.710808,0.0,,,57.02,50.0
2022-10-30,4.473872,0.0,,,60.08,46.94
2022-10-31,5.1449527999999995,0.01968503937007874,,,62.959999999999994,53.96
2022-11-01,6.4871144,0.07874015748031496,,,71.06,60.08
2022-11-02,6.4871144,0.0,,,64.04,57.02
2022-11-03,5.59234,0.0,,,62.959999999999994,53.96
2022-11-04,5.3686464,0.0,,,68.0,55.04
2022-11-05,8.947744,0.0,,,71.06,64.04
2022-11-06,10.066212,0.0,,,69.08,66.02
2022-11-07,7.6055824,0.0,,,80.06,60.980000000000004
2022-11-08,6.710808,0.0,,,60.980000000000004,48.92
2022-11-09,9.6188248,0.0,,,55.94,46.04
2022-11-10,3.8027912,0.0,,,64.04,48.02
2022-11-11,12.079454400000001,0.2795275590551181,,,68.0,62.959999999999994
2022-11-12,11.18468,0.03937007874015748,,,71.06,64.04
2022-11-13,9.3951312,0.0,,,64.04,41.0
2022-11-14,5.8160336,0.0,,,46.94,37.04
2022-11-15,8.0529696,1.0118110236220472,,,59.0,39.02
2022-11-16,7.3818888,0.2795275590551181,,,59.0,42.980000000000004
2022-11-17,10.960986400000001,0.0,,,46.04,37.94
2022-11-18,10.7372928,0.0,,,44.96,33.98
2022-11-19,8.0529696,0.0,,,48.02,33.98
2022-11-20,9.171437599999999,0.0,,,48.02,30.2
2022-11-21,9.3951312,0.0,,,46.04,29.12
2022-11-22,6.9345016,0.0,,,51.08,39.02
2022-11-23,4.921259200000001,0.0,,,57.92,39.92
2022-11-24,4.0264848,0.0,,,55.04,42.08
2022-11-25,8.2766632,0.20866141732283466,,,55.04,46.04
2022-11-26,7.158195200000001,0.0,,,55.04,41.0
2022-11-27,12.079454400000001,0.2992125984251969,,,62.059999999999995,46.94
2022-11-28,9.6188248,0.0,,,57.92,42.980000000000004
2022-11-29,3.8027912,0.0,,,46.04,37.94
2022-11-30,13.197922400000001,0.20866141732283466,,,59.0,44.06
2022-12-01,8.5003568,0.0,,,42.980000000000004,33.98
2022-12-02,5.8160336,0.0,,,53.06,32.0
2022-12-03,14.9874712,0.2795275590551181,,,59.0,46.04
2022-12-04,5.8160336,0.0,,,46.04,37.94
2022-12-05,4.921259200000001,0.0,,,48.02,35.06
2022-12-06,8.7240504,0.27165354330708663,,,59.0,44.96
2022-12-07,8.7240504,0.05118110236220473,,,57.92,53.96
2022-12-08,7.3818888,0.0,,,55.04,46.04
2022-12-09,5.1449527999999995,0.0,,,46.94,37.04
2022-12-10,6.710808,0.0,,,42.980000000000004,33.98
2022-12-11,8.2766632,0.03149606299212599,,,50.0,39.92
2022-12-12,7.6055824,0.011811023622047244,,,42.980000000000004,33.98
2022-12-13,6.039727200000001,0.0,,,42.08,28.22
2022-12-14,6.4871144,0.0,,,42.08,29.12
2022-12-15,15.658552,1.5000000000000002,,,51.08,33.08
2022-12-16,12.303148,0.2204724409448819,,,53.96,41.0
2022-12-17,9.6188248,0.0,,,44.96,37.94
2022-12-18,6.9345016,0.0,,,42.08,32.0
2022-12-19,9.6188248,0.0,,,37.94,30.2
2022-12-20,5.1449527999999995,0.0,,,41.0,29.12
2022-12-21,4.473872,0.0,,,39.92,29.12
2022-12-22,10.960986400000001,0.20866141732283466,,,53.96,33.98
2022-12-23,21.4745856,0.5905511811023623,,,55.94,12.2
2022-12-24,14.7637776,0.0,,,19.22,10.220000000000002
2022-12-25,8.947744,0.0,,,29.12,17.240000000000002
2022-12-26,6.2634208,0.0,,,32.0,19.22
2022-12-27,6.9345016,0.0,,,41.0,29.12
2022-12-28,7.6055824,0.0,,,46.04,30.2
2022-12-29,8.2766632,0.0,,,48.02,39.92
2022-12-30,9.3951312,0.0,,,53.06,37.94
2022-12-31,7.6055824,1.1811023622047245,,,57.92,51.08
2023-01-01,6.710808,0.0,,,57.92,48.02
2023-01-02,4.921259200000001,0.0,,,55.04,44.96
2023-01-03,12.7505352,0.0,,,53.96,48.92
2023-01-04,8.0529696,0.11023622047244094,,,60.980000000000004,51.98
2023-01-05,6.2634208,0.011811023622047244,,,60.08,46.04
2023-01-06,5.3686464,0.03149606299212599,,,50.0,42.08
2023-01-07,6.4871144,0.0,,,46.94,37.94
2023-01-08,6.710808,0.0,,,42.980000000000004,33.98
2023-01-09,7.158195200000001,0.03937007874015748,,,46.04,37.94
2023-01-10,6.2634208,0.0,,,42.980000000000004,33.98
2023-01-11,6.039727200000001,0.0,,,42.08,35.96
2023-01-12,10.066212,0.11023622047244094,,,55.04,39.92
2023-01-13,12.7505352,0.05905511811023623,,,55.94,37.94
2023-01-14,14.0926968,0.0,,,37.94,32.0
2023-01-15,13.421616,0.0,,,42.08,32.0
2023-01-16,9.171437599999999,0.0,,,46.94,29.12
2023-01-17,7.158195200000001,0.0,,,46.04,37.04
2023-01-18,8.947744,0.0,,,55.04,42.08
2023-01-19,8.947744,0.3700787401574803,,,51.98,41.0
2023-01-20,10.066212,0.011811023622047244,,,50.0,41.0
2023-01-21,6.039727200000001,0.0,,,42.08,37.94
2023-01-22,10.289905599999999,0.5984251968503937,,,44.06,37.94
2023-01-23,9.6188248,0.14960629921259844,,,46.04,39.02
2023-01-24,9.842518400000001,0.0,,,46.04,33.98
2023-01-25,11.18468,0.6496062992125985,,,53.96,35.06
2023-01-26,13.6453096,0.16141732283464566,,,53.06,42.08
2023-01-27,8.0529696,0.0,,,42.08,35.96
2023-01-28,8.5003568,0.0,,,51.98,39.92
2023-01-29,9.3951312,0.0,,,50.0,44.96
2023-01-30,5.1449527999999995,0.0,,,51.08,42.980000000000004
2023-01-31,5.59234,0.16929133858267717,,,46.94,35.06
2023-02-01,4.6975656,0.03149606299212599,,,37.94,32.0
2023-02-02,7.158195200000001,0.0,,,39.02,31.1
2023-02-03,12.7505352,0.0,,,35.96,19.22
2023-02-04,10.5135992,0.0,,,33.98,16.16
2023-02-05,15.658552,0.0,,,48.02,33.98
2023-02-06,8.5003568,0.0,,,53.06,39.02
2023-02-07,7.158195200000001,0.0,,,44.06,32.0
2023-02-08,5.59234,0.0,,,57.92,42.980000000000004
2023-02-09,10.5135992,0.0,,,55.04,42.08
2023-02-10,10.289905599999999,0.0,,,60.980000000000004,46.04
2023-02-11,7.6055824,0.0,,,46.04,39.92
2023-02-12,9.3951312,0.4409448818897638,,,42.980000000000004,39.02
2023-02-13,10.066212,0.011811023622047244,,,57.92,39.92
2023-02-14,6.2634208,0.0,,,55.04,42.08
2023-02-15,11.8557608,0.0,,,57.02,46.04
2023-02-16,8.5003568,0.01968503937007874,,,59.0,51.08
2023-02-17,14.316390400000001,0.16929133858267717,,,59.0,35.96
2023-02-18,8.7240504,0.0,,,42.08,31.1
2023-02-19,11.6320672,0.0,,,50.0,37.94
2023-02-20,8.947744,0.0,,,55.94,46.94
2023-02-21,6.710808,0.0984251968503937,,,53.06,42.08
2023-02-22,7.6055824,0.01968503937007874,,,46.94,39.92
2023-02-23,7.6055824,0.0,,,46.94,44.06
2023-02-24,9.3951312,0.0,,,53.06,33.98
2023-02-25,10.5135992,0.011811023622047244,,,35.96,28.22
2023-02-26,9.171437599999999,0.0,,,46.94,32.0
2023-02-27,10.289905599999999,0.40944881889763785,,,44.06,37.94
2023-02-28,8.947744,0.16929133858267717,,,46.94,39.02
2023-03-01,6.710808,0.0,,,46.04,37.94
2023-03-02,5.1449527999999995,0.0,,,59.0,44.06
2023-03-03,13.6453096,0.3582677165354331,,,51.08,37.94
2023-03-04,15.434858400000001,0.1889763779527559,,,57.02,42.08
2023-03-05,6.9345016,0.0,,,57.92,37.04
2023-03-06,7.3818888,0.0,,,55.04,37.94
2023-03-07,12.079454400000001,0.0,,,48.02,35.96
2023-03-08,12.303148,0.0,,,46.94,33.98
2023-03-09,8.2766632,0.0,,,50.0,33.08
2023-03-10,6.039727200000001,0.0984251968503937,,,46.04,35.06
2023-03-11,9.3951312,0.07874015748031496,,,44.96,37.04
2023-03-12,6.710808,0.0,,,42.980000000000004,32.0
2023-03-13,5.8160336,0.2795275590551181,,,46.04,41.0
2023-03-14,16.1059392,0.011811023622047244,,,41.0,35.96
2023-03-15,12.5268416,0.0,,,48.02,33.98
2023-03-16,7.158195200000001,0.0,,,55.94,35.06
2023-03-17,11.8557608,0.0,,,57.92,44.96
2023-03-18,8.947744,0.03149606299212599,,,53.96,42.980000000000004
2023-03-19,9.3951312,0.0,,,42.980000000000004,31.1
2023-03-20,7.158195200000001,0.0,,,44.06,31.1
2023-03-21,9.6188248,0.0,,,53.96,37.04
2023-03-22,9.171437599999999,0.0,,,53.06,44.96
2023-03-23,8.2766632,0.27165354330708663,,,59.0,48.02
2023-03-24,4.921259200000001,0.12992125984251968,,,59.0,44.06
2023-03-25,8.7240504,0.05905511811023623,,,55.04,44.06
2023-03-26,8.0529696,0.0,,,62.059999999999995,48.92
2023-03-27,6.2634208,0.1811023622047244,,,53.96,44.96
2023-03-28,4.921259200000001,0.0,,,50.0,42.08
2023-03-29,7.829276,0.0,,,48.02,39.92
2023-03-30,8.5003568,0.0,,,48.02,35.06
2023-03-31,11.4083736,0.0,,,59.0,42.08
2023-04-01,14.540084,0.42913385826771655,,,62.959999999999994,50.0
2023-04-02,9.842518400000001,0.0,,,53.06,44.06
2023-04-03,8.947744,0.0,,,51.98,42.980000000000004
2023-04-04,11.4083736,0.0,,,60.08,51.98
2023-04-05,8.0529696,0.0,,,59.0,50.0
2023-04-06,9.6188248,0.5393700787401575,,,66.02,55.04
2023-04-07,5.1449527999999995,0.11023622047244094,,,60.08,48.02
2023-04-08,8.947744,0.0,,,48.02,39.92
2023-04-09,7.6055824,0.0,,,48.02,39.92
2023-04-10,8.2766632,0.0,,,51.98,39.92
2023-04-11,11.6320672,0.0,,,62.959999999999994,46.94
2023-04-12,10.066212,0.0,,,80.96,57.02
2023-04-13,9.3951312,0.0,,,82.94,60.08
2023-04-14,10.5135992,0.0,,,69.98,60.08
2023-04-15,6.039727200000001,0.07086614173228346,,,62.959999999999994,55.94
2023-04-16,5.1449527999999995,0.0,,,60.08,53.96
2023-04-17,8.947744,0.03149606299212599,,,66.02,55.94
2023-04-18,10.960986400000001,0.0,,,66.92,46.94
2023-04-19,8.2766632,0.0,,,66.02,46.04
2023-04-20,9.171437599999999,0.0,,,55.04,51.08
2023-04-21,6.2634208,0.0,,,64.04,53.06
2023-04-22,10.289905599999999,0.25984251968503935,,,64.04,57.92
2023-04-23,5.8160336,0.38188976377952755,,,66.92,55.04
2023-04-24,4.921259200000001,0.0,,,59.0,46.94
2023-04-25,4.2501784,0.0,,,60.08,44.96
2023-04-26,4.6975656,0.0,,,55.94,46.94
2023-04-27,9.3951312,0.0984251968503937,,,55.04,51.98
2023-04-28,20.803504800000002,0.7283464566929134,,,55.04,53.06
2023-04-29,9.171437599999999,2.3582677165354333,,,59.0,53.96
2023-04-30,11.18468,1.1299212598425197,,,62.059999999999995,51.98
2023-05-01,14.316390400000001,0.0,,,62.059999999999995,53.06
2023-05-02,10.5135992,0.0,,,57.92,48.02
2023-05-03,6.4871144,0.03149606299212599,,,51.98,48.02
2023-05-04,6.4871144,0.05905511811023623,,,53.06,44.06
2023-05-05,5.1449527999999995,0.03937007874015748,,,55.04,48.92
2023-05-06,5.8160336,0.0,,,64.94,50.0
2023-05-07,8.5003568,0.0,,,66.02,55.94
2023-05-08,6.710808,0.0,,,73.94,60.980000000000004
2023-05-09,6.9345016,0.0,,,64.04,53.96
2023-05-10,8.0529696,0.0,,,60.980000000000004,51.98
2023-05-11,10.066212,0.0,,,69.98,55.94
2023-05-12,8.947744,0.0,,,75.02,60.08
2023-05-13,6.710808,0.14173228346456693,,,71.96,62.959999999999994
2023-05-14,8.5003568,0.0,,,62.959999999999994,57.02
2023-05-15,8.7240504,0.0,,,62.959999999999994,53.06
2023-05-16,10.960986400000001,0.0,,,69.98,60.08
2023-05-17,8.0529696,0.0,,,68.0,53.06
2023-05-18,10.289905599999999,0.0,,,57.02,48.02
2023-05-19,9.6188248,0.011811023622047244,,,62.059999999999995,57.02
2023-05-20,7.6055824,1.1496062992125984,,,64.94,57.92
2023-05-21,6.039727200000001,0.07086614173228346,,,71.96,57.02
2023-05-22,8.2766632,0.0,,,68.0,57.92
2023-05-23,10.7372928,0.0,,,60.08,57.02
2023-05-24,6.9345016,0.0,,,64.94,51.98
2023-05-25,10.960986400000001,0.0,,,60.08,53.96
2023-05-26,6.710808,0.0,,,62.059999999999995,51.98
2023-05-27,5.3686464,0.0,,,66.02,53.96
2023-05-28,7.158195200000001,0.0,,,64.04,59.0
2023-05-29,10.066212,0.0,,,68.0,59.0
2023-05-30,13.6453096,0.0,,,60.980000000000004,57.02
2023-05-31,8.5003568,0.0,,,62.959999999999994,55.94
2023-06-01,7.6055824,0.0,,,69.98,62.059999999999995
2023-06-02,4.2501784,0.0,,,73.94,60.08
2023-06-03,15.2111648,0.0,,,66.92,55.94
2023-06-04,7.829276,0.0,,,59.0,53.96
2023-06-05,5.3686464,0.0,,,69.98,55.04
2023-06-06,7.829276,0.0,,,80.06,59.0
2023-06-07,6.039727200000001,0.0,,,73.94,57.92
2023-06-08,4.6975656,0.0,,,69.08,57.92
2023-06-09,6.039727200000001,0.011811023622047244,,,73.04,57.92
2023-06-10,7.158195200000001,0.0,,,80.06,57.02
2023-06-11,10.289905599999999,0.0,,,73.04,66.02
2023-06-12,12.079454400000001,0.2283464566929134,,,71.06,66.02
2023-06-13,10.066212,0.0,,,75.92,62.059999999999995
2023-06-14,10.5135992,0.0,,,77.0,66.02
2023-06-15,7.158195200000001,0.0,,,78.98,60.980000000000004
2023-06-16,6.039727200000001,0.8582677165354331,,,69.98,62.959999999999994
2023-06-17,6.710808,0.0,,,78.08,60.980000000000004
2023-06-18,6.4871144,0.0,,,82.04,60.980000000000004
2023-06-19,6.039727200000001,0.0,,,73.04,66.92
2023-06-20,10.5135992,0.0,,,69.08,66.02
2023-06-21,18.566568800000002,0.16141732283464566,,,66.02,62.059999999999995
2023-06-22,14.316390400000001,0.2992125984251969,,,62.959999999999994,60.980000000000004
2023-06-23,9.6188248,0.20078740157480315,,,71.96,60.980000000000004
2023-06-24,7.829276,0.24015748031496062,,,73.94,68.0
2023-06-25,6.2634208,0.0,,,77.0,71.06
2023-06-26,9.6188248,0.0,,,75.02,71.06
2023-06-27,8.947744,0.5787401574803149,,,73.04,69.08
2023-06-28,6.039727200000001,0.0,,,80.06,66.92
2023-06-29,7.3818888,0.0,,,75.92,68.0
2023-06-30,7.3818888,0.0,,,77.0,69.08
2023-07-01,7.6055824,0.0,,,73.04,69.98
2023-07-02,10.7372928,0.03149606299212599,,,78.98,73.04
2023-07-03,9.6188248,0.0,,,84.91999999999999,73.94
2023-07-04,7.6055824,0.1811023622047244,,,82.04,71.96
2023-07-05,5.1449527999999995,0.0,,,82.04,73.04
2023-07-06,5.8160336,0.0,,,78.98,73.04
2023-07-07,5.3686464,0.0,,,78.98,75.92
2023-07-08,5.8160336,0.0,,,80.06,75.02
2023-07-09,6.4871144,0.9015748031496063,,,78.98,71.06
2023-07-10,5.59234,0.0,,,82.94,69.98
2023-07-11,6.4871144,0.0,,,82.04,71.06
2023-07-12,8.7240504,0.0,,,87.08000000000001,73.94
2023-07-13,11.18468,0.0,,,80.96,75.92
2023-07-14,11.6320672,0.0,,,82.04,75.02
2023-07-15,8.5003568,0.0,,,80.96,73.94
2023-07-16,7.6055824,0.7007874015748032,,,78.08,71.96
2023-07-17,6.710808,0.0,,,86.0,71.96
2023-07-18,7.158195200000001,0.0,,,82.04,75.92
2023-07-19,4.6975656,0.5196850393700787,,,78.08,71.96
2023-07-20,5.3686464,0.0,,,77.0,71.96
2023-07-21,6.4871144,0.6299212598425197,,,82.04,69.08
2023-07-22,5.3686464,0.0,,,82.94,69.98
2023-07-23,6.4871144,0.0,,,82.94,71.06
2023-07-24,6.710808,0.0,,,80.06,75.92
2023-07-25,5.8160336,0.03149606299212599,,,78.98,71.96
2023-07-26,5.3686464,0.0,,,80.06,71.06
2023-07-27,14.9874712,0.0,,,80.96,77.0
2023-07-28,8.0529696,0.011811023622047244,,,86.0,77.0
2023-07-29,10.066212,0.6299212598425197,,,86.0,73.04
2023-07-30,7.158195200000001,0.0,,,75.92,68.0
2023-07-31,6.9345016,0.0,,,77.0,68.0
2023-08-01,6.4871144,0.0,,,73.94,66.02
2023-08-02,6.710808,0.0,,,73.04,64.04
2023-08-03,8.0529696,0.0,,,75.02,69.98
2023-08-04,7.829276,0.011811023622047244,,,71.96,68.0
2023-08-05,4.0264848,0.0,,,77.0,69.08
2023-08-06,6.710808,0.0,,,78.08,71.96
2023-08-07,10.960986400000001,0.3700787401574803,,,78.08,69.98
2023-08-08,10.7372928,0.0,,,80.06,73.04
2023-08-09,8.0529696,0.0,,,84.02,69.08
2023-08-10,9.171437599999999,0.2204724409448819,,,77.0,71.06
2023-08-11,6.4871144,0.0,,,82.94,69.98
2023-08-12,8.947744,0.0,,,80.06,71.96
2023-08-13,7.6055824,0.0,,,87.98,73.04
2023-08-14,5.8160336,0.3503937007874016,,,84.02,73.94
2023-08-15,9.171437599999999,0.0905511811023622,,,87.98,73.04
2023-08-16,4.6975656,0.0,,,77.0,71.96
2023-08-17,6.4871144,0.0,,,78.08,73.04
2023-08-18,8.7240504,0.0,,,82.04,69.98
2023-08-19,6.9345016,0.0,,,78.98,64.04
2023-08-20,8.947744,0.0,,,80.06,68.0
2023-08-21,6.2634208,0.0,,,86.0,73.94
2023-08-22,8.5003568,0.0,,,80.06,69.08
2023-08-23,6.9345016,0.0,,,73.94,64.04
2023-08-24,7.829276,0.0,,,75.92,71.96
2023-08-25,13.6453096,0.11023622047244094,,,77.0,73.94
2023-08-26,7.158195200000001,0.0,,,80.96,73.04
2023-08-27,6.9345016,0.0,,,77.0,69.98
2023-08-28,12.303148,0.0,,,73.94,73.04
2023-08-29,8.5003568,0.011811023622047244,,,75.92,71.96
2023-08-30,5.59234,1.299212598425197,,,84.02,71.96
2023-08-31,10.066212,0.0,,,73.04,66.02
2023-09-01,8.2766632,0.0,,,69.98,60.980000000000004
2023-09-02,6.039727200000001,0.0,,,71.96,60.08
2023-09-03,8.5003568,0.0,,,87.98,68.0
2023-09-04,5.59234,0.0,,,87.98,73.94
2023-09-05,4.473872,0.0,,,84.91999999999999,77.0
2023-09-06,4.921259200000001,0.0,,,87.98,75.92
2023-09-07,7.158195200000001,0.0,,,84.02,77.0
2023-09-08,8.5003568,0.0,,,80.96,78.08
2023-09-09,7.158195200000001,0.0,,,82.04,75.92
2023-09-10,5.3686464,0.531496062992126,,,78.98,71.06
2023-09-11,4.6975656,0.0,,,78.08,71.06
2023-09-12,6.039727200000001,0.0,,,80.96,69.98
2023-09-13,7.3818888,0.7007874015748032,,,82.04,69.08
2023-09-14,6.4871144,0.0,,,75.02,64.94
2023-09-15,6.9345016,0.0,,,73.94,57.92
2023-09-16,6.710808,0.0,,,78.08,57.92
2023-09-17,7.829276,0.0,,,73.94,62.959999999999994
2023-09-18,5.8160336,0.5708661417322834,,,73.04,64.94
2023-09-19,5.8160336,0.0,,,73.94,60.980000000000004
2023-09-20,4.2501784,0.0,,,75.02,60.08
2023-09-21,6.9345016,0.0,,,69.08,62.059999999999995
2023-09-22,20.803504800000002,0.0,,,69.08,64.94
2023-09-23,23.7115216,2.8818897637795278,,,66.92,62.059999999999995
2023-09-24,10.289905599999999,0.03149606299212599,,,71.96,66.92
2023-09-25,8.5003568,0.07086614173228346,,,69.98,62.059999999999995
2023-09-26,18.1191816,0.07086614173228346,,,64.04,60.08
2023-09-27,14.316390400000001,0.0,,,62.959999999999994,60.980000000000004
2023-09-28,13.421616,0.5708661417322834,,,64.04,62.059999999999995
2023-09-29,8.5003568,0.5787401574803149,,,64.94,62.059999999999995
2023-09-30,6.710808,0.05905511811023623,,,64.94,60.08
2023-10-01,5.1449527999999995,0.0,,,71.96,60.980000000000004
2023-10-02,5.3686464,0.0,,,71.06,62.059999999999995
2023-10-03,4.2501784,0.0,,,71.06,60.08
2023-10-04,4.921259200000001,0.0,,,73.04,62.959999999999994
2023-10-05,5.1449527999999995,0.0,,,71.06,64.04
2023-10-06,5.8160336,0.0,,,71.96,66.92
2023-10-07,7.158195200000001,0.03937007874015748,,,75.02,53.96
2023-10-08,10.7372928,0.0,,,60.980000000000004,51.98
2023-10-09,9.3951312,0.0,,,62.959999999999994,50.0
2023-10-10,6.039727200000001,0.0,,,66.92,53.96
2023-10-11,3.8027912,0.0,,,71.06,57.92
2023-10-12,4.921259200000001,0.0,,,68.0,57.02
2023-10-13,4.473872,0.0,,,66.02,53.96
2023-10-14,9.6188248,0.9685039370078741,,,62.059999999999995,53.96
2023-10-15,9.171437599999999,0.03149606299212599,,,60.980000000000004,50.0
2023-10-16,5.8160336,0.0,,,60.980000000000004,46.04
2023-10-17,4.2501784,0.0,,,60.980000000000004,50.0
2023-10-18,4.0264848,0.0,,,62.059999999999995,53.96
2023-10-19,7.158195200000001,0.0,,,64.04,51.08
2023-10-20,8.0529696,0.38188976377952755,,,66.02,60.08
2023-10-21,10.289905599999999,0.0,,,64.94,55.94
2023-10-22,9.6188248,0.0,,,60.08,50.0
2023-10-23,5.59234,0.0,,,62.059999999999995,46.04
2023-10-24,6.2634208,0.0,,,62.059999999999995,48.92
2023-10-25,9.6188248,0.0,,,66.02,55.94
2023-10-26,7.829276,0.0,,,71.96,60.980000000000004
2023-10-27,6.710808,0.0,,,71.96,62.959999999999994
2023-10-28,6.710808,0.0,,,80.96,64.04
2023-10-29,7.6055824,0.0,,,69.08,62.059999999999995
2023-10-30,8.5003568,0.01968503937007874,,,73.94,51.98
2023-10-31,8.947744,0.01968503937007874,,,53.06,46.04
2023-11-01,11.18468,0.07086614173228346,,,48.92,41.0
2023-11-02,5.8160336,0.0,,,46.94,37.04
2023-11-03,5.8160336,0.0,,,57.02,44.96
2023-11-04,5.1449527999999995,0.0,,,62.059999999999995,48.02
2023-11-05,3.355404,0.0,,,62.959999999999994,48.02
2023-11-06,6.4871144,0.0,,,59.0,46.04
2023-11-07,9.6188248,0.0,,,69.08,55.94
2023-11-08,6.4871144,0.0,,,55.94,48.92
2023-11-09,8.2766632,0.0,,,71.96,51.98
2023-11-10,7.3818888,0.07874015748031496,,,60.08,42.980000000000004
2023-11-11,5.1449527999999995,0.0,,,55.94,42.08
2023-11-12,6.2634208,0.0,,,46.94,39.92
2023-11-13,5.3686464,0.0,,,48.92,35.06
2023-11-14,6.9345016,0.0,,,55.04,44.06
2023-11-15,5.59234,0.0,,,53.96,39.02
2023-11-16,6.710808,0.0,,,60.980000000000004,48.92
2023-11-17,7.829276,0.0,,,64.94,57.02
2023-11-18,9.3951312,0.0,,,60.980000000000004,42.980000000000004
2023-11-19,6.4871144,0.0,,,55.94,39.02
2023-11-20,6.4871144,0.0,,,46.04,37.04
2023-11-21,19.013956,0.5905511811023623,,,57.02,46.04
2023-11-22,8.5003568,1.1181102362204725,,,60.08,48.92
2023-11-23,7.829276,0.0,,,53.96,46.04
2023-11-24,5.8160336,0.0,,,51.98,35.06
2023-11-25,6.2634208,0.0,,,41.0,32.0
2023-11-26,8.947744,0.2283464566929134,,,57.92,37.04
2023-11-27,9.171437599999999,0.0,,,51.98,35.96
2023-11-28,10.960986400000001,0.0,,,39.92,30.2
2023-11-29,9.171437599999999,0.0,,,37.94,26.240000000000002
2023-11-30,9.6188248,0.0,,,50.0,35.96
2023-12-01,8.5003568,0.20078740157480315,,,53.06,46.04
2023-12-02,4.473872,0.0,,,53.96,48.02
2023-12-03,7.6055824,0.3582677165354331,,,55.94,48.02
2023-12-04,7.158195200000001,0.0,,,53.06,42.980000000000004
2023-12-05,4.2501784,0.0,,,44.06,37.94
2023-12-06,7.3818888,0.0,,,42.08,33.98
2023-12-07,6.9345016,0.0,,,42.980000000000004,31.1
2023-12-08,4.2501784,0.0,,,50.0,37.04
2023-12-09,7.158195200000001,0.0,,,53.96,50.0
2023-12-10,12.7505352,1.0905511811023623,,,59.0,53.96
2023-12-11,10.289905599999999,0.5393700787401575,,,57.92,37.04
2023-12-12,7.829276,0.0,,,44.96,33.08
2023-12-13,8.0529696,0.0,,,48.02,37.04
2023-12-14,6.4871144,0.0,,,42.08,32.0
2023-12-15,9.3951312,0.0,,,55.04,35.96
2023-12-16,7.158195200000001,0.0,,,51.98,42.08
2023-12-17,8.5003568,0.3503937007874016,,,55.94,48.02
2023-12-18,14.316390400000001,2.078740157480315,,,60.08,42.980000000000004
2023-12-19,10.289905599999999,0.0,,,42.980000000000004,33.08
2023-12-20,8.7240504,0.0,,,44.06,30.2
2023-12-21,5.8160336,0.0,,,44.96,35.06
2023-12-22,4.921259200000001,0.0,,,39.92,31.1
2023-12-23,2.6843232,0.0,,,44.96,35.96
2023-12-24,2.4606296000000003,0.05118110236220473,,,51.98,41.0
2023-12-25,4.0264848,0.0,,,48.92,42.08
2023-12-26,6.039727200000001,0.0,,,46.94,44.06
2023-12-27,7.6055824,0.11023622047244094,,,53.96,44.96
2023-12-28,5.8160336,0.5905511811023623,,,55.04,50.0
2023-12-29,6.9345016,0.0,,,55.04,44.96
2023-12-30,11.18468,0.0,,,46.04,39.92
2023-12-31,5.3686464,0.0,,,46.04,39.02
2024-01-01,4.2501784,0.0,,,46.04,41.0
2024-01-02,6.4871144,0.0,,,42.980000000000004,32.0
2024-01-03,5.3686464,0.0,,,44.06,32.0
2024-01-04,8.2766632,0.0,,,42.980000000000004,32.0
2024-01-05,7.3818888,0.0,,,37.04,26.240000000000002
2024-01-06,12.303148,1.3385826771653544,,,48.92,32.0
2024-01-07,9.6188248,0.05905511811023623,,,48.02,37.94
2024-01-08,4.921259200000001,0.0,,,46.04,35.96
2024-01-09,16.1059392,2.0118110236220472,,,57.02,42.08
2024-01-10,16.1059392,0.2283464566929134,,,55.04,44.06
2024-01-11,9.171437599999999,0.0,,,46.04,37.94
2024-01-12,9.171437599999999,0.20866141732283466,,,51.98,39.02
2024-01-13,18.342875199999998,0.20866141732283466,,,57.02,37.04
2024-01-14,12.5268416,0.0,,,48.02,30.2
2024-01-15,4.6975656,0.20078740157480315,,,31.1,27.14
2024-01-16,9.6188248,0.33070866141732286,,,42.980000000000004,23.18
2024-01-17,10.289905599999999,0.0,,,26.240000000000002,17.240000000000002
2024-01-18,6.710808,0.0,,,39.02,26.240000000000002
2024-01-19,6.9345016,0.2795275590551181,,,39.92,25.16
2024-01-20,8.947744,0.0,,,26.240000000000002,20.12
2024-01-21,8.2766632,0.0,,,32.0,20.12
2024-01-22,7.3818888,0.0,,,35.06,22.1
2024-01-23,5.59234,0.0,,,42.980000000000004,33.98
2024-01-24,6.9345016,0.0,,,51.08,37.94
2024-01-25,7.158195200000001,0.14960629921259844,,,53.96,46.94
2024-01-26,5.8160336,0.05905511811023623,,,51.08,42.980000000000004
2024-01-27,5.8160336,0.011811023622047244,,,46.94,39.92
2024-01-28,12.9742288,0.8582677165354331,,,44.06,37.94
2024-01-29,8.7240504,0.0,,,39.92,37.04
2024-01-30,6.710808,0.03937007874015748,,,39.02,35.06
2024-01-31,8.7240504,0.0,,,41.0,37.04
2024-02-01,6.039727200000001,0.0,,,44.06,35.06
2024-02-02,4.473872,0.12992125984251968,,,42.980000000000004,41.0
2024-02-03,5.59234,0.0,,,42.08,35.96
2024-02-04,4.6975656,0.0,,,41.0,33.08
2024-02-05,5.3686464,0.0,,,39.92,33.08
2024-02-06,9.171437599999999,0.0,,,37.94,31.1
2024-02-07,5.3686464,0.0,,,41.0,32.0
2024-02-08,5.8160336,0.0,,,46.04,33.98
2024-02-09,8.2766632,0.0,,,48.02,42.08
2024-02-10,6.710808,0.0,,,55.94,46.04
2024-02-11,3.5790976000000003,0.0,,,51.98,42.08
2024-02-12,4.6975656,0.07086614173228346,,,44.06,41.0
2024-02-13,14.9874712,1.0196850393700787,,,41.0,33.98
2024-02-14,8.7240504,0.0,,,39.02,32.0
2024-02-15,9.3951312,0.0,,,42.08,28.22
2024-02-16,8.2766632,0.0,,,42.980000000000004,37.04
2024-02-17,8.0529696,0.20866141732283466,,,41.0,30.2
2024-02-18,12.079454400000001,0.0,,,42.08,28.22
2024-02-19,5.59234,0.0,,,44.96,32.0
2024-02-20,9.3951312,0.0,,,37.04,31.1
2024-02-21,10.5135992,0.0,,,39.02,35.06
2024-02-22,7.158195200000001,0.03149606299212599,,,46.04,33.98
2024-02-23,7.6055824,0.25984251968503935,,,48.92,42.08
2024-02-24,7.6055824,0.0905511811023622,,,44.06,31.1
2024-02-25,7.6055824,0.0,,,39.02,26.240000000000002
2024-02-26,10.066212,0.0,,,46.94,39.02
2024-02-27,11.18468,0.07086614173228346,,,51.08,44.06
2024-02-28,16.5533264,0.1889763779527559,,,55.94,46.04
2024-02-29,8.947744,0.0,,,46.04,33.08
2024-03-01,8.2766632,0.0,,,42.980000000000004,33.98
2024-03-02,11.4083736,1.141732283464567,,,51.98,42.980000000000004
2024-03-03,6.710808,0.0,,,57.92,46.94
2024-03-04,9.3951312,0.0,,,51.98,42.980000000000004
2024-03-05,10.7372928,0.7007874015748032,,,51.98,42.980000000000004
2024-03-06,6.4871144,1.5984251968503937,,,55.04,44.96
2024-03-07,6.4871144,0.33858267716535434,,,53.06,48.02
2024-03-08,9.842518400000001,0.0,,,50.0,42.08
2024-03-09,15.2111648,0.610236220472441,,,53.06,41.0
2024-03-10,15.434858400000001,0.0,,,53.06,35.96
2024-03-11,14.0926968,0.0,,,51.98,37.94
2024-03-12,9.171437599999999,0.0,,,66.02,42.08
2024-03-13,5.3686464,0.0,,,64.94,48.02
2024-03-14,8.5003568,0.0,,,66.02,51.98
2024-03-15,9.6188248,0.1889763779527559,,,71.96,48.02
2024-03-16,8.5003568,0.0,,,51.98,46.04
2024-03-17,8.947744,0.0,,,64.04,48.92
2024-03-18,9.6188248,0.0,,,53.06,37.94
2024-03-19,10.289905599999999,0.0,,,46.04,35.06
2024-03-20,12.7505352,0.0,,,62.059999999999995,39.02
2024-03-21,7.829276,0.0,,,44.06,32.0
2024-03-22,8.0529696,0.0,,,46.04,32.0
2024-03-23,15.2111648,1.220472440944882,,,55.04,33.98
2024-03-24,11.4083736,0.0,,,42.980000000000004,32.0
2024-03-25,13.6453096,0.0,,,44.96,37.94
2024-03-26,13.197922400000001,0.0,,,42.980000000000004,39.92
2024-03-27,6.039727200000001,0.2795275590551181,,,44.96,42.08
2024-03-28,6.2634208,1.7401574803149609,,,48.92,44.06
2024-03-29,10.960986400000001,0.0,,,55.94,39.92
2024-03-30,8.7240504,0.0905511811023622,,,60.08,39.92
2024-03-31,5.3686464,0.011811023622047244,,,62.059999999999995,46.04
2024-04-01,,0.46850393700787407,,,48.92,46.04
2024-04-02,,0.8582677165354331,,,46.94,46.04
2024-04-03,,1.5000000000000002,,,48.92,44.96
2024-04-04,,0.2204724409448819,,,51.98,41.0
2024-04-05,,0.0,,,50.0,42.08
2024-04-06,,0.0,,,51.98,39.92
2024-04-07,,0.0,,,50.0,42.980000000000004
2024-04-08,,0.0,,,55.94,42.980000000000004
2024-04-09,,0.0,,,64.04,48.02
2024-04-10,,0.0,,,60.08,50.0
2024-04-11,,0.05905511811023623,,,60.08,53.96
2024-04-12,,0.33070866141732286,,,66.92,53.06
2024-04-13,,0.03937007874015748,,,60.980000000000004,50.0
2024-04-14,,0.0,,,66.02,48.92
2024-04-15,,0.0,,,77.0,57.92
2024-04-16,,0.0,,,66.92,55.04
2024-04-17,,0.2795275590551181,,,59.0,51.08
2024-04-18,,0.0,,,53.96,46.04
2024-04-19,,0.0,,,48.92,46.94
2024-04-20,,0.03149606299212599,,,66.02,48.02
2024-04-21,,0.0,,,51.08,44.96
2024-04-22,,0.0,,,55.94,42.08
2024-04-23,,0.0,,,53.96,46.04
2024-04-24,,0.0,,,69.98,51.08
2024-04-25,,0.0,,,55.94,44.06
2024-04-26,,0.0,,,48.92,41.0
2024-04-27,,0.0,,,51.98,48.02
2024-04-28,,0.1889763779527559,,,68.0,51.98
2024-04-29,,0.0,,,73.94,62.059999999999995
2024-04-30,8.947744,0.0,,,66.92,53.96
2024-05-01,6.710808,0.0,,,62.059999999999995,53.06
2024-05-02,9.6188248,0.0,,,73.04,53.06
2024-05-03,14.540084,0.0,,,64.04,48.92
2024-05-04,13.6453096,0.0984251968503937,,,50.0,48.02
2024-05-05,11.18468,0.03937007874015748,,,59.0,50.0
2024-05-06,4.473872,0.07086614173228346,,,62.059999999999995,57.02
2024-05-07,5.59234,0.0,,,68.0,60.980000000000004
2024-05-08,8.947744,0.0,,,84.02,57.02
2024-05-09,8.2766632,0.0,,,73.04,55.94
2024-05-10,18.7902624,0.4488188976377953,,,55.94,48.92
2024-05-11,9.6188248,0.0,,,53.96,48.02
2024-05-12,7.829276,0.05118110236220473,,,51.08,48.92
2024-05-13,8.5003568,0.0,,,57.92,48.92
2024-05-14,8.7240504,0.0,,,64.04,55.94
2024-05-15,12.9742288,0.9685039370078741,,,60.08,57.02
2024-05-16,10.960986400000001,0.14960629921259844,,,62.059999999999995,57.92
2024-05-17,8.5003568,0.0,,,64.94,57.02
2024-05-18,4.921259200000001,0.12992125984251968,,,62.059999999999995,55.94
2024-05-19,8.0529696,0.0,,,62.959999999999994,55.04
2024-05-20,6.4871144,0.0,,,60.08,53.96
2024-05-21,7.3818888,0.0,,,66.02,53.96
2024-05-22,10.066212,0.0,,,66.02,60.08
2024-05-23,7.158195200000001,0.0,,,78.08,62.959999999999994
2024-05-24,6.039727200000001,0.0,,,78.08,62.959999999999994
2024-05-25,6.2634208,0.0,,,73.04,64.04
2024-05-26,5.8160336,0.0,,,69.98,64.04
2024-05-27,9.6188248,1.0393700787401574,,,69.98,64.04
2024-05-28,8.5003568,0.0,,,80.06,66.02
2024-05-29,6.4871144,0.0905511811023622,,,73.94,62.059999999999995
2024-05-30,5.59234,0.0,,,71.96,60.08
2024-05-31,6.710808,0.0,,,69.08,55.94
2024-06-01,7.829276,0.0,,,78.08,59.0
2024-06-02,8.947744,0.0,,,71.06,64.94
2024-06-03,6.710808,0.03149606299212599,,,75.92,68.0
2024-06-04,6.039727200000001,0.0,,,69.08,64.04
2024-06-05,7.829276,0.4015748031496063,,,71.96,66.92
2024-06-06,10.289905599999999,0.05905511811023623,,,80.06,68.0
2024-06-07,8.2766632,0.0,,,84.02,69.98
2024-06-08,8.0529696,0.0,,,80.06,66.02
2024-06-09,8.0529696,0.0,,,80.96,68.0
2024-06-10,6.039727200000001,0.0,,,78.08,64.04
2024-06-11,6.039727200000001,0.011811023622047244,,,69.08,62.959999999999994
2024-06-12,7.158195200000001,0.0,,,73.04,62.059999999999995
2024-06-13,8.5003568,0.0,,,73.94,66.02
2024-06-14,10.5135992,0.0984251968503937,,,75.92,66.92
2024-06-15,7.158195200000001,0.0,,,75.02,66.02
2024-06-16,6.710808,0.0,,,73.04,64.04
2024-06-17,10.5135992,0.0,,,73.94,69.08
2024-06-18,10.289905599999999,0.0,,,75.02,69.08
2024-06-19,7.6055824,0.0,,,77.0,69.98
2024-06-20,9.842518400000001,0.0,,,77.0,69.98
2024-06-21,10.289905599999999,0.0,,,78.08,71.06
2024-06-22,10.960986400000001,0.0,,,78.98,71.06
2024-06-23,15.2111648,0.0,,,77.0,68.0
2024-06-24,10.7372928,0.0,,,82.94,68.0
2024-06-25,13.197922400000001,0.0,,,84.91999999999999,68.0
2024-06-26,11.8557608,0.0,,,75.92,66.92
2024-06-27,6.4871144,0.11023622047244094,,,78.08,68.0
2024-06-28,9.6188248,0.0,,,69.98,64.94
2024-06-29,12.303148,0.0,,,75.92,68.0
2024-06-30,9.6188248,2.6496062992125986,,,73.94,69.08
2024-07-01,6.2634208,0.0,,,78.08,64.04
2024-07-02,5.8160336,0.0,,,73.94,64.04
2024-07-03,6.4871144,0.0,,,75.02,66.02
2024-07-04,10.960986400000001,0.0,,,75.02,69.98
2024-07-05,11.4083736,0.0,,,75.92,69.98
2024-07-06,10.960986400000001,0.0,,,78.08,69.98
2024-07-07,4.921259200000001,0.0,,,82.04,69.08
2024-07-08,4.6975656,0.0,,,78.08,69.08
2024-07-09,8.5003568,0.0,,,80.96,71.96
2024-07-10,12.303148,0.0,,,78.08,73.94
2024-07-11,8.2766632,0.011811023622047244,,,82.04,69.98
2024-07-12,7.6055824,0.7283464566929134,,,78.08,69.98
2024-07-13,6.710808,0.05905511811023623,,,78.08,71.06
2024-07-14,6.710808,0.0,,,82.94,73.04
2024-07-15,8.947744,0.0,,,84.91999999999999,71.96
2024-07-16,10.066212,1.0590551181102361,,,82.94,71.96
2024-07-17,9.842518400000001,0.2519685039370079,,,80.96,71.96
2024-07-18,4.6975656,0.0,,,80.96,69.98
2024-07-19,5.8160336,0.0,,,75.02,68.0
2024-07-20,4.921259200000001,0.011811023622047244,,,78.08,69.98
2024-07-21,6.710808,0.0,,,78.08,69.08
2024-07-22,,0.03149606299212599,,,78.08,71.96
2024-07-23,7.6055824,0.0,,,84.02,73.04
2024-07-24,4.473872,0.2283464566929134,,,78.98,71.06
2024-07-25,5.8160336,0.24015748031496062,,,78.98,71.96
2024-07-26,5.59234,0.0,,,78.08,66.92
2024-07-27,4.921259200000001,0.0,,,78.08,68.0
2024-07-28,4.921259200000001,0.0,,,84.02,69.08
2024-07-29,10.7372928,0.0,,,78.08,73.94
2024-07-30,11.6320672,0.0,,,78.08,73.04
2024-07-31,9.842518400000001,0.27165354330708663,,,78.08,71.06
2024-08-01,7.3818888,0.0,,,84.91999999999999,75.02
2024-08-02,9.6188248,0.0,,,80.06,73.94
2024-08-03,8.2766632,0.4409448818897638,,,80.06,69.98
2024-08-04,9.171437599999999,0.0,,,77.0,69.98
2024-08-05,8.2766632,0.0,,,82.04,69.98
2024-08-06,10.960986400000001,0.0,,,77.0,69.08
2024-08-07,7.6055824,1.0511811023622049,,,73.04,66.92
2024-08-08,9.6188248,0.03937007874015748,,,73.04,68.0
2024-08-09,15.434858400000001,0.3503937007874016,,,78.08,68.0
2024-08-10,5.8160336,0.16141732283464566,,,82.94,68.0
2024-08-11,4.921259200000001,0.03937007874015748,,,82.04,69.08
2024-08-12,5.8160336,0.0,,,82.04,68.0
2024-08-13,5.8160336,0.0,,,75.02,66.92
2024-08-14,5.59234,0.0,,,80.06,66.02
2024-08-15,4.921259200000001,0.0,,,78.98,66.92
2024-08-16,6.9345016,0.0,,,82.94,71.06
2024-08-17,8.0529696,0.0,,,77.0,73.94
2024-08-18,9.171437599999999,0.0,,,78.08,73.94
2024-08-19,7.3818888,0.0,,,84.02,71.96
2024-08-20,9.171437599999999,0.0,,,71.96,62.059999999999995
2024-08-21,6.4871144,0.0,,,73.94,57.02
2024-08-22,6.039727200000001,0.0,,,75.92,60.08
2024-08-23,7.158195200000001,0.0,,,75.92,64.94
2024-08-24,6.4871144,0.0,,,78.08,66.02
2024-08-25,7.829276,0.0,,,78.98,66.92
2024-08-26,8.7240504,0.07874015748031496,,,77.0,68.0
2024-08-27,6.039727200000001,0.0,,,75.92,68.0
2024-08-28,7.6055824,0.0,,,84.02,73.04
2024-08-29,13.197922400000001,0.0,,,80.96,69.98
2024-08-30,13.8690032,0.05905511811023623,,,71.96,68.0
2024-08-31,5.59234,0.0,,,75.92,69.08
2024-09-01,8.5003568,0.0,,,80.06,73.04
2024-09-02,6.2634208,0.0,,,80.06,66.02
2024-09-03,10.066212,0.0,,,68.0,59.0
2024-09-04,8.7240504,0.0,,,69.98,57.92
2024-09-05,10.289905599999999,0.0,,,71.06,62.059999999999995
2024-09-06,6.4871144,0.011811023622047244,,,71.06,66.92
2024-09-07,6.9345016,0.011811023622047244,,,73.04,62.059999999999995
2024-09-08,7.6055824,0.0,,,71.06,55.94
2024-09-09,8.0529696,0.0,,,73.94,57.92
2024-09-10,6.710808,0.0,,,78.08,62.959999999999994
2024-09-11,5.3686464,0.0,,,71.96,62.959999999999994
2024-09-12,7.158195200000001,0.0,,,71.96,66.02
2024-09-13,7.3818888,0.0,,,73.04,69.08
2024-09-14,7.6055824,0.0,,,71.96,64.04
2024-09-15,13.197922400000001,0.0,,,71.96,68.0
2024-09-16,13.197922400000001,0.0,,,71.06,68.0
2024-09-17,12.5268416,0.0,,,71.96,69.98
2024-09-18,12.7505352,0.011811023622047244,,,71.96,69.98
2024-09-19,6.2634208,0.0,,,77.0,68.0
2024-09-20,9.3951312,0.0,,,73.94,66.92
2024-09-21,7.6055824,0.0,,,71.96,64.94
2024-09-22,11.6320672,0.0,,,68.0,64.94
2024-09-23,9.842518400000001,0.0,,,66.02,62.059999999999995
2024-09-24,13.197922400000001,0.0,,,66.92,64.94
2024-09-25,14.0926968,0.0,,,69.98,66.02
2024-09-26,7.158195200000001,0.0,,,73.94,69.98
2024-09-27,7.3818888,0.07086614173228346,,,71.96,66.92
2024-09-28,7.6055824,0.33858267716535434,,,75.92,69.08
2024-09-29,12.079454400000001,0.011811023622047244,,,71.06,66.02
2024-09-30,12.079454400000001,0.0,,,68.0,66.02
2024-10-01,14.540084,0.03149606299212599,,,68.0,66.02
2024-10-02,9.842518400000001,0.0,,,66.92,64.04
2024-10-03,5.8160336,0.0,,,68.0,60.980000000000004
2024-10-04,5.1449527999999995,0.0,,,69.08,64.04
2024-10-05,6.9345016,0.0,,,71.06,64.04
2024-10-06,6.2634208,0.0,,,69.08,60.08
2024-10-07,9.3951312,0.0,,,78.08,62.059999999999995
2024-10-08,6.2634208,0.0,,,66.02,55.04
2024-10-09,8.0529696,0.0,,,69.98,55.94
2024-10-10,7.829276,0.0,,,62.059999999999995,48.92
2024-10-11,8.5003568,0.0,,,66.92,46.04
2024-10-12,7.6055824,0.0,,,77.0,57.92
2024-10-13,11.4083736,0.0,,,71.06,62.059999999999995
2024-10-14,11.6320672,0.0,,,69.98,50.0
2024-10-15,7.158195200000001,0.0,,,59.0,46.04
2024-10-16,6.4871144,0.0,,,57.92,44.06
2024-10-17,7.6055824,0.0,,,60.08,44.96
2024-10-18,6.4871144,0.0,,,60.980000000000004,46.94
2024-10-19,3.8027912,0.0,,,64.04,48.92
2024-10-20,6.2634208,0.0,,,68.0,53.06
2024-10-21,6.9345016,0.0,,,71.96,53.96
2024-10-22,6.4871144,0.0,,,73.04,57.92
2024-10-23,7.3818888,0.0,,,69.08,62.959999999999994
2024-10-24,8.5003568,0.0,,,68.0,53.96
2024-10-25,7.158195200000001,0.0,,,62.959999999999994,46.04
2024-10-26,7.6055824,0.0,,,66.92,53.96
2024-10-27,5.8160336,0.0,,,53.96,44.96
2024-10-28,5.1449527999999995,0.0,,,59.0,46.04
2024-10-29,4.6975656,0.0,,,64.04,51.98
2024-10-30,7.829276,0.0,,,69.98,57.02
2024-10-31,10.7372928,0.0,,,73.04,62.959999999999994
2024-11-01,11.8557608,0.0,,,75.02,60.980000000000004
2024-11-02,5.3686464,0.0,,,62.959999999999994,48.92
2024-11-03,7.6055824,0.0,,,53.06,44.06
2024-11-04,8.5003568,0.0,,,60.980000000000004,53.06
2024-11-05,8.947744,0.0,,,66.02,57.92
2024-11-06,10.7372928,0.0,,,71.06,62.959999999999994
2024-11-07,5.3686464,0.0,,,75.92,57.92
2024-11-08,7.158195200000001,0.0,,,69.08,53.96
2024-11-09,6.039727200000001,0.0,,,57.92,46.04
2024-11-10,8.5003568,0.16141732283464566,,,62.959999999999994,46.04
2024-11-11,10.7372928,0.14960629921259844,,,68.0,59.0
2024-11-12,10.5135992,0.0,,,60.08,42.08
2024-11-13,7.829276,0.0,,,46.04,37.94
2024-11-14,7.6055824,0.0,,,51.98,39.02
2024-11-15,6.039727200000001,0.0,,,57.02,44.96
2024-11-16,9.6188248,0.0,,,60.08,46.04
2024-11-17,7.3818888,0.0,,,62.059999999999995,42.980000000000004
2024-11-18,6.710808,0.0,,,66.02,46.94
2024-11-19,5.59234,0.0,,,55.04,48.02
2024-11-20,6.039727200000001,0.0,,,57.92,51.08
2024-11-21,12.079454400000001,0.7913385826771655,,,59.0,41.0
2024-11-22,14.9874712,0.01968503937007874,,,44.96,37.94
2024-11-23,10.066212,0.011811023622047244,,,51.98,37.94
2024-11-24,8.947744,0.0,,,55.04,46.04
2024-11-25,5.3686464,0.0,,,55.04,41.0
2024-11-26,7.829276,0.07086614173228346,,,60.980000000000004,44.96
2024-11-27,3.8027912,0.0,,,53.06,42.08
2024-11-28,10.7372928,0.5118110236220472,,,59.0,42.980000000000004
2024-11-29,9.171437599999999,0.0,,,48.02,33.98
2024-11-30,9.6188248,0.0,,,37.94,30.2
2024-12-01,7.6055824,0.0,,,39.92,28.94
2024-12-02,4.921259200000001,0.0,,,39.92,28.94
2024-12-03,5.59234,0.0,,,42.08,30.02
2024-12-04,12.5268416,0.0,,,46.04,30.02
2024-12-05,16.1059392,0.05905511811023623,,,46.04,30.02
2024-12-06,9.842518400000001,0.0,,,35.96,28.94
2024-12-07,9.842518400000001,0.0,,,41.0,28.94
2024-12-08,11.18468,0.0,,,53.96,39.92
2024-12-09,7.3818888,0.0,,,55.04,42.980000000000004
2024-12-10,5.59234,0.03937007874015748,,,55.04,44.96
2024-12-11,13.8690032,1.0,,,59.0,41.0
2024-12-12,12.303148,0.0,,,44.06,32.0
2024-12-13,4.921259200000001,0.0,,,35.96,28.94
2024-12-14,6.9345016,0.0,,,35.06,28.04
2024-12-15,7.3818888,0.03937007874015748,,,46.04,28.94
2024-12-16,8.7240504,0.6614173228346457,,,53.06,44.96
2024-12-17,8.2766632,0.01968503937007874,,,60.08,46.04
2024-12-18,5.3686464,0.011811023622047244,,,55.94,42.08
2024-12-19,6.4871144,0.011811023622047244,,,51.08,39.02
2024-12-20,7.6055824,0.07874015748031496,,,46.04,33.98
2024-12-21,13.197922400000001,0.011811023622047244,,,35.06,24.08
2024-12-22,8.947744,0.0,,,24.98,17.96
2024-12-23,4.2501784,0.0,,,32.0,12.920000000000002
2024-12-24,5.59234,0.01968503937007874,,,39.92,28.94
2024-12-25,4.0264848,0.0,,,37.94,30.92
2024-12-26,3.8027912,0.0,,,39.02,28.94
2024-12-27,4.0264848,0.0,,,46.04,35.06
2024-12-28,8.5003568,0.14960629921259844,,,51.98,46.04
2024-12-29,13.8690032,0.0,,,57.02,51.08
2024-12-30,10.960986400000001,0.3582677165354331,,,57.92,46.04
2024-12-31,7.3818888,0.2795275590551181,,,55.94,41.0
